edr_chave,edr,ano,chuva_critica_mm,anom_critica_pct,dias_tmax33_critica,chuva_secundaria_mm,anom_secundaria_pct,tmin_fria,dias_frio_fria,chuva_ciclo_mm,rendimento_a1,rendimento_a2,ancora_bienal,delta_bienal,log_capacidade,var_capacidade_pct,razao_preco,capacidade,alvo,anom_ndvi_florada,anom_ndvi_enchimento
ANDRADINA,Andradina,1985,0.0,-100.0,0,0.0,-100.0,,0,0.0,1663.9,1275.9,1469.9,388.0,7.234898420314831,1.61,,1387.0,1682.0,,
ANDRADINA,Andradina,1986,0.0,-100.0,0,0.0,-100.0,,0,0.0,1682.0,1663.9,1540.6000000000001,18.09999999999991,7.2078598714324755,-2.67,,1350.0,1374.1,,
ANDRADINA,Andradina,1987,0.0,-100.0,0,0.0,-100.0,,0,0.0,1374.1,1682.0,1573.3333333333333,-307.9000000000001,6.715383386334681,-38.89,,825.0,1421.2,,
ANDRADINA,Andradina,1988,0.0,-100.0,0,0.0,-100.0,,0,0.0,1421.2,1374.1,1492.4333333333334,47.100000000000136,6.063785208687608,-47.88,,430.0,1434.9,,
ANDRADINA,Andradina,1989,0.0,-100.0,0,0.0,-100.0,,0,0.0,1434.9,1421.2,1410.0666666666668,13.700000000000045,5.455321115357702,-45.58,,234.0,1511.8,,
ANDRADINA,Andradina,1990,0.0,-100.0,0,0.0,-100.0,,0,0.0,1511.8,1434.9,1455.9666666666665,76.89999999999986,6.796823718274855,282.48,,895.0,1176.3,,
ANDRADINA,Andradina,1991,0.0,-100.0,0,0.0,-100.0,,0,0.0,1176.3,1511.8,1374.3333333333333,-335.5,5.998936561946683,-54.97,,403.0,2096.5,,
ANDRADINA,Andradina,1992,0.0,-100.0,0,0.0,-100.0,,0,0.0,2096.5,1176.3,1594.8666666666668,920.2,6.86171134048073,136.97,,955.0,1177.2,,
ANDRADINA,Andradina,1993,0.0,-100.0,0,0.0,-100.0,,0,0.0,1177.2,2096.5,1483.3333333333333,-919.3,6.413458957167357,-36.13,,610.0,2267.8,,
ANDRADINA,Andradina,1994,0.0,-100.0,0,0.0,-100.0,,0,0.0,2267.8,1177.2,1847.1666666666667,1090.6000000000001,7.269616749608169,135.41,,1436.0,1632.7,,
ANDRADINA,Andradina,1995,0.0,-100.0,0,0.0,-100.0,,0,0.0,1632.7,2267.8,1692.5666666666666,-635.1000000000001,6.967909201801884,-26.04,,1062.0,2060.1,,
ANDRADINA,Andradina,1996,0.0,-100.0,0,0.0,-100.0,,0,0.0,2060.1,1632.7,1986.8666666666668,427.39999999999986,6.871091294610546,-9.23,,964.0,2510.1,,
ANDRADINA,Andradina,1997,0.0,-100.0,0,0.0,-100.0,,0,0.0,2510.1,2060.1,2067.633333333333,450.0,6.796823718274855,-7.16,1.157,895.0,1750.0,,
ANDRADINA,Andradina,1998,0.0,-100.0,0,0.0,-100.0,,0,0.0,1750.0,2510.1,2106.7333333333336,-760.0999999999999,6.98100574072173,20.22,1.189,1076.0,2098.3,,
ANDRADINA,Andradina,1999,0.0,-100.0,0,0.0,-100.0,,0,0.0,2098.3,1750.0,2119.4666666666667,348.3000000000002,6.495265555937008,-38.48,0.885,662.0,2404.8,,
ANDRADINA,Andradina,2000,0.0,-100.0,0,595.9,16.6,,0,595.9,2404.8,2098.3,2084.366666666667,306.5,6.222576268071369,-23.87,1.361,504.0,2679.1,,
ANDRADINA,Andradina,2001,416.7,-4.3,38,520.7,1.9,2.3,0,937.4,2679.1,2404.8,2394.0666666666666,274.2999999999997,6.236369590203704,1.39,1.116,511.0,2964.4,,
ANDRADINA,Andradina,2002,507.7,16.6,15,465.8,-8.9,4.9,0,973.5,2964.4,2679.1,2682.766666666667,285.3000000000002,6.437751649736401,22.31,0.86,625.0,2372.0,,
ANDRADINA,Andradina,2003,368.9,-15.3,43,668.1,30.7,8.1,0,1037.0,2372.0,2964.4,2671.8333333333335,-592.4000000000001,5.799092654460526,-47.2,1.315,330.0,2090.9,,
ANDRADINA,Andradina,2004,371.6,-14.6,35,384.8,-24.7,7.4,0,756.4,2090.9,2372.0,2475.7666666666664,-281.0999999999999,5.676753802268282,-11.52,1.415,292.0,1596.7,,
ANDRADINA,Andradina,2005,511.2,17.4,18,310.1,-39.3,5.0,0,821.3,1596.7,2090.9,2019.8666666666668,-494.20000000000005,7.644919344958857,615.75,1.005,2090.0,2754.8,,
ANDRADINA,Andradina,2006,400.1,-8.1,32,689.6,34.9,7.5,0,1089.7,2754.8,1596.7,2147.4666666666667,1158.1000000000001,7.580699752224563,-6.22,0.789,1960.0,2612.9,,
ANDRADINA,Andradina,2007,541.1,24.3,21,630.3,23.3,7.8,0,1171.4,2612.9,2754.8,2321.4666666666667,-141.9000000000001,7.132497551660044,-36.12,0.967,1252.0,2424.9,,
ANDRADINA,Andradina,2008,279.2,-35.9,49,542.8,6.2,6.1,0,822.1,2424.9,2612.9,2597.5333333333333,-188.0,4.808111029984782,-90.22,1.26,122.5,2342.9,,
ANDRADINA,Andradina,2009,279.8,-35.7,52,668.6,30.8,8.5,0,948.4,2342.9,2424.9,2460.2333333333336,-82.0,6.441743671005939,412.24,1.048,627.5,1809.8,,
ANDRADINA,Andradina,2010,578.2,32.8,10,666.2,30.4,5.9,0,1244.3,1809.8,2342.9,2192.5333333333333,-533.1000000000001,6.040254711277414,-33.07,0.761,420.0,2500.0,,
ANDRADINA,Andradina,2011,333.7,-23.3,18,849.1,66.2,8.4,0,1182.8,2500.0,1809.8,2217.566666666667,690.2,6.745236349484363,102.38,1.115,850.0,2617.6,,
ANDRADINA,Andradina,2012,488.3,12.2,23,335.2,-34.4,2.7,0,823.5,2617.6,2500.0,2309.1333333333337,117.59999999999991,6.336825731146441,-33.53,1.191,565.0,2057.5,,
ANDRADINA,Andradina,2013,377.9,-13.2,50,462.3,-9.5,6.5,0,840.2,2057.5,2617.6,2391.7000000000003,-560.0999999999999,7.0909098220799835,112.57,1.041,1201.0,2614.7,,
ANDRADINA,Andradina,2014,277.8,-36.2,45,368.2,-28.0,3.8,0,645.9,2614.7,2057.5,2429.933333333333,557.1999999999998,6.9411900550683745,-13.91,0.943,1034.0,1725.3,,
ANDRADINA,Andradina,2015,408.5,-6.2,28,478.1,-6.4,7.9,0,886.6,1725.3,2614.7,2132.5,-889.3999999999999,6.760414691083428,-16.54,0.99,863.0,3012.5,,
ANDRADINA,Andradina,2016,639.5,46.9,25,491.6,-3.8,12.3,0,1131.1,3012.5,1725.3,2450.8333333333335,1287.2,6.637258031284457,-11.59,1.099,763.0,3337.8,,
ANDRADINA,Andradina,2017,345.3,-20.7,28,494.3,-3.3,3.8,0,839.6,3337.8,3012.5,2691.866666666667,325.3000000000002,7.58629630715272,158.32,1.385,1971.0,2736.2,,
ANDRADINA,Andradina,2018,710.2,63.2,20,439.0,-14.1,6.0,0,1149.2,2736.2,3337.8,3028.8333333333335,-601.6000000000004,7.61085279039525,2.49,0.905,2020.0,3789.6,,
ANDRADINA,Andradina,2019,444.0,2.0,22,370.7,-27.5,6.8,0,814.7,3789.6,2736.2,3287.8666666666663,1053.4,7.789454566086673,19.55,0.951,2415.0,3523.5,,
ANDRADINA,Andradina,2020,426.7,-2.0,49,385.7,-24.5,3.9,0,812.4,3523.5,3789.6,3349.7666666666664,-266.0999999999999,7.429520842786462,-30.23,1.236,1685.0,3073.0,,
ANDRADINA,Andradina,2021,179.9,-58.7,75,219.9,-57.0,7.7,0,399.8,3073.0,3523.5,3462.0333333333333,-450.5,7.44600149832412,1.66,1.285,1713.0,3616.6,,
ANDRADINA,Andradina,2022,291.8,-33.0,60,422.4,-17.3,4.4,0,714.3,3616.6,3073.0,3404.366666666667,543.5999999999999,7.333023014386481,-10.68,1.395,1530.0,3520.4,,
ANDRADINA,Andradina,2023,341.0,-21.7,33,472.6,-7.5,6.7,0,813.6,3520.4,3616.6,3403.3333333333335,-96.19999999999982,7.1891677384203225,-13.4,1.426,1325.0,3622.6,,
ANDRADINA,Andradina,2024,286.7,-34.1,82,309.9,-39.4,6.7,0,596.6,3622.6,3520.4,3586.5333333333333,102.19999999999982,7.377133712833954,20.68,1.245,1599.0,3885.7,,
ANDRADINA,Andradina,2025,442.8,1.7,41,221.0,-56.8,6.9,0,663.8,3885.7,3622.6,3676.233333333333,263.0999999999999,7.438383530044307,6.32,1.047,1700.0,3728.7,,
ANDRADINA,Andradina,2026,321.5,-26.2,61,252.0,-50.7,4.2,0,573.4,3728.7,3885.7,3745.6666666666665,-157.0,7.438383530044307,0.0,0.764,1700.0,,,
ARARAQUARA,Araraquara,1985,0.0,-100.0,0,0.0,-100.0,,0,0.0,1782.4,1159.6,1471.0,622.8000000000002,8.465899897028686,35.33,,4750.0,1694.7,,
ARARAQUARA,Araraquara,1986,0.0,-100.0,0,0.0,-100.0,,0,0.0,1694.7,1782.4,1545.5666666666668,-87.70000000000005,8.349957272040324,-10.95,,4230.0,1790.2,,
ARARAQUARA,Araraquara,1987,0.0,-100.0,0,0.0,-100.0,,0,0.0,1790.2,1694.7,1755.7666666666667,95.5,8.639410824140487,33.57,,5650.0,1224.6,,
ARARAQUARA,Araraquara,1988,0.0,-100.0,0,0.0,-100.0,,0,0.0,1224.6,1790.2,1569.8333333333333,-565.6000000000001,8.151909872940905,-38.58,,3470.0,1017.3,,
ARARAQUARA,Araraquara,1989,0.0,-100.0,0,0.0,-100.0,,0,0.0,1017.3,1224.6,1344.033333333333,-207.29999999999995,8.074649075066652,-7.44,,3212.0,1402.3,,
ARARAQUARA,Araraquara,1990,0.0,-100.0,0,0.0,-100.0,,0,0.0,1402.3,1017.3,1214.7333333333333,385.0,8.285261134068948,23.44,,3965.0,1326.0,,
ARARAQUARA,Araraquara,1991,0.0,-100.0,0,0.0,-100.0,,0,0.0,1326.0,1402.3,1248.5333333333335,-76.29999999999995,8.670257567143075,46.96,,5827.0,2017.8,,
ARARAQUARA,Araraquara,1992,0.0,-100.0,0,0.0,-100.0,,0,0.0,2017.8,1326.0,1582.0333333333335,691.8,8.973984926689743,35.49,,7895.0,1962.8,,
ARARAQUARA,Araraquara,1993,0.0,-100.0,0,0.0,-100.0,,0,0.0,1962.8,2017.8,1768.8666666666668,-55.0,8.25712628599743,-51.17,,3855.0,2002.6,,
ARARAQUARA,Araraquara,1994,0.0,-100.0,0,0.0,-100.0,,0,0.0,2002.6,1962.8,1994.3999999999999,39.799999999999955,8.450198322591959,21.3,,4676.0,1925.3,,
ARARAQUARA,Araraquara,1995,0.0,-100.0,0,0.0,-100.0,,0,0.0,1925.3,2002.6,1963.5666666666666,-77.29999999999995,8.88599431515281,54.62,,7230.0,2032.2,,
ARARAQUARA,Araraquara,1996,0.0,-100.0,0,0.0,-100.0,,0,0.0,2032.2,1925.3,1986.7,106.90000000000009,8.333270353255308,-42.46,,4160.0,1804.4,,
ARARAQUARA,Araraquara,1997,0.0,-100.0,0,0.0,-100.0,,0,0.0,1804.4,2032.2,1920.6333333333334,-227.79999999999995,7.886081401775745,-36.06,1.157,2660.0,1798.9,,
ARARAQUARA,Araraquara,1998,0.0,-100.0,0,0.0,-100.0,,0,0.0,1798.9,1804.4,1878.5,-5.5,7.474204806496124,-33.76,1.189,1762.0,1774.8,,
ARARAQUARA,Araraquara,1999,0.0,-100.0,0,0.0,-100.0,,0,0.0,1774.8,1798.9,1792.7,-24.100000000000136,7.901377353792616,53.29,0.885,2701.0,2121.4,,
ARARAQUARA,Araraquara,2000,0.0,-100.0,0,699.6,28.6,,0,699.6,2121.4,1774.8,1898.3666666666668,346.60000000000014,7.414572881350589,-38.54,1.361,1660.0,2009.6,,
ARARAQUARA,Araraquara,2001,567.8,25.7,20,469.7,-13.6,0.9,1,1037.5,2009.6,2121.4,1968.6000000000001,-111.80000000000018,8.262558973010657,133.49,1.116,3876.0,2067.9,,
ARARAQUARA,Araraquara,2002,566.6,25.4,10,707.3,30.0,5.4,0,1273.9,2067.9,2009.6,2066.2999999999997,58.30000000000018,7.835974581721566,-34.73,0.86,2530.0,1942.7,,
ARARAQUARA,Araraquara,2003,445.4,-1.4,32,699.6,28.6,5.7,0,1145.0,1942.7,2067.9,2006.7333333333336,-125.20000000000005,7.705262474866325,-12.25,1.315,2220.0,2162.2,,
ARARAQUARA,Araraquara,2004,540.3,19.6,16,633.6,16.5,5.8,0,1173.9,2162.2,1942.7,2057.6,219.49999999999977,8.266164436612492,75.23,1.415,3890.0,2337.1,,
ARARAQUARA,Araraquara,2005,504.8,11.7,10,571.5,5.1,6.0,0,1076.3,2337.1,2162.2,2147.333333333333,174.9000000000001,7.613324979540639,-47.94,1.005,2025.0,2337.0,,
ARARAQUARA,Araraquara,2006,532.6,17.9,15,603.4,10.9,8.1,0,1136.1,2337.0,2337.1,2278.766666666667,-0.09999999999990905,7.649692623711514,3.7,0.789,2100.0,1888.1,,
ARARAQUARA,Araraquara,2007,507.9,12.4,8,679.2,24.9,6.8,0,1187.1,1888.1,2337.0,2187.4,-448.9000000000001,7.700747794511798,5.24,0.967,2210.0,1911.8,,
ARARAQUARA,Araraquara,2008,363.5,-19.5,31,582.6,7.1,4.5,0,946.1,1911.8,1888.1,2045.6333333333332,23.700000000000045,7.882314918980268,19.91,1.26,2650.0,2141.5,,
ARARAQUARA,Araraquara,2009,412.8,-8.6,19,621.1,14.2,7.4,0,1033.9,2141.5,1911.8,1980.4666666666665,229.70000000000005,7.313220387090301,-43.4,1.048,1500.0,2090.0,,
ARARAQUARA,Araraquara,2010,658.7,45.8,3,444.2,-18.3,3.4,0,1102.9,2090.0,2141.5,2047.7666666666667,-51.5,6.79346613258001,-40.53,0.761,892.0,2197.3,,
ARARAQUARA,Araraquara,2011,297.5,-34.1,23,678.7,24.8,6.5,0,976.2,2197.3,2090.0,2142.9333333333334,107.30000000000018,7.919356190660617,208.3,1.115,2750.0,2697.7,,
ARARAQUARA,Araraquara,2012,481.8,6.6,8,372.0,-31.6,3.5,0,853.8,2697.7,2197.3,2328.3333333333335,500.39999999999964,7.6255950721324535,-25.45,1.191,2050.0,2274.4,,
ARARAQUARA,Araraquara,2013,414.3,-8.3,28,590.7,8.6,5.9,0,1005.0,2274.4,2697.7,2389.8,-423.2999999999997,7.6638772587034705,3.9,1.041,2130.0,2510.0,,
ARARAQUARA,Araraquara,2014,362.0,-19.9,13,249.3,-54.2,6.4,0,611.3,2510.0,2274.4,2494.0333333333333,235.5999999999999,7.512071245835466,-14.08,0.943,1830.0,2254.1,,
ARARAQUARA,Araraquara,2015,388.6,-14.0,21,461.2,-15.2,7.3,0,849.7,2254.1,2510.0,2346.1666666666665,-255.9000000000001,8.09712193091871,79.51,0.99,3285.0,2665.8,,
ARARAQUARA,Araraquara,2016,484.3,7.2,22,668.6,22.9,10.1,0,1152.9,2665.8,2254.1,2476.633333333333,411.7000000000003,7.346010209913293,-52.82,1.099,1550.0,3024.2,,
ARARAQUARA,Araraquara,2017,354.0,-21.6,13,470.2,-13.6,3.1,0,824.2,3024.2,2665.8,2648.0333333333333,358.39999999999964,8.160518247477505,125.81,1.385,3500.0,2078.6,,
ARARAQUARA,Araraquara,2018,387.9,-14.1,23,485.6,-10.7,5.2,0,873.6,2078.6,3024.2,2589.5333333333333,-945.5999999999999,7.736307096548285,-34.57,0.905,2290.0,3776.9,,
ARARAQUARA,Araraquara,2019,465.9,3.1,9,373.0,-31.4,5.7,0,838.9,3776.9,2078.6,2959.9,1698.3000000000002,7.912056888179006,19.21,0.951,2730.0,3322.8,,
ARARAQUARA,Araraquara,2020,299.1,-33.8,41,517.2,-4.9,4.4,0,816.3,3322.8,3776.9,3059.433333333334,-454.0999999999999,7.396335293800808,-40.29,1.236,1630.0,3009.2,,
ARARAQUARA,Araraquara,2021,208.0,-54.0,48,222.1,-59.2,6.3,0,430.1,3009.2,3322.8,3369.633333333333,-313.60000000000036,7.951559331155252,74.23,1.285,2840.0,3262.8,,
ARARAQUARA,Araraquara,2022,372.1,-17.6,28,523.7,-3.7,2.5,0,895.8,3262.8,3009.2,3198.2666666666664,253.60000000000036,8.174702882469461,25.0,1.395,3550.0,2975.7,,
ARARAQUARA,Araraquara,2023,407.6,-9.8,24,420.1,-22.8,4.2,0,827.7,2975.7,3262.8,3082.566666666667,-287.10000000000036,8.333270353255308,17.18,1.426,4160.0,2916.3,,
ARARAQUARA,Araraquara,2024,298.8,-33.9,65,266.9,-50.9,5.5,0,565.7,2916.3,2975.7,3051.6,-59.399999999999636,7.940939762327791,-32.45,1.245,2810.0,2815.8,,
ARARAQUARA,Araraquara,2025,539.0,19.3,18,201.5,-62.9,5.2,0,740.5,2815.8,2916.3,2902.6,-100.5,8.264878262801748,38.26,1.047,3885.0,3007.1,,
ARARAQUARA,Araraquara,2026,354.1,-21.6,31,397.9,-26.9,2.7,0,751.9,3007.1,2815.8,2913.066666666667,191.29999999999973,8.264878262801748,0.0,0.764,3885.0,,,
ARACATUBA,Araçatuba,1985,0.0,-100.0,0,0.0,-100.0,,0,0.0,1980.9,1501.1,1741.0,479.8000000000002,9.79657027019005,100.94,,17972.0,1982.5,,
ARACATUBA,Araçatuba,1986,0.0,-100.0,0,0.0,-100.0,,0,0.0,1982.5,1980.9,1821.5,1.599999999999909,9.402529747968487,-32.57,,12119.0,1497.6,,
ARACATUBA,Araçatuba,1987,0.0,-100.0,0,0.0,-100.0,,0,0.0,1497.6,1982.5,1820.3333333333333,-484.9000000000001,9.189116735524555,-19.22,,9790.0,1030.9,,
ARACATUBA,Araçatuba,1988,0.0,-100.0,0,0.0,-100.0,,0,0.0,1030.9,1497.6,1503.6666666666667,-466.6999999999998,8.676246121270838,-40.12,,5862.0,2043.4,,
ARACATUBA,Araçatuba,1989,0.0,-100.0,0,0.0,-100.0,,0,0.0,2043.4,1030.9,1523.9666666666665,1012.5,8.646992628951082,-2.88,,5693.0,1744.8,,
ARACATUBA,Araçatuba,1990,0.0,-100.0,0,0.0,-100.0,,0,0.0,1744.8,2043.4,1606.3666666666668,-298.60000000000014,8.744328763999984,10.22,,6275.0,1661.2,,
ARACATUBA,Araçatuba,1991,0.0,-100.0,0,0.0,-100.0,,0,0.0,1661.2,1744.8,1816.4666666666665,-83.59999999999991,8.712430973476739,-3.14,,6078.0,1900.1,,
ARACATUBA,Araçatuba,1992,0.0,-100.0,0,0.0,-100.0,,0,0.0,1900.1,1661.2,1768.7,238.89999999999986,8.62317351495347,-8.54,,5559.0,2138.0,,
ARACATUBA,Araçatuba,1993,0.0,-100.0,0,0.0,-100.0,,0,0.0,2138.0,1900.1,1899.7666666666667,237.9000000000001,8.014666370464942,-45.58,,3025.0,1844.6,,
ARACATUBA,Araçatuba,1994,0.0,-100.0,0,0.0,-100.0,,0,0.0,1844.6,2138.0,1960.8999999999999,-293.4000000000001,7.79770203551669,-19.5,,2435.0,1855.1,,
ARACATUBA,Araçatuba,1995,0.0,-100.0,0,0.0,-100.0,,0,0.0,1855.1,1844.6,1945.8999999999999,10.5,7.776954403322442,-2.05,,2385.0,2014.0,,
ARACATUBA,Araçatuba,1996,0.0,-100.0,0,0.0,-100.0,,0,0.0,2014.0,1855.1,1904.5666666666666,158.9000000000001,7.6251071482389,-14.09,,2049.0,2287.0,,
ARACATUBA,Araçatuba,1997,0.0,-100.0,0,0.0,-100.0,,0,0.0,2287.0,2014.0,2052.0333333333333,273.0,7.651595573857601,2.68,1.157,2104.0,2269.0,,
ARACATUBA,Araçatuba,1998,0.0,-100.0,0,0.0,-100.0,,0,0.0,2269.0,2287.0,2190.0,-18.0,7.789868559054706,14.83,1.189,2416.0,2239.9,,
ARACATUBA,Araçatuba,1999,0.0,-100.0,0,0.0,-100.0,,0,0.0,2239.9,2269.0,2265.2999999999997,-29.09999999999991,7.77863014732581,-1.12,0.885,2389.0,1978.2,,
ARACATUBA,Araçatuba,2000,0.0,-100.0,0,627.7,21.7,,0,627.7,1978.2,2239.9,2162.366666666667,-261.70000000000005,8.101677747454572,38.13,1.361,3300.0,1892.8,,
ARACATUBA,Araçatuba,2001,394.4,-3.0,32,536.1,4.0,1.3,1,930.5,1892.8,1978.2,2036.9666666666665,-85.40000000000009,7.80016307039296,-26.03,1.116,2441.0,2290.0,,
ARACATUBA,Araçatuba,2002,538.0,32.3,14,549.0,6.5,4.3,0,1087.0,2290.0,1892.8,2053.6666666666665,397.20000000000005,6.942156705699469,-57.6,0.86,1035.0,2179.2,,
ARACATUBA,Araçatuba,2003,309.0,-24.0,40,704.1,36.5,7.4,0,1013.1,2179.2,2290.0,2120.6666666666665,-110.80000000000018,5.631211781821365,-73.04,1.315,279.0,2360.2,,
ARACATUBA,Araçatuba,2004,386.0,-5.1,22,479.0,-7.1,6.6,0,865.0,2360.2,2179.2,2276.4666666666667,181.0,6.350362019399812,105.27,1.415,572.7,3026.5,,
ARACATUBA,Araçatuba,2005,480.7,18.2,9,439.1,-14.9,4.3,0,919.7,3026.5,2360.2,2521.9666666666667,666.3000000000002,7.260522598089852,148.47,1.005,1423.0,2182.3,,
ARACATUBA,Araçatuba,2006,350.9,-13.7,20,600.0,16.3,6.9,0,950.8,2182.3,3026.5,2523.0,-844.1999999999998,6.894467384655202,-30.65,0.789,986.8,2304.8,,
ARACATUBA,Araçatuba,2007,493.1,21.3,18,696.1,35.0,7.8,0,1189.2,2304.8,2182.3,2504.5333333333333,122.5,7.200051688984663,35.74,0.967,1339.5,3067.0,,
ARACATUBA,Araçatuba,2008,314.2,-22.7,33,581.4,12.7,5.2,0,895.6,3067.0,2304.8,2518.0333333333333,762.1999999999998,7.9131917750867045,104.04,1.26,2733.1,2229.2,,
ARACATUBA,Araçatuba,2009,365.5,-10.1,31,673.9,30.7,6.5,0,1039.3,2229.2,3067.0,2533.6666666666665,-837.8000000000002,7.751475318021456,-14.93,1.048,2325.0,3204.5,,
ARACATUBA,Araçatuba,2010,598.5,47.2,5,443.2,-14.1,4.8,0,1041.7,3204.5,2229.2,2833.566666666667,975.3000000000002,7.89655270164304,15.61,0.761,2688.0,2814.2,,
ARACATUBA,Araçatuba,2011,272.5,-33.0,23,687.1,33.2,7.8,0,959.5,2814.2,3204.5,2749.2999999999997,-390.3000000000002,8.21878715560148,38.02,1.115,3710.0,2463.9,,
ARACATUBA,Araçatuba,2012,331.5,-18.5,38,268.8,-47.9,2.6,0,600.2,2463.9,2814.2,2827.5333333333333,-350.2999999999997,8.130117948419663,-8.49,1.191,3395.2,2768.5,,
ARACATUBA,Araçatuba,2013,368.2,-9.5,42,466.3,-9.6,5.8,0,834.5,2768.5,2463.9,2682.2,304.5999999999999,8.109856332675276,-2.01,1.041,3327.1,3057.1,,
ARACATUBA,Araçatuba,2014,215.2,-47.1,43,305.9,-40.7,3.4,0,521.1,3057.1,2768.5,2763.1666666666665,288.5999999999999,7.972121128921655,-12.87,0.943,2899.0,2193.6,,
ARACATUBA,Araçatuba,2015,394.1,-3.1,21,463.1,-10.2,7.3,0,857.1,2193.6,3057.1,2673.0666666666666,-863.5,8.255932317988899,32.82,0.99,3850.4,2449.4,,
ARACATUBA,Araçatuba,2016,600.6,47.7,20,591.0,14.6,11.9,0,1191.6,2449.4,2193.6,2566.7000000000003,255.80000000000018,7.797052954272479,-36.8,1.099,2433.42,2389.2,,
ARACATUBA,Araçatuba,2017,320.6,-21.1,17,450.1,-12.7,3.4,0,770.7,2389.2,2449.4,2344.066666666667,-60.20000000000027,6.925300458197886,-58.18,1.385,1017.7,2283.8,,
ARACATUBA,Araçatuba,2018,601.3,47.9,22,482.2,-6.5,5.5,0,1083.5,2283.8,2389.2,2374.133333333333,-105.39999999999964,7.56734567601324,90.04,0.905,1934.0,3446.2,,
ARACATUBA,Araçatuba,2019,462.2,13.7,15,405.2,-21.4,6.0,0,867.5,3446.2,2283.8,2706.4,1162.3999999999996,8.153349757998892,79.68,0.951,3475.0,2734.7,,
ARACATUBA,Araçatuba,2020,336.1,-17.3,46,492.5,-4.5,4.0,0,828.6,2734.7,3446.2,2821.566666666667,-711.5,8.787220328629298,88.49,1.236,6550.0,3407.6,,
ARACATUBA,Araçatuba,2021,246.9,-39.3,52,319.1,-38.1,7.0,0,566.0,3407.6,2734.7,3196.1666666666665,672.9000000000001,8.892473968347087,11.1,1.285,7277.0,3522.4,,
ARACATUBA,Araçatuba,2022,367.7,-9.6,46,478.6,-7.2,3.5,0,846.4,3522.4,3407.6,3221.566666666667,114.80000000000018,9.052399183907607,17.34,1.395,8539.0,3428.2,,
ARACATUBA,Araçatuba,2023,356.0,-12.4,34,418.5,-18.8,6.2,0,774.6,3428.2,3522.4,3452.7333333333336,-94.20000000000027,9.00380808646717,-4.74,1.426,8134.0,3641.2,,
ARACATUBA,Araçatuba,2024,250.8,-38.3,83,287.3,-44.3,6.6,0,538.1,3641.2,3428.2,3530.6,213.0,9.139917907679637,14.58,1.245,9320.0,2754.8,,
ARACATUBA,Araçatuba,2025,434.7,6.9,29,193.7,-62.4,7.0,0,628.4,2754.8,3641.2,3274.7333333333336,-886.3999999999996,8.528548475454372,-45.74,1.047,5057.1,4499.2,,
ARACATUBA,Araçatuba,2026,417.4,2.7,39,270.8,-47.5,2.7,0,688.2,4499.2,2754.8,3631.7333333333336,1744.3999999999996,8.528548475454372,0.0,0.764,5057.1,,,
ASSIS,Assis,1985,0.0,-100.0,0,0.0,-100.0,,0,0.0,1707.3,1663.2,1685.25,44.09999999999991,9.227492430793749,28.77,,10173.0,2085.0,,
ASSIS,Assis,1986,0.0,-100.0,0,0.0,-100.0,,0,0.0,2085.0,1707.3,1818.5,377.70000000000005,9.040382074165628,-17.06,,8437.0,1245.3,,
ASSIS,Assis,1987,0.0,-100.0,0,0.0,-100.0,,0,0.0,1245.3,2085.0,1679.2,-839.7,9.356430077848078,37.17,,11573.0,1623.4,,
ASSIS,Assis,1988,0.0,-100.0,0,0.0,-100.0,,0,0.0,1623.4,1245.3,1651.2333333333333,378.10000000000014,8.88875674784872,-37.35,,7250.0,2120.2,,
ASSIS,Assis,1989,0.0,-100.0,0,0.0,-100.0,,0,0.0,2120.2,1623.4,1662.9666666666665,496.7999999999997,9.086476384753796,21.86,,8835.0,1721.1,,
ASSIS,Assis,1990,0.0,-100.0,0,0.0,-100.0,,0,0.0,1721.1,2120.2,1821.5666666666666,-399.0999999999999,8.663023639627777,-34.52,,5785.0,1619.9,,
ASSIS,Assis,1991,0.0,-100.0,0,0.0,-100.0,,0,0.0,1619.9,1721.1,1820.3999999999999,-101.19999999999982,8.836373930927389,18.93,,6880.0,1683.5,,
ASSIS,Assis,1992,0.0,-100.0,0,0.0,-100.0,,0,0.0,1683.5,1619.9,1674.8333333333333,63.59999999999991,9.043695294567236,23.04,,8465.0,1874.3,,
ASSIS,Assis,1993,0.0,-100.0,0,0.0,-100.0,,0,0.0,1874.3,1683.5,1725.9000000000003,190.79999999999995,8.806873266530692,-21.09,,6680.0,1940.5,,
ASSIS,Assis,1994,0.0,-100.0,0,0.0,-100.0,,0,0.0,1940.5,1874.3,1832.7666666666667,66.20000000000005,8.628734566149145,-16.32,,5590.0,1521.9,,
ASSIS,Assis,1995,0.0,-100.0,0,0.0,-100.0,,0,0.0,1521.9,1940.5,1778.8999999999999,-418.5999999999999,8.77043908654689,15.22,,6441.0,1857.4,,
ASSIS,Assis,1996,0.0,-100.0,0,0.0,-100.0,,0,0.0,1857.4,1521.9,1773.2666666666667,335.5,8.737131611781498,-3.28,,6230.0,1959.9,,
ASSIS,Assis,1997,0.0,-100.0,0,0.0,-100.0,,0,0.0,1959.9,1857.4,1779.7333333333336,102.5,8.685246776412487,-5.06,1.157,5915.0,1733.8,,
ASSIS,Assis,1998,0.0,-100.0,0,0.0,-100.0,,0,0.0,1733.8,1959.9,1850.3666666666668,-226.10000000000014,8.851949671253948,18.14,1.189,6988.0,2291.7,,
ASSIS,Assis,1999,0.0,-100.0,0,0.0,-100.0,,0,0.0,2291.7,1733.8,1995.1333333333332,557.8999999999999,8.724369949208368,-11.98,0.885,6151.0,1977.0,,
ASSIS,Assis,2000,0.0,-100.0,0,572.6,14.6,,0,572.6,1977.0,2291.7,2000.8333333333333,-314.6999999999998,8.57866451350434,-13.56,1.361,5317.0,1762.7,,
ASSIS,Assis,2001,421.0,-4.6,27,521.6,4.4,-0.1,2,942.7,1762.7,1977.0,2010.4666666666665,-214.29999999999995,8.601534339849989,2.31,1.116,5440.0,1983.5,,
ASSIS,Assis,2002,467.8,6.0,18,509.9,2.1,2.4,0,977.7,1983.5,1762.7,1907.7333333333333,220.79999999999995,8.416709652837914,-16.88,0.86,4522.0,2114.6,,
ASSIS,Assis,2003,441.1,-0.0,32,596.3,19.4,6.3,0,1037.4,2114.6,1983.5,1953.6000000000001,131.0999999999999,8.70549681988774,33.48,1.315,6036.0,2009.4,,
ASSIS,Assis,2004,376.2,-14.7,19,376.5,-24.6,5.6,0,752.7,2009.4,2114.6,2035.8333333333333,-105.19999999999982,8.793915423631676,9.24,1.415,6594.0,2165.9,,
ASSIS,Assis,2005,537.1,21.7,5,465.1,-6.9,4.0,0,1002.2,2165.9,2009.4,2096.633333333333,156.5,8.727940222393896,-6.38,1.005,6173.0,1803.9,,
ASSIS,Assis,2006,403.0,-8.6,11,479.1,-4.1,5.7,0,882.2,1803.9,2165.9,1993.0666666666668,-362.0,8.769817872052617,4.28,0.789,6437.0,1922.6,,
ASSIS,Assis,2007,469.7,6.5,24,620.3,24.2,7.3,0,1090.0,1922.6,1803.9,1964.1333333333332,118.69999999999982,8.533263371593732,-21.07,0.967,5081.0,1852.4,,
ASSIS,Assis,2008,384.4,-12.9,36,467.1,-6.5,4.4,0,851.5,1852.4,1922.6,1859.6333333333332,-70.19999999999982,8.499029220788566,-3.37,1.26,4910.0,2269.9,,
ASSIS,Assis,2009,327.7,-25.7,34,633.2,26.8,5.2,0,960.8,2269.9,1852.4,2014.9666666666665,417.5,8.589327789175437,9.45,1.048,5374.0,2578.3,,
ASSIS,Assis,2010,696.4,57.9,0,538.0,7.7,3.3,0,1234.5,2578.3,2269.9,2233.5333333333333,308.4000000000001,8.847359875474174,29.44,0.761,6956.0,2290.8,,
ASSIS,Assis,2011,339.9,-23.0,15,515.9,3.3,6.5,0,855.9,2290.8,2578.3,2379.6666666666665,-287.5,8.90449432889673,5.88,1.115,7365.0,2880.6,,
ASSIS,Assis,2012,367.6,-16.7,33,294.7,-41.0,1.8,1,662.3,2880.6,2290.8,2583.233333333333,589.7999999999997,9.161675199994901,29.33,1.191,9525.0,3583.2,,
ASSIS,Assis,2013,332.0,-24.8,51,412.1,-17.5,5.5,0,744.0,3583.2,2880.6,2918.1999999999994,702.5999999999999,9.065430200180375,-9.18,1.041,8651.0,3773.0,,
ASSIS,Assis,2014,314.8,-28.6,36,413.4,-17.2,2.4,0,728.2,3773.0,3583.2,3412.2666666666664,189.80000000000018,9.18399639663658,12.59,0.943,9740.0,2370.6,,
ASSIS,Assis,2015,418.1,-5.2,26,448.0,-10.3,6.7,0,866.1,2370.6,3773.0,3242.2666666666664,-1402.4,9.185022563991893,0.1,0.99,9750.0,4025.6,,
ASSIS,Assis,2016,772.3,75.1,12,697.5,39.7,8.3,0,1469.8,4025.6,2370.6,3389.7333333333336,1655.0,9.244258590179644,6.1,1.099,10345.0,3664.1,,
ASSIS,Assis,2017,358.0,-18.8,18,476.8,-4.5,2.7,0,834.8,3664.1,4025.6,3353.433333333333,-361.5,9.234545060673,-0.97,1.385,10245.0,3922.0,,
ASSIS,Assis,2018,569.1,29.0,20,607.1,21.5,5.3,0,1176.2,3922.0,3664.1,3870.566666666667,257.9000000000001,9.232982102457008,-0.16,0.905,10229.0,4192.4,,
ASSIS,Assis,2019,484.4,9.8,5,458.0,-8.3,5.4,0,942.4,4192.4,3922.0,3926.1666666666665,270.39999999999964,9.23941361946189,0.65,0.951,10295.0,3808.9,,
ASSIS,Assis,2020,342.9,-22.3,48,458.5,-8.2,3.4,0,801.4,3808.9,4192.4,3974.433333333333,-383.49999999999955,9.17419492533983,-6.31,1.236,9645.0,3902.9,,
ASSIS,Assis,2021,271.2,-38.5,51,395.9,-20.7,6.0,0,667.1,3902.9,3808.9,3968.066666666667,94.0,9.227689010310796,5.5,1.285,10175.0,4023.8,,
ASSIS,Assis,2022,347.8,-21.2,39,476.1,-4.7,2.9,0,823.9,4023.8,3902.9,3911.866666666667,120.90000000000009,9.305650551780507,8.11,1.395,11000.0,3693.2,,
ASSIS,Assis,2023,411.9,-6.6,9,591.1,18.3,5.9,0,1003.0,3693.2,4023.8,3873.2999999999997,-330.60000000000036,9.254357257392957,-5.0,1.426,10450.0,3897.1,,
ASSIS,Assis,2024,346.5,-21.5,67,307.0,-38.5,6.6,0,653.6,3897.1,3693.2,3871.3666666666663,203.9000000000001,9.43747594455993,20.1,1.245,12550.0,2606.5,,
ASSIS,Assis,2025,431.4,-2.2,31,224.9,-55.0,5.5,0,656.4,2606.5,3897.1,3398.933333333333,-1290.6,9.595602772766828,17.13,1.047,14700.0,3332.1,,
ASSIS,Assis,2026,510.7,15.8,25,320.8,-35.8,1.5,1,831.5,3332.1,2606.5,3278.566666666667,725.5999999999999,9.595602772766828,0.0,0.764,14700.0,,,
BARRETOS,Barretos,1985,0.0,-100.0,0,0.0,-100.0,,0,0.0,2196.9,2079.7,2138.3,117.20000000000027,8.752107198329362,38.75,,6324.0,2321.8,,
BARRETOS,Barretos,1986,0.0,-100.0,0,0.0,-100.0,,0,0.0,2321.8,2196.9,2199.4666666666667,124.90000000000009,8.459775920546287,-25.35,,4721.0,2302.4,,
BARRETOS,Barretos,1987,0.0,-100.0,0,0.0,-100.0,,0,0.0,2302.4,2321.8,2273.7000000000003,-19.40000000000009,8.033009498596668,-34.74,,3081.0,1956.8,,
BARRETOS,Barretos,1988,0.0,-100.0,0,0.0,-100.0,,0,0.0,1956.8,2302.4,2193.6666666666665,-345.60000000000014,7.539027055823995,-38.98,,1880.0,2148.9,,
BARRETOS,Barretos,1989,0.0,-100.0,0,0.0,-100.0,,0,0.0,2148.9,1956.8,2136.0333333333333,192.10000000000014,6.856461984594587,-49.47,,950.0,1960.5,,
BARRETOS,Barretos,1990,0.0,-100.0,0,0.0,-100.0,,0,0.0,1960.5,2148.9,2022.0666666666666,-188.4000000000001,6.897704943128636,4.21,,990.0,2703.3,,
BARRETOS,Barretos,1991,0.0,-100.0,0,0.0,-100.0,,0,0.0,2703.3,1960.5,2270.9,742.8000000000002,7.234898420314831,40.1,,1387.0,2442.2,,
BARRETOS,Barretos,1992,0.0,-100.0,0,0.0,-100.0,,0,0.0,2442.2,2703.3,2368.6666666666665,-261.10000000000036,7.00033446027523,-20.91,,1097.0,2276.7,,
BARRETOS,Barretos,1993,0.0,-100.0,0,0.0,-100.0,,0,0.0,2276.7,2442.2,2474.0666666666666,-165.5,7.471932078245122,60.26,,1758.0,1528.7,,
BARRETOS,Barretos,1994,0.0,-100.0,0,0.0,-100.0,,0,0.0,1528.7,2276.7,2082.5333333333333,-747.9999999999998,7.170119543449628,-26.05,,1300.0,1173.1,,
BARRETOS,Barretos,1995,0.0,-100.0,0,0.0,-100.0,,0,0.0,1173.1,1528.7,1659.5,-355.60000000000014,7.423568444259167,28.85,,1675.0,2697.8,,
BARRETOS,Barretos,1996,0.0,-100.0,0,0.0,-100.0,,0,0.0,2697.8,1173.1,1799.8666666666668,1524.7000000000003,6.194405391104672,-70.75,,490.0,2816.3,,
BARRETOS,Barretos,1997,0.0,-100.0,0,0.0,-100.0,,0,0.0,2816.3,2697.8,2229.066666666667,118.5,7.6255950721324535,318.37,1.157,2050.0,2500.0,,
BARRETOS,Barretos,1998,0.0,-100.0,0,0.0,-100.0,,0,0.0,2500.0,2816.3,2671.366666666667,-316.3000000000002,8.506334448081361,141.27,1.189,4946.0,2511.3,,
BARRETOS,Barretos,1999,0.0,-100.0,0,0.0,-100.0,,0,0.0,2511.3,2500.0,2609.2000000000003,11.300000000000182,8.306472160100585,-18.12,0.885,4050.0,2502.5,,
BARRETOS,Barretos,2000,0.0,-100.0,0,839.8,46.7,,0,839.8,2502.5,2511.3,2504.6,-8.800000000000182,6.79346613258001,-77.98,1.361,892.0,2706.1,,
BARRETOS,Barretos,2001,464.1,2.8,30,421.1,-26.4,4.3,0,885.2,2706.1,2502.5,2573.3,203.5999999999999,7.251344983372214,58.07,1.116,1410.0,2890.1,,
BARRETOS,Barretos,2002,601.0,33.1,14,721.8,26.1,6.1,0,1322.8,2890.1,2706.1,2699.5666666666666,184.0,5.834810737062605,-75.74,0.86,342.0,2575.4,,
BARRETOS,Barretos,2003,415.8,-7.9,36,848.2,48.2,8.2,0,1264.0,2575.4,2890.1,2723.866666666667,-314.6999999999998,6.198478716492308,43.86,1.315,492.0,2704.9,,
BARRETOS,Barretos,2004,396.0,-12.3,23,601.7,5.1,7.7,0,997.7,2704.9,2575.4,2723.4666666666667,129.5,7.228388451573604,180.08,1.415,1378.0,3172.4,,
BARRETOS,Barretos,2005,494.3,9.5,25,551.4,-3.7,7.8,0,1045.7,3172.4,2704.9,2817.566666666667,467.5,8.000349495324684,116.4,1.005,2982.0,2910.7,,
BARRETOS,Barretos,2006,432.8,-4.2,34,675.0,17.9,9.8,0,1107.9,2910.7,3172.4,2929.3333333333335,-261.7000000000003,7.803026643632217,-17.91,0.789,2448.0,3234.8,,
BARRETOS,Barretos,2007,560.3,24.1,9,786.2,37.3,8.9,0,1346.5,3234.8,2910.7,3105.9666666666667,324.10000000000036,8.318205523313098,67.39,0.967,4097.8,2122.2,,
BARRETOS,Barretos,2008,288.5,-36.1,41,720.4,25.9,7.2,0,1008.9,2122.2,3234.8,2755.9,-1112.6000000000004,8.178077463849608,-13.08,1.26,3562.0,3198.4,,
BARRETOS,Barretos,2009,482.7,6.9,41,648.7,13.3,9.5,0,1131.3,3198.4,2122.2,2851.8000000000006,1076.2000000000003,8.437067146936952,29.56,1.048,4615.0,3390.6,,
BARRETOS,Barretos,2010,503.9,11.6,13,492.6,-13.9,5.8,0,996.5,3390.6,3198.4,2903.7333333333336,192.19999999999982,8.344029572407049,-8.88,0.761,4205.0,3494.8,,
BARRETOS,Barretos,2011,355.1,-21.4,26,768.1,34.2,9.5,0,1123.2,3494.8,3390.6,3361.2666666666664,104.20000000000027,8.572968426883651,25.73,1.115,5286.8,2767.7,,
BARRETOS,Barretos,2012,509.2,12.8,13,469.0,-18.1,5.6,0,978.2,2767.7,3494.8,3217.7000000000003,-727.1000000000004,8.638791163163726,6.8,1.191,5646.5,4030.0,,
BARRETOS,Barretos,2013,407.8,-9.7,39,548.4,-4.2,7.2,0,956.2,4030.0,2767.7,3430.8333333333335,1262.3000000000002,8.638525476583762,-0.03,1.041,5645.0,4053.0,,
BARRETOS,Barretos,2014,433.8,-3.9,18,360.9,-37.0,7.0,0,794.7,4053.0,4030.0,3616.9,23.0,8.872935700772928,26.42,0.943,7136.2,3468.0,,
BARRETOS,Barretos,2015,375.5,-16.8,32,406.3,-29.0,9.7,0,781.8,3468.0,4053.0,3850.3333333333335,-585.0,8.80131894766524,-6.91,0.99,6643.0,3935.0,,
BARRETOS,Barretos,2016,446.0,-1.2,30,684.6,19.6,11.8,0,1130.5,3935.0,3468.0,3818.6666666666665,467.0,8.985320060649112,20.2,1.099,7985.0,4175.9,,
BARRETOS,Barretos,2017,413.6,-8.4,25,419.7,-26.7,4.7,0,833.3,4175.9,3935.0,3859.633333333333,240.89999999999964,9.261793653565098,31.85,1.385,10528.0,3988.2,,
BARRETOS,Barretos,2018,531.1,17.6,23,485.0,-15.3,7.6,0,1016.1,3988.2,4175.9,4033.033333333333,-187.69999999999982,9.281544130982514,1.99,0.905,10738.0,3603.4,,
BARRETOS,Barretos,2019,497.9,10.3,10,341.3,-40.4,8.8,0,839.2,3603.4,3988.2,3922.5,-384.7999999999997,9.332929617059934,5.27,0.951,11304.2,2525.8,,
BARRETOS,Barretos,2020,422.3,-6.5,42,498.0,-13.0,5.4,0,920.4,2525.8,3603.4,3372.466666666667,-1077.6,9.137339479091693,-17.77,1.236,9296.0,3722.8,,
BARRETOS,Barretos,2021,377.1,-16.5,42,282.7,-50.6,9.0,0,659.8,3722.8,2525.8,3284.0,1197.0,9.168893182062009,3.21,1.285,9594.0,3423.8,,
BARRETOS,Barretos,2022,536.6,18.8,23,471.5,-17.6,4.4,0,1008.2,3423.8,3722.8,3224.1333333333337,-299.0,9.229113057299466,6.21,1.395,10189.5,3845.8,,
BARRETOS,Barretos,2023,394.3,-12.7,37,609.6,6.5,6.3,0,1003.9,3845.8,3423.8,3664.1333333333337,422.0,9.03884005381381,-17.33,1.426,8424.0,4157.0,,
BARRETOS,Barretos,2024,387.6,-14.2,71,392.0,-31.5,7.6,0,779.6,4157.0,3845.8,3808.866666666667,311.1999999999998,8.665320050123023,-31.17,1.245,5798.3,3490.0,,
BARRETOS,Barretos,2025,628.9,39.3,18,210.6,-63.2,9.2,0,839.5,3490.0,4157.0,3830.933333333333,-667.0,8.696928072313424,3.21,1.047,5984.5,3704.1,,
BARRETOS,Barretos,2026,355.5,-21.3,54,526.7,-8.0,5.8,0,882.2,3704.1,3490.0,3783.7000000000003,214.0999999999999,8.696928072313424,0.0,0.764,5984.5,,,
BAURU,Bauru,1985,0.0,-100.0,0,0.0,-100.0,,0,0.0,1378.7,1504.2,1441.45,-125.5,7.277938572945661,167.16,,1448.0,1575.6,,
BAURU,Bauru,1986,0.0,-100.0,0,0.0,-100.0,,0,0.0,1575.6,1378.7,1486.1666666666667,196.89999999999986,6.79794041297493,-38.12,,896.0,1753.2,,
BAURU,Bauru,1987,0.0,-100.0,0,0.0,-100.0,,0,0.0,1753.2,1575.6,1569.1666666666667,177.60000000000014,7.660585461703256,136.94,,2123.0,861.6,,
BAURU,Bauru,1988,0.0,-100.0,0,0.0,-100.0,,0,0.0,861.6,1753.2,1396.8,-891.6,7.323830566202317,-28.59,,1516.0,979.6,,
BAURU,Bauru,1989,0.0,-100.0,0,0.0,-100.0,,0,0.0,979.6,861.6,1198.1333333333334,118.0,6.385194398997726,-60.88,,593.0,1154.7,,
BAURU,Bauru,1990,0.0,-100.0,0,0.0,-100.0,,0,0.0,1154.7,979.6,998.6333333333333,175.10000000000002,6.248042874508429,-12.82,,517.0,1370.6,,
BAURU,Bauru,1991,0.0,-100.0,0,0.0,-100.0,,0,0.0,1370.6,1154.7,1168.3,215.89999999999986,6.251903883165888,0.39,,519.0,1372.8,,
BAURU,Bauru,1992,0.0,-100.0,0,0.0,-100.0,,0,0.0,1372.8,1370.6,1299.3666666666666,2.2000000000000455,6.20050917404269,-5.01,,493.0,2015.7,,
BAURU,Bauru,1993,0.0,-100.0,0,0.0,-100.0,,0,0.0,2015.7,1372.8,1586.3666666666668,642.9000000000001,5.225746673713202,-62.27,,186.0,2088.7,,
BAURU,Bauru,1994,0.0,-100.0,0,0.0,-100.0,,0,0.0,2088.7,2015.7,1825.7333333333333,72.99999999999977,4.68213122712422,-41.94,,108.0,2145.8,,
BAURU,Bauru,1995,0.0,-100.0,0,0.0,-100.0,,0,0.0,2145.8,2088.7,2083.4,57.100000000000364,4.663439094112067,-1.85,,106.0,1991.7,,
BAURU,Bauru,1996,0.0,-100.0,0,0.0,-100.0,,0,0.0,1991.7,2145.8,2075.4,-154.10000000000014,4.382026634673881,-24.53,,80.0,2031.2,,
BAURU,Bauru,1997,0.0,-100.0,0,0.0,-100.0,,0,0.0,2031.2,1991.7,2056.2333333333336,39.5,4.007333185232471,-31.25,1.157,55.0,3204.5,,
BAURU,Bauru,1998,0.0,-100.0,0,0.0,-100.0,,0,0.0,3204.5,2031.2,2409.133333333333,1173.3,4.02535169073515,1.82,1.189,56.0,2473.2,,
BAURU,Bauru,1999,0.0,-100.0,0,0.0,-100.0,,0,0.0,2473.2,3204.5,2569.633333333333,-731.3000000000002,3.4011973816621555,-46.43,0.885,30.0,2275.0,,
BAURU,Bauru,2000,0.0,-100.0,0,592.5,22.6,,0,592.5,2275.0,2473.2,2650.9,-198.19999999999982,3.5553480614894135,16.67,1.361,35.0,2585.7,,
BAURU,Bauru,2001,466.6,8.9,29,509.4,5.4,-0.7,3,976.0,2585.7,2275.0,2444.633333333333,310.6999999999998,3.6109179126442243,5.71,1.116,37.0,2250.0,,
BAURU,Bauru,2002,546.6,27.5,18,556.6,15.2,3.0,0,1103.2,2250.0,2585.7,2370.233333333333,-335.6999999999998,0.6931471805599453,-94.59,0.86,2.0,3000.0,,
BAURU,Bauru,2003,405.4,-5.4,37,588.2,21.7,5.2,0,993.6,3000.0,2250.0,2611.9,750.0,0.6931471805599453,0.0,1.315,2.0,,,
BAURU,Bauru,2004,487.7,13.8,20,477.1,-1.3,4.7,0,964.8,,3000.0,2625.0,,4.8283137373023015,,1.415,125.0,2460.0,,
BAURU,Bauru,2005,542.9,26.7,11,437.7,-9.4,4.9,0,980.5,2460.0,,2730.0,,6.656726524178391,522.4,1.005,778.0,2211.4,,
BAURU,Bauru,2006,452.3,5.5,18,435.1,-10.0,5.7,0,887.4,2211.4,2460.0,2335.7,-248.5999999999999,6.126869184114185,-41.13,0.789,458.0,2572.6,,
BAURU,Bauru,2007,436.4,1.8,25,642.0,32.8,5.7,0,1078.3,2572.6,2211.4,2414.6666666666665,361.1999999999998,1.791759469228055,-98.69,0.967,6.0,1500.0,,
BAURU,Bauru,2008,462.5,7.9,32,472.3,-2.3,3.9,0,934.8,1500.0,2572.6,2094.6666666666665,-1072.6,7.167809184316444,21516.67,1.26,1297.0,2468.4,,
BAURU,Bauru,2009,367.9,-14.1,26,574.0,18.8,4.8,0,941.9,2468.4,1500.0,2180.3333333333335,968.4000000000001,6.373319789577012,-54.82,1.048,586.0,2899.3,,
BAURU,Bauru,2010,631.9,47.4,10,358.1,-25.9,3.5,0,990.0,2899.3,2468.4,2289.2333333333336,430.9000000000001,6.476972362889683,10.92,0.761,650.0,2500.0,,
BAURU,Bauru,2011,284.8,-33.5,29,539.9,11.7,6.1,0,824.7,2500.0,2899.3,2622.566666666667,-399.3000000000002,6.476972362889683,0.0,1.115,650.0,,,
BAURU,Bauru,2012,397.3,-7.3,32,307.0,-36.5,1.4,1,704.3,,2500.0,2699.65,,6.309918278226516,,1.191,550.0,3250.0,,
BAURU,Bauru,2013,328.9,-23.3,42,510.0,5.5,5.1,0,838.9,3250.0,,2875.0,,6.633318433280377,38.18,1.041,760.0,2401.3,,
BAURU,Bauru,2014,275.1,-35.8,32,336.0,-30.5,4.3,0,611.1,2401.3,3250.0,2825.65,-848.6999999999998,6.917705609835305,32.89,0.943,1010.0,2104.0,,
BAURU,Bauru,2015,378.3,-11.7,34,437.6,-9.5,6.4,0,815.8,2104.0,2401.3,2585.1,-297.3000000000002,6.684611727667927,-20.79,0.99,800.0,1818.8,,
BAURU,Bauru,2016,614.7,43.4,18,645.3,33.5,9.1,0,1260.0,1818.8,2104.0,2108.0333333333333,-285.20000000000005,6.556778356158042,-12.0,1.099,704.0,2000.0,,
BAURU,Bauru,2017,316.6,-26.1,13,504.5,4.4,1.6,1,821.1,2000.0,1818.8,1974.2666666666667,181.20000000000005,6.942156705699469,47.02,1.385,1035.0,2420.3,,
BAURU,Bauru,2018,462.5,7.9,28,513.7,6.3,4.8,0,976.2,2420.3,2000.0,2079.7000000000003,420.3000000000002,6.969320634640292,2.75,0.905,1063.5,2661.5,,
BAURU,Bauru,2019,408.6,-4.7,25,425.0,-12.1,5.0,0,833.6,2661.5,2420.3,2360.6,241.19999999999982,7.162397497355718,21.3,0.951,1290.0,3496.1,,
BAURU,Bauru,2020,304.8,-28.9,53,395.6,-18.1,3.3,0,700.3,3496.1,2661.5,2859.3000000000006,834.5999999999999,7.605890001053122,55.81,1.236,2010.0,3337.1,,
BAURU,Bauru,2021,286.1,-33.2,46,308.8,-36.1,5.6,0,595.0,3337.1,3496.1,3164.9,-159.0,7.617759576608505,1.19,1.285,2034.0,4029.3,,
BAURU,Bauru,2022,372.7,-13.0,43,508.1,5.2,2.2,0,880.8,4029.3,3337.1,3620.8333333333335,692.2000000000003,8.191463051326927,77.48,1.395,3610.0,4729.1,,
BAURU,Bauru,2023,337.6,-21.2,22,492.2,1.9,4.6,0,829.8,4729.1,4029.3,4031.833333333334,699.8000000000002,8.061486866871327,-12.19,1.426,3170.0,4621.5,,
BAURU,Bauru,2024,311.1,-27.4,67,266.0,-45.0,6.1,0,577.0,4621.5,4729.1,4459.966666666667,-107.60000000000036,7.755767170102998,-26.34,1.245,2335.0,4227.8,,
BAURU,Bauru,2025,413.1,-3.6,40,209.6,-56.6,4.9,0,622.7,4227.8,4621.5,4526.133333333333,-393.6999999999998,8.952346543226227,230.88,1.047,7726.0,4005.3,,
BAURU,Bauru,2026,416.0,-2.9,39,291.1,-39.8,1.0,1,707.1,4005.3,4227.8,4284.866666666667,-222.5,8.952346543226227,0.0,0.764,7726.0,,,
CATANDUVA,Catanduva,1985,0.0,-100.0,0,0.0,-100.0,,0,0.0,1343.4,1247.7,1295.5500000000002,95.70000000000005,8.297543529356284,-28.96,,4014.0,1383.3,,
CATANDUVA,Catanduva,1986,0.0,-100.0,0,0.0,-100.0,,0,0.0,1383.3,1343.4,1324.8,39.899999999999864,8.16763571524637,-12.18,,3525.0,1305.7,,
CATANDUVA,Catanduva,1987,0.0,-100.0,0,0.0,-100.0,,0,0.0,1305.7,1383.3,1344.1333333333334,-77.59999999999991,8.31996102188653,16.45,,4105.0,1231.4,,
CATANDUVA,Catanduva,1988,0.0,-100.0,0,0.0,-100.0,,0,0.0,1231.4,1305.7,1306.8000000000002,-74.29999999999995,7.934155233536322,-32.01,,2791.0,1428.0,,
CATANDUVA,Catanduva,1989,0.0,-100.0,0,0.0,-100.0,,0,0.0,1428.0,1231.4,1321.7,196.5999999999999,7.539027055823995,-32.64,,1880.0,1650.3,,
CATANDUVA,Catanduva,1990,0.0,-100.0,0,0.0,-100.0,,0,0.0,1650.3,1428.0,1436.5666666666668,222.29999999999995,7.257002707092073,-24.57,,1418.0,1361.1,,
CATANDUVA,Catanduva,1991,0.0,-100.0,0,0.0,-100.0,,0,0.0,1361.1,1650.3,1479.8,-289.20000000000005,7.57095858316901,36.88,,1941.0,1614.2,,
CATANDUVA,Catanduva,1992,0.0,-100.0,0,0.0,-100.0,,0,0.0,1614.2,1361.1,1541.8666666666668,253.10000000000014,7.486613313139955,-8.09,,1784.0,1573.0,,
CATANDUVA,Catanduva,1993,0.0,-100.0,0,0.0,-100.0,,0,0.0,1573.0,1614.2,1516.0999999999997,-41.200000000000045,7.698029170272805,23.54,,2204.0,1695.2,,
CATANDUVA,Catanduva,1994,0.0,-100.0,0,0.0,-100.0,,0,0.0,1695.2,1573.0,1627.4666666666665,122.20000000000005,7.400620577371135,-25.73,,1637.0,1152.3,,
CATANDUVA,Catanduva,1995,0.0,-100.0,0,0.0,-100.0,,0,0.0,1152.3,1695.2,1473.5,-542.9000000000001,7.390798521735676,-0.98,,1621.0,1202.5,,
CATANDUVA,Catanduva,1996,0.0,-100.0,0,0.0,-100.0,,0,0.0,1202.5,1152.3,1350.0,50.200000000000045,7.421775793644647,3.15,,1672.0,1283.9,,
CATANDUVA,Catanduva,1997,0.0,-100.0,0,0.0,-100.0,,0,0.0,1283.9,1202.5,1212.8999999999999,81.40000000000009,7.0825485693553,-28.77,1.157,1191.0,1318.0,,
CATANDUVA,Catanduva,1998,0.0,-100.0,0,0.0,-100.0,,0,0.0,1318.0,1283.9,1268.1333333333334,34.09999999999991,7.208600337960199,13.43,1.189,1351.0,1556.6,,
CATANDUVA,Catanduva,1999,0.0,-100.0,0,0.0,-100.0,,0,0.0,1556.6,1318.0,1386.1666666666667,238.5999999999999,6.856461984594587,-29.68,0.885,950.0,1437.9,,
CATANDUVA,Catanduva,2000,0.0,-100.0,0,779.1,46.3,,0,779.1,1437.9,1556.6,1437.5,-118.69999999999982,6.703188113240863,-14.21,1.361,815.0,1337.4,,
CATANDUVA,Catanduva,2001,452.7,9.6,31,414.7,-22.1,2.7,0,867.4,1337.4,1437.9,1443.9666666666665,-100.5,8.023552392404348,274.48,1.116,3052.0,1281.3,,
CATANDUVA,Catanduva,2002,562.7,36.3,20,662.1,24.4,5.4,0,1224.8,1281.3,1337.4,1352.2,-56.100000000000136,7.463363045520021,-42.89,0.86,1743.0,1847.7,,
CATANDUVA,Catanduva,2003,352.7,-14.6,44,710.3,33.4,7.4,0,1063.0,1847.7,1281.3,1488.8,566.4000000000001,7.351799869057777,-10.56,1.315,1559.0,1401.5,,
CATANDUVA,Catanduva,2004,400.4,-3.0,25,588.3,10.5,6.8,0,988.8,1401.5,1847.7,1510.1666666666667,-446.20000000000005,8.114623886420098,114.43,1.415,3343.0,1648.9,,
CATANDUVA,Catanduva,2005,434.9,5.3,23,551.6,3.6,7.1,0,986.5,1648.9,1401.5,1632.7,247.4000000000001,8.792488868216969,96.97,1.005,6584.6,1703.7,,
CATANDUVA,Catanduva,2006,390.6,-5.4,38,657.5,23.5,9.0,0,1048.1,1703.7,1648.9,1584.7,54.799999999999955,8.530109416682784,-23.08,0.789,5065.0,1560.5,,
CATANDUVA,Catanduva,2007,484.0,17.2,15,727.1,36.6,8.1,0,1211.1,1560.5,1703.7,1637.7,-143.20000000000005,8.512180649592693,-1.78,0.967,4975.0,1699.0,,
CATANDUVA,Catanduva,2008,281.8,-31.8,49,667.2,25.3,5.3,0,949.0,1699.0,1560.5,1654.3999999999999,138.5,8.646641258603124,14.39,1.26,5691.0,1890.0,,
CATANDUVA,Catanduva,2009,439.5,6.5,42,605.3,13.7,8.4,0,1044.8,1890.0,1699.0,1716.5,191.0,8.401827232275458,-21.71,1.048,4455.2,1766.6,,
CATANDUVA,Catanduva,2010,543.4,31.6,10,382.9,-28.1,5.0,0,926.3,1766.6,1890.0,1785.2,-123.40000000000009,8.338066525518801,-6.18,0.761,4180.0,1740.4,,
CATANDUVA,Catanduva,2011,312.5,-24.3,36,742.4,39.4,8.3,0,1054.9,1740.4,1766.6,1799.0,-26.199999999999818,8.294049640102028,-4.31,1.115,4000.0,1627.5,,
CATANDUVA,Catanduva,2012,395.8,-4.1,33,377.6,-29.1,3.8,0,773.4,1627.5,1740.4,1711.5,-112.90000000000009,8.54752839121231,28.85,1.191,5154.0,1762.7,,
CATANDUVA,Catanduva,2013,361.6,-12.4,43,516.2,-3.0,6.6,0,877.8,1762.7,1627.5,1710.2,135.20000000000005,8.593598522618644,4.71,1.041,5397.0,2576.7,,
CATANDUVA,Catanduva,2014,348.9,-15.5,34,344.0,-35.4,6.5,0,692.9,2576.7,1762.7,1988.9666666666665,813.9999999999998,8.712101863715663,12.58,0.943,6076.0,1979.6,,
CATANDUVA,Catanduva,2015,334.4,-19.0,39,402.0,-24.5,8.2,0,736.4,1979.6,2576.7,2106.333333333333,-597.0999999999999,9.172742341560864,58.51,0.99,9631.0,2232.5,,
CATANDUVA,Catanduva,2016,457.8,10.9,29,615.1,15.5,11.9,0,1072.9,2232.5,1979.6,2262.9333333333334,252.9000000000001,9.136263168579868,-3.58,1.099,9286.0,3130.1,,
CATANDUVA,Catanduva,2017,361.7,-12.4,27,401.1,-24.7,3.3,0,762.8,3130.1,2232.5,2447.4,897.5999999999999,8.55325507456126,-44.18,1.385,5183.6,3049.5,,
CATANDUVA,Catanduva,2018,510.9,23.7,26,451.3,-15.2,6.4,0,962.2,3049.5,3130.1,2804.0333333333333,-80.59999999999991,8.735621644103475,20.01,0.905,6220.6,3413.0,,
CATANDUVA,Catanduva,2019,467.0,13.1,20,347.9,-34.7,7.3,0,814.9,3413.0,3049.5,3197.5333333333333,363.5,8.791181936736017,5.71,0.951,6576.0,2979.0,,
CATANDUVA,Catanduva,2020,364.8,-11.6,50,483.6,-9.2,4.7,0,848.4,2979.0,3413.0,3147.1666666666665,-434.0,8.617273792826282,-15.96,1.236,5526.3,4571.9,,
CATANDUVA,Catanduva,2021,312.9,-24.2,51,279.4,-47.5,7.9,0,592.4,4571.9,2979.0,3654.633333333333,1592.8999999999996,8.599694412927981,-1.74,1.285,5430.0,4400.9,,
CATANDUVA,Catanduva,2022,506.9,22.8,29,511.5,-3.9,4.4,0,1018.4,4400.9,4571.9,3983.933333333333,-171.0,8.694502206386648,9.94,1.395,5970.0,3864.2,,
CATANDUVA,Catanduva,2023,371.6,-10.0,42,506.6,-4.8,6.3,0,878.2,3864.2,4400.9,4278.999999999999,-536.6999999999998,8.672486075822272,-2.18,1.426,5840.0,6020.3,,
CATANDUVA,Catanduva,2024,300.9,-27.1,82,299.6,-43.7,6.3,0,600.5,6020.3,3864.2,4761.8,2156.1000000000004,7.578145472419466,-66.52,1.245,1955.0,3973.8,,
CATANDUVA,Catanduva,2025,564.1,36.6,20,219.6,-58.7,8.2,0,783.7,3973.8,6020.3,4619.433333333333,-2046.5,8.338066525518801,113.81,1.047,4180.0,3218.9,,
CATANDUVA,Catanduva,2026,363.9,-11.9,51,454.6,-14.6,3.9,0,818.5,3218.9,3973.8,4404.333333333333,-754.9000000000001,8.338066525518801,0.0,0.764,4180.0,,,
DRACENA,Dracena,1985,0.0,-100.0,0,0.0,-100.0,,0,0.0,1563.7,1148.3,1356.0,415.4000000000001,9.181940897454485,81.11,,9720.0,1955.9,,
DRACENA,Dracena,1986,0.0,-100.0,0,0.0,-100.0,,0,0.0,1955.9,1563.7,1555.966666666667,392.20000000000005,9.045347797304004,-12.77,,8479.0,1179.0,,
DRACENA,Dracena,1987,0.0,-100.0,0,0.0,-100.0,,0,0.0,1179.0,1955.9,1566.2,-776.9000000000001,8.604287898267172,-35.66,,5455.0,725.7,,
DRACENA,Dracena,1988,0.0,-100.0,0,0.0,-100.0,,0,0.0,725.7,1179.0,1286.8666666666668,-453.29999999999995,7.767263996757308,-56.7,,2362.0,1610.3,,
DRACENA,Dracena,1989,0.0,-100.0,0,0.0,-100.0,,0,0.0,1610.3,725.7,1171.6666666666667,884.5999999999999,7.912056888179006,15.58,,2730.0,1833.5,,
DRACENA,Dracena,1990,0.0,-100.0,0,0.0,-100.0,,0,0.0,1833.5,1610.3,1389.8333333333333,223.20000000000005,7.902117546276448,-0.99,,2703.0,1539.8,,
DRACENA,Dracena,1991,0.0,-100.0,0,0.0,-100.0,,0,0.0,1539.8,1833.5,1661.2,-293.70000000000005,7.828436359157585,-7.1,,2511.0,1626.8,,
DRACENA,Dracena,1992,0.0,-100.0,0,0.0,-100.0,,0,0.0,1626.8,1539.8,1666.7,87.0,7.944492163932159,12.31,,2820.0,1447.3,,
DRACENA,Dracena,1993,0.0,-100.0,0,0.0,-100.0,,0,0.0,1447.3,1626.8,1537.9666666666665,-179.5,7.4821189235521155,-37.02,,1776.0,1408.8,,
DRACENA,Dracena,1994,0.0,-100.0,0,0.0,-100.0,,0,0.0,1408.8,1447.3,1494.3,-38.5,7.118826249062078,-30.46,,1235.0,1717.6,,
DRACENA,Dracena,1995,0.0,-100.0,0,0.0,-100.0,,0,0.0,1717.6,1408.8,1524.5666666666666,308.79999999999995,7.1276936993473985,0.89,,1246.0,1660.6,,
DRACENA,Dracena,1996,0.0,-100.0,0,0.0,-100.0,,0,0.0,1660.6,1717.6,1595.6666666666667,-57.0,7.007600613951853,-11.32,,1105.0,1699.1,,
DRACENA,Dracena,1997,0.0,-100.0,0,0.0,-100.0,,0,0.0,1699.1,1660.6,1692.4333333333332,38.5,7.617267813628347,83.98,1.157,2033.0,1826.5,,
DRACENA,Dracena,1998,0.0,-100.0,0,0.0,-100.0,,0,0.0,1826.5,1699.1,1728.7333333333333,127.40000000000009,7.593877844605118,-2.31,1.189,1986.0,1803.0,,
DRACENA,Dracena,1999,0.0,-100.0,0,0.0,-100.0,,0,0.0,1803.0,1826.5,1776.2,-23.5,7.894690850425624,35.1,0.885,2683.0,2208.9,,
DRACENA,Dracena,2000,0.0,-100.0,0,553.4,8.8,,0,553.4,2208.9,1803.0,1946.1333333333332,405.9000000000001,8.197814032221203,35.41,1.361,3633.0,1594.7,,
DRACENA,Dracena,2001,421.2,-3.1,34,569.1,11.9,1.3,1,990.3,1594.7,2208.9,1868.8666666666668,-614.2,8.081165777725433,-11.01,1.116,3233.0,2065.7,,
DRACENA,Dracena,2002,484.7,11.5,17,422.9,-16.9,4.0,0,907.6,2065.7,1594.7,1956.4333333333332,470.9999999999998,8.07246736935477,-0.87,0.86,3205.0,1911.8,,
DRACENA,Dracena,2003,388.9,-10.6,45,706.8,38.9,7.7,0,1095.7,1911.8,2065.7,1857.3999999999999,-153.89999999999986,7.7458682297922685,-27.86,1.315,2312.0,1697.8,,
DRACENA,Dracena,2004,340.8,-21.6,43,381.9,-24.9,6.9,0,722.7,1697.8,1911.8,1891.7666666666664,-214.0,8.173575486634153,53.37,1.415,3546.0,1908.9,,
DRACENA,Dracena,2005,549.4,26.3,13,336.2,-33.9,4.7,0,885.6,1908.9,1697.8,1839.5,211.10000000000014,8.70549681988774,70.22,1.005,6036.0,2361.9,,
DRACENA,Dracena,2006,343.6,-21.0,33,639.7,25.7,6.6,0,983.4,2361.9,1908.9,1989.5333333333335,453.0,8.602453035367061,-9.79,0.789,5445.0,2278.2,,
DRACENA,Dracena,2007,534.8,23.0,25,620.1,21.9,7.7,0,1154.8,2278.2,2361.9,2183.0,-83.70000000000027,7.884576510596324,-51.22,0.967,2656.0,1988.7,,
DRACENA,Dracena,2008,295.9,-32.0,50,542.0,6.5,5.7,0,837.9,1988.7,2278.2,2209.6,-289.4999999999998,8.205218426395412,37.8,1.26,3660.0,2345.6,,
DRACENA,Dracena,2009,283.5,-34.8,54,715.8,40.7,6.7,0,999.3,2345.6,1988.7,2204.1666666666665,356.89999999999986,8.390200375631297,20.32,1.048,4403.7,2339.1,,
DRACENA,Dracena,2010,620.2,42.6,9,657.3,29.2,4.6,0,1277.5,2339.1,2345.6,2224.4666666666667,-6.5,8.029107054619736,-30.31,0.761,3069.0,2375.5,,
DRACENA,Dracena,2011,336.8,-22.6,23,698.9,37.4,7.5,0,1035.7,2375.5,2339.1,2353.4,36.40000000000009,7.716906135298388,-26.82,1.115,2246.0,2242.9,,
DRACENA,Dracena,2012,473.4,8.9,36,321.9,-36.7,2.4,0,795.3,2242.9,2375.5,2319.1666666666665,-132.5999999999999,8.268475388982598,73.6,1.191,3899.0,2776.7,,
DRACENA,Dracena,2013,393.2,-9.6,53,457.0,-10.2,6.0,0,850.2,2776.7,2242.9,2465.0333333333333,533.7999999999997,8.622813673279921,42.52,1.041,5557.0,3061.0,,
DRACENA,Dracena,2014,303.4,-30.2,46,383.4,-24.7,3.2,0,686.8,3061.0,2776.7,2693.5333333333333,284.3000000000002,8.366370301681654,-22.62,0.943,4300.0,2157.4,,
DRACENA,Dracena,2015,423.2,-2.7,26,454.6,-10.6,7.4,0,877.8,2157.4,3061.0,2665.0333333333333,-903.5999999999999,8.313852267398207,-5.12,0.99,4080.0,2712.3,,
DRACENA,Dracena,2016,685.4,57.6,23,525.0,3.2,11.7,0,1210.5,2712.3,2157.4,2643.566666666667,554.9000000000001,8.000684784514748,-26.89,1.099,2983.0,3270.9,,
DRACENA,Dracena,2017,346.2,-20.4,26,442.3,-13.1,3.1,0,788.5,3270.9,2712.3,2713.5333333333333,558.5999999999999,8.028781162487148,2.85,1.385,3068.0,2651.6,,
DRACENA,Dracena,2018,680.1,56.4,22,490.9,-3.5,5.7,0,1171.0,2651.6,3270.9,2878.2666666666664,-619.3000000000002,8.53760347718786,66.33,0.905,5103.1,3485.2,,
DRACENA,Dracena,2019,433.9,-0.2,23,378.5,-25.6,6.2,0,812.4,3485.2,2651.6,3135.8999999999996,833.5999999999999,8.349957272040324,-17.11,0.951,4230.0,2681.4,,
DRACENA,Dracena,2020,358.6,-17.5,58,431.4,-15.2,4.0,0,790.0,2681.4,3485.2,2939.4,-803.7999999999997,8.790116892892472,55.3,1.236,6569.0,3296.4,,
DRACENA,Dracena,2021,238.0,-45.3,70,288.0,-43.4,7.2,0,526.0,3296.4,2681.4,3154.3333333333335,615.0,8.962007209588313,18.75,1.285,7801.0,3100.0,,
DRACENA,Dracena,2022,273.9,-37.0,63,470.3,-7.6,3.9,0,744.2,3100.0,3296.4,3025.933333333333,-196.4000000000001,8.952864141581468,-0.91,1.395,7730.0,3365.8,,
DRACENA,Dracena,2023,340.4,-21.7,36,501.7,-1.4,6.3,0,842.2,3365.8,3100.0,3254.066666666667,265.8000000000002,8.837971491357209,-10.85,1.426,6891.0,3373.7,,
DRACENA,Dracena,2024,294.7,-32.2,82,283.5,-44.3,6.3,0,578.2,3373.7,3365.8,3279.8333333333335,7.899999999999636,9.109414453386222,31.19,1.245,9040.0,2202.8,,
DRACENA,Dracena,2025,458.7,5.5,42,232.4,-54.3,6.6,0,691.0,2202.8,3373.7,2980.7666666666664,-1170.8999999999996,9.295600215927006,20.46,1.047,10890.0,3618.7,,
DRACENA,Dracena,2026,418.7,-3.7,51,270.7,-46.8,2.5,0,689.4,3618.7,2202.8,3065.066666666667,1415.8999999999996,9.295600215927006,0.0,0.764,10890.0,,,
GENERAL SALGADO,General Salgado,1985,0.0,-100.0,0,0.0,-100.0,,0,0.0,2149.6,1874.2,2011.9,275.39999999999986,7.583756300707112,66.19,,1966.0,1964.8,,
GENERAL SALGADO,General Salgado,1986,0.0,-100.0,0,0.0,-100.0,,0,0.0,1964.8,2149.6,1996.1999999999998,-184.79999999999995,7.186144304522325,-32.81,,1321.0,1790.0,,
GENERAL SALGADO,General Salgado,1987,0.0,-100.0,0,0.0,-100.0,,0,0.0,1790.0,1964.8,1968.1333333333332,-174.79999999999995,6.594413459749778,-44.66,,731.0,1183.0,,
GENERAL SALGADO,General Salgado,1988,0.0,-100.0,0,0.0,-100.0,,0,0.0,1183.0,1790.0,1645.9333333333334,-607.0,5.497168225293202,-66.62,,244.0,1795.1,,
GENERAL SALGADO,General Salgado,1989,0.0,-100.0,0,0.0,-100.0,,0,0.0,1795.1,1183.0,1589.3666666666668,612.0999999999999,5.2832037287379885,-19.26,,197.0,1917.5,,
GENERAL SALGADO,General Salgado,1990,0.0,-100.0,0,0.0,-100.0,,0,0.0,1917.5,1795.1,1631.8666666666668,122.40000000000009,5.545177444479562,29.95,,256.0,1327.1,,
GENERAL SALGADO,General Salgado,1991,0.0,-100.0,0,0.0,-100.0,,0,0.0,1327.1,1917.5,1679.8999999999999,-590.4000000000001,5.53338948872752,-1.17,,253.0,1624.5,,
GENERAL SALGADO,General Salgado,1992,0.0,-100.0,0,0.0,-100.0,,0,0.0,1624.5,1327.1,1623.0333333333335,297.4000000000001,5.598421958998375,6.72,,270.0,1664.8,,
GENERAL SALGADO,General Salgado,1993,0.0,-100.0,0,0.0,-100.0,,0,0.0,1664.8,1624.5,1538.8,40.299999999999955,5.902633333401366,35.56,,366.0,1826.5,,
GENERAL SALGADO,General Salgado,1994,0.0,-100.0,0,0.0,-100.0,,0,0.0,1826.5,1664.8,1705.2666666666667,161.70000000000005,5.332718793265369,-43.44,,207.0,1921.7,,
GENERAL SALGADO,General Salgado,1995,0.0,-100.0,0,0.0,-100.0,,0,0.0,1921.7,1826.5,1804.3333333333333,95.20000000000005,5.030437921392435,-26.09,,153.0,1586.6,,
GENERAL SALGADO,General Salgado,1996,0.0,-100.0,0,0.0,-100.0,,0,0.0,1586.6,1921.7,1778.2666666666667,-335.10000000000014,4.454347296253507,-43.79,,86.0,1741.3,,
GENERAL SALGADO,General Salgado,1997,0.0,-100.0,0,0.0,-100.0,,0,0.0,1741.3,1586.6,1749.8666666666666,154.70000000000005,5.181783550292085,106.98,1.157,178.0,1893.0,,
GENERAL SALGADO,General Salgado,1998,0.0,-100.0,0,0.0,-100.0,,0,0.0,1893.0,1741.3,1740.3,151.70000000000005,6.851184927493743,430.9,1.189,945.0,2584.1,,
GENERAL SALGADO,General Salgado,1999,0.0,-100.0,0,0.0,-100.0,,0,0.0,2584.1,1893.0,2072.8,691.0999999999999,5.049856007249537,-83.49,0.885,156.0,1872.6,,
GENERAL SALGADO,General Salgado,2000,0.0,-100.0,0,705.4,30.2,,0,705.4,1872.6,2584.1,2116.5666666666666,-711.5,5.662960480135946,84.62,1.361,288.0,1883.7,,
GENERAL SALGADO,General Salgado,2001,369.7,-11.7,33,519.5,-4.1,2.6,0,889.2,1883.7,1872.6,2113.4666666666667,11.100000000000136,5.493061443340548,-15.62,1.116,243.0,2346.5,,
GENERAL SALGADO,General Salgado,2002,530.7,26.8,18,530.8,-2.1,6.0,0,1061.6,2346.5,1883.7,2034.2666666666664,462.79999999999995,4.74493212836325,-52.67,0.86,115.0,1934.8,,
GENERAL SALGADO,General Salgado,2003,337.5,-19.4,40,705.9,30.2,8.5,0,1043.4,1934.8,2346.5,2055.0,-411.70000000000005,5.857933154483459,204.35,1.315,350.0,2414.3,,
GENERAL SALGADO,General Salgado,2004,370.5,-11.5,28,504.1,-7.0,7.3,0,874.6,2414.3,1934.8,2231.866666666667,479.5000000000002,6.186208623900494,38.86,1.415,486.0,2742.8,,
GENERAL SALGADO,General Salgado,2005,451.0,7.7,22,447.9,-17.4,5.8,0,898.9,2742.8,2414.3,2363.9666666666667,328.5,6.585122829167185,49.02,1.005,724.24,3080.4,,
GENERAL SALGADO,General Salgado,2006,390.3,-6.8,32,661.5,22.0,8.4,0,1051.8,3080.4,2742.8,2745.8333333333335,337.5999999999999,6.228116448446984,-30.02,0.789,506.8,3241.4,,
GENERAL SALGADO,General Salgado,2007,492.5,17.6,16,789.7,45.7,8.0,0,1282.1,3241.4,3080.4,3021.5333333333333,161.0,6.171700597410915,-5.49,0.967,479.0,3018.8,,
GENERAL SALGADO,General Salgado,2008,280.2,-33.1,39,638.7,17.9,6.3,0,919.0,3018.8,3241.4,3113.5333333333333,-222.5999999999999,6.75448754257892,79.1,1.26,857.9,2136.6,,
GENERAL SALGADO,General Salgado,2009,364.6,-12.9,42,651.9,20.3,8.7,0,1016.4,2136.6,3018.8,2798.933333333333,-882.2000000000003,5.91350300563827,-56.87,1.048,370.0,3054.1,,
GENERAL SALGADO,General Salgado,2010,574.2,37.1,8,498.3,-8.1,5.8,0,1072.5,3054.1,2136.6,2736.5,917.5,5.991464547107982,8.11,0.761,400.0,3087.5,,
GENERAL SALGADO,General Salgado,2011,306.0,-26.9,22,878.5,62.1,9.1,0,1184.5,3087.5,3054.1,2759.4,33.40000000000009,6.48981264936286,64.6,1.115,658.4,2638.8,,
GENERAL SALGADO,General Salgado,2012,384.9,-8.1,30,335.1,-38.2,3.5,0,720.0,2638.8,3087.5,2926.7999999999997,-448.6999999999998,7.146772179452637,92.89,1.191,1270.0,2807.2,,
GENERAL SALGADO,General Salgado,2013,377.5,-9.8,44,481.3,-11.2,6.7,0,858.8,2807.2,2638.8,2844.5,168.39999999999964,6.812510097065403,-28.41,1.041,909.15,3917.2,,
GENERAL SALGADO,General Salgado,2014,255.5,-39.0,39,373.6,-31.1,5.8,0,629.1,3917.2,2807.2,3121.066666666667,1110.0,7.474999042652927,93.96,0.943,1763.4,2587.4,,
GENERAL SALGADO,General Salgado,2015,432.7,3.3,25,485.1,-10.5,8.4,0,917.8,2587.4,3917.2,3103.933333333333,-1329.7999999999997,7.653732073186615,19.57,0.99,2108.5,3791.9,,
GENERAL SALGADO,General Salgado,2016,599.7,43.2,22,540.0,-0.4,12.7,0,1139.7,3791.9,2587.4,3432.1666666666665,1204.5,7.945555428253489,33.89,1.099,2823.0,3892.1,,
GENERAL SALGADO,General Salgado,2017,362.8,-13.4,23,495.0,-8.7,4.4,0,857.8,3892.1,3791.9,3423.7999999999997,100.19999999999982,7.8656485007108055,-7.68,1.385,2606.2,3806.3,,
GENERAL SALGADO,General Salgado,2018,655.2,56.5,23,457.6,-15.6,6.3,0,1112.8,3806.3,3892.1,3830.1,-85.79999999999973,7.878344784263671,1.28,0.905,2639.5,3431.1,,
GENERAL SALGADO,General Salgado,2019,451.1,7.7,20,367.6,-32.2,7.1,0,818.8,3431.1,3806.3,3709.8333333333335,-375.2000000000003,7.918992488165245,4.15,0.951,2749.0,3387.7,,
GENERAL SALGADO,General Salgado,2020,387.8,-7.4,46,477.5,-11.9,4.6,0,865.3,3387.7,3431.1,3541.6999999999994,-43.40000000000009,8.283170678204488,43.93,1.236,3956.72,3458.3,,
GENERAL SALGADO,General Salgado,2021,217.8,-48.0,61,265.4,-51.0,8.0,0,483.2,3458.3,3387.7,3425.7000000000003,70.60000000000036,8.218679333077251,-6.25,1.285,3709.6,3910.7,,
GENERAL SALGADO,General Salgado,2022,410.8,-1.9,44,469.2,-13.4,4.9,0,880.0,3910.7,3458.3,3585.566666666667,452.39999999999964,8.54581952020456,38.7,1.395,5145.2,3488.8,,
GENERAL SALGADO,General Salgado,2023,335.4,-19.9,37,456.2,-15.8,6.9,0,791.6,3488.8,3910.7,3619.2666666666664,-421.89999999999964,8.494456664442367,-5.01,1.426,4887.6,3851.2,,
GENERAL SALGADO,General Salgado,2024,273.1,-34.8,77,345.3,-36.3,7.1,0,618.4,3851.2,3488.8,3750.2333333333336,362.39999999999964,8.278428259199071,-19.43,1.245,3938.0,3392.8,,
GENERAL SALGADO,General Salgado,2025,475.4,13.5,27,233.2,-57.0,7.9,0,708.6,3392.8,3851.2,3577.6,-458.39999999999964,8.620110725422924,40.73,1.047,5542.0,4011.2,,
GENERAL SALGADO,General Salgado,2026,387.5,-7.5,50,318.2,-41.3,4.8,0,705.6,4011.2,3392.8,3751.7333333333336,618.3999999999996,8.620110725422924,0.0,0.764,5542.0,,,
JABOTICABAL,Jaboticabal,1985,0.0,-100.0,0,0.0,-100.0,,0,0.0,1873.7,1461.3,1667.5,412.4000000000001,9.815038779351015,16.83,,18307.0,1806.1,,
JABOTICABAL,Jaboticabal,1986,0.0,-100.0,0,0.0,-100.0,,0,0.0,1806.1,1873.7,1713.7,-67.60000000000014,9.649498121050817,-15.26,,15514.0,1760.6,,
JABOTICABAL,Jaboticabal,1987,0.0,-100.0,0,0.0,-100.0,,0,0.0,1760.6,1806.1,1813.4666666666665,-45.5,9.507923269105227,-13.2,,13466.0,1487.3,,
JABOTICABAL,Jaboticabal,1988,0.0,-100.0,0,0.0,-100.0,,0,0.0,1487.3,1760.6,1684.6666666666667,-273.29999999999995,9.22562299550734,-24.6,,10154.0,2418.4,,
JABOTICABAL,Jaboticabal,1989,0.0,-100.0,0,0.0,-100.0,,0,0.0,2418.4,1487.3,1888.7666666666664,931.1000000000001,9.127067452782361,-9.39,,9201.0,2687.1,,
JABOTICABAL,Jaboticabal,1990,0.0,-100.0,0,0.0,-100.0,,0,0.0,2687.1,2418.4,2197.6,268.6999999999998,9.26188863385676,14.43,,10529.0,1981.3,,
JABOTICABAL,Jaboticabal,1991,0.0,-100.0,0,0.0,-100.0,,0,0.0,1981.3,2687.1,2362.2666666666664,-705.8,9.42577428022034,17.81,,12404.0,2127.3,,
JABOTICABAL,Jaboticabal,1992,0.0,-100.0,0,0.0,-100.0,,0,0.0,2127.3,1981.3,2265.2333333333336,146.00000000000023,9.454070556898781,2.87,,12760.0,1927.1,,
JABOTICABAL,Jaboticabal,1993,0.0,-100.0,0,0.0,-100.0,,0,0.0,1927.1,2127.3,2011.8999999999999,-200.20000000000027,9.411647228681218,-4.15,,12230.0,2129.6,,
JABOTICABAL,Jaboticabal,1994,0.0,-100.0,0,0.0,-100.0,,0,0.0,2129.6,1927.1,2061.3333333333335,202.5,9.378563004390635,-3.25,,11832.0,2397.5,,
JABOTICABAL,Jaboticabal,1995,0.0,-100.0,0,0.0,-100.0,,0,0.0,2397.5,2129.6,2151.4,267.9000000000001,9.458917724547202,8.37,,12822.0,2180.7,,
JABOTICABAL,Jaboticabal,1996,0.0,-100.0,0,0.0,-100.0,,0,0.0,2180.7,2397.5,2235.933333333333,-216.80000000000018,9.169726689090886,-25.11,,9602.0,2747.6,,
JABOTICABAL,Jaboticabal,1997,0.0,-100.0,0,0.0,-100.0,,0,0.0,2747.6,2180.7,2441.933333333333,566.9000000000001,9.26823185039196,10.35,1.157,10596.0,2223.6,,
JABOTICABAL,Jaboticabal,1998,0.0,-100.0,0,0.0,-100.0,,0,0.0,2223.6,2747.6,2383.9666666666667,-524.0,9.234545060673,-3.31,1.189,10245.0,1902.7,,
JABOTICABAL,Jaboticabal,1999,0.0,-100.0,0,0.0,-100.0,,0,0.0,1902.7,2223.6,2291.2999999999997,-320.89999999999986,9.012864567410551,-19.88,0.885,8208.0,2460.2,,
JABOTICABAL,Jaboticabal,2000,0.0,-100.0,0,727.0,42.5,,0,727.0,2460.2,1902.7,2195.5,557.4999999999998,9.271811694064283,29.56,1.361,10634.0,2641.6,,
JABOTICABAL,Jaboticabal,2001,486.9,18.9,30,420.6,-17.5,2.0,1,907.5,2641.6,2460.2,2334.833333333333,181.4000000000001,9.219300113347655,-5.12,1.116,10090.0,2766.4,,
JABOTICABAL,Jaboticabal,2002,539.8,31.8,15,658.6,29.1,5.5,0,1198.3,2766.4,2641.6,2622.733333333333,124.80000000000018,9.165343006045447,-5.25,0.86,9560.0,2704.5,,
JABOTICABAL,Jaboticabal,2003,343.9,-16.0,47,659.2,29.2,7.0,0,1003.1,2704.5,2766.4,2704.1666666666665,-61.90000000000009,9.161150127785412,-0.42,1.315,9520.0,3206.7,,
JABOTICABAL,Jaboticabal,2004,479.7,17.1,23,587.0,15.1,6.7,0,1066.7,3206.7,2704.5,2892.5333333333333,502.1999999999998,9.244741798693514,8.72,1.415,10350.0,3218.6,,
JABOTICABAL,Jaboticabal,2005,468.7,14.4,21,558.2,9.4,6.8,0,1026.9,3218.6,3206.7,3043.2666666666664,11.900000000000091,9.43747594455993,21.26,1.005,12550.0,3048.5,,
JABOTICABAL,Jaboticabal,2006,395.6,-3.4,35,614.1,20.4,8.7,0,1009.7,3048.5,3218.6,3157.933333333333,-170.0999999999999,9.439068301584292,0.16,0.789,12570.0,3660.2,,
JABOTICABAL,Jaboticabal,2007,443.1,8.2,18,649.3,27.3,7.5,0,1092.4,3660.2,3048.5,3309.1,611.6999999999998,9.406975663409597,-3.16,0.967,12173.0,3010.0,,
JABOTICABAL,Jaboticabal,2008,343.4,-16.2,45,595.9,16.8,4.8,0,939.2,3010.0,3660.2,3239.566666666667,-650.1999999999998,9.36691667901828,-3.93,1.26,11695.0,3796.4,,
JABOTICABAL,Jaboticabal,2009,423.1,3.3,37,597.1,17.1,7.9,0,1020.2,3796.4,3010.0,3488.8666666666663,786.4000000000001,9.519294579703503,16.46,1.048,13620.0,3694.8,,
JABOTICABAL,Jaboticabal,2010,591.6,44.4,9,357.2,-30.0,4.1,0,948.8,3694.8,3796.4,3500.4,-101.59999999999991,9.04310445260027,-37.89,0.761,8460.0,3841.9,,
JABOTICABAL,Jaboticabal,2011,305.4,-25.4,36,677.0,32.7,8.1,0,982.4,3841.9,3694.8,3777.7000000000003,147.0999999999999,9.187583384853566,15.54,1.115,9775.0,3375.5,,
JABOTICABAL,Jaboticabal,2012,379.8,-7.3,30,331.3,-35.1,3.3,0,711.1,3375.5,3841.9,3637.4,-466.4000000000001,9.409191230721348,24.81,1.191,12200.0,3950.6,,
JABOTICABAL,Jaboticabal,2013,353.6,-13.7,43,513.3,0.6,6.1,0,866.9,3950.6,3375.5,3722.6666666666665,575.0999999999999,9.621522440413576,23.66,1.041,15086.0,3850.6,,
JABOTICABAL,Jaboticabal,2014,313.1,-23.6,34,301.5,-40.9,6.4,0,614.6,3850.6,3950.6,3725.566666666667,-100.0,9.68694715235549,6.76,0.943,16106.0,2595.7,,
JABOTICABAL,Jaboticabal,2015,324.9,-20.7,33,424.8,-16.7,7.9,0,749.7,2595.7,3850.6,3465.633333333333,-1254.9,9.684709458731557,-0.22,0.99,16070.0,3122.6,,
JABOTICABAL,Jaboticabal,2016,477.9,16.7,26,629.9,23.5,11.6,0,1107.8,3122.6,2595.7,3189.633333333333,526.9000000000001,9.70503661381229,2.05,1.099,16400.0,3280.4,,
JABOTICABAL,Jaboticabal,2017,353.5,-13.7,27,415.5,-18.5,3.5,0,769.0,3280.4,3122.6,2999.566666666667,157.80000000000018,9.709295823171686,0.43,1.385,16470.0,3444.0,,
JABOTICABAL,Jaboticabal,2018,420.8,2.7,32,419.5,-17.8,5.9,0,840.3,3444.0,3280.4,3282.3333333333335,163.5999999999999,9.946068000071246,26.72,0.905,20870.0,3522.7,,
JABOTICABAL,Jaboticabal,2019,435.6,6.3,18,366.9,-28.1,7.1,0,802.5,3522.7,3444.0,3415.7000000000003,78.69999999999982,9.965992757887525,2.01,0.951,21290.0,2739.6,,
JABOTICABAL,Jaboticabal,2020,311.5,-24.0,55,424.9,-16.7,4.8,0,736.4,2739.6,3522.7,3235.433333333333,-783.0999999999999,10.075337809462788,11.55,1.236,23750.0,3812.3,,
JABOTICABAL,Jaboticabal,2021,261.9,-36.1,50,245.8,-51.8,7.5,0,507.7,3812.3,2739.6,3358.1999999999994,1072.7000000000003,10.013238416495247,-6.02,1.285,22320.0,3936.4,,
JABOTICABAL,Jaboticabal,2022,442.7,8.1,30,538.7,5.6,3.8,0,981.5,3936.4,3812.3,3496.1000000000004,124.09999999999991,10.09823162932864,8.87,1.395,24300.0,3702.7,,
JABOTICABAL,Jaboticabal,2023,350.0,-14.6,39,422.4,-17.2,6.0,0,772.4,3702.7,3936.4,3817.1333333333337,-233.70000000000027,9.958449110610102,-13.05,1.426,21130.0,4246.9,,
JABOTICABAL,Jaboticabal,2024,238.3,-41.8,82,200.9,-60.6,6.0,0,439.1,4246.9,3702.7,3962.0,544.1999999999998,9.877656792501606,-7.76,1.245,19490.0,3133.6,,
JABOTICABAL,Jaboticabal,2025,510.5,24.6,20,185.0,-63.7,7.2,0,695.4,3133.6,4246.9,3694.4,-1113.2999999999997,9.849559210510572,-2.77,1.047,18950.0,3138.4,,
JABOTICABAL,Jaboticabal,2026,365.7,-10.7,46,361.6,-29.1,3.7,0,727.3,3138.4,3133.6,3506.2999999999997,4.800000000000182,9.849559210510572,0.0,0.764,18950.0,,,
LINS,Lins,1985,0.0,-100.0,0,0.0,-100.0,,0,0.0,1524.5,1651.4,1587.95,-126.90000000000009,8.043984431221553,3.56,,3115.0,1575.2,,
LINS,Lins,1986,0.0,-100.0,0,0.0,-100.0,,0,0.0,1575.2,1524.5,1583.7,50.700000000000045,8.069342366811636,2.57,,3195.0,1515.6,,
LINS,Lins,1987,0.0,-100.0,0,0.0,-100.0,,0,0.0,1515.6,1575.2,1538.4333333333334,-59.600000000000136,7.7142311448490855,-29.89,,2240.0,1305.2,,
LINS,Lins,1988,0.0,-100.0,0,0.0,-100.0,,0,0.0,1305.2,1515.6,1465.3333333333333,-210.39999999999986,7.247792581767846,-37.28,,1405.0,1172.6,,
LINS,Lins,1989,0.0,-100.0,0,0.0,-100.0,,0,0.0,1172.6,1305.2,1331.1333333333334,-132.60000000000014,6.879355804460439,-30.82,,972.0,1160.5,,
LINS,Lins,1990,0.0,-100.0,0,0.0,-100.0,,0,0.0,1160.5,1172.6,1212.7666666666667,-12.099999999999909,7.455876687491824,77.98,,1730.0,1343.2,,
LINS,Lins,1991,0.0,-100.0,0,0.0,-100.0,,0,0.0,1343.2,1160.5,1225.4333333333332,182.70000000000005,7.630461261783627,19.08,,2060.0,1302.2,,
LINS,Lins,1992,0.0,-100.0,0,0.0,-100.0,,0,0.0,1302.2,1343.2,1268.6333333333334,-41.0,8.185907481482324,74.27,,3590.0,1423.4,,
LINS,Lins,1993,0.0,-100.0,0,0.0,-100.0,,0,0.0,1423.4,1302.2,1356.2666666666667,121.20000000000005,7.949797216161852,-21.03,,2835.0,1659.2,,
LINS,Lins,1994,0.0,-100.0,0,0.0,-100.0,,0,0.0,1659.2,1423.4,1461.6000000000001,235.79999999999995,7.331714969726466,-46.1,,1528.0,1874.5,,
LINS,Lins,1995,0.0,-100.0,0,0.0,-100.0,,0,0.0,1874.5,1659.2,1652.3666666666668,215.29999999999995,7.669495251007694,40.18,,2142.0,1871.5,,
LINS,Lins,1996,0.0,-100.0,0,0.0,-100.0,,0,0.0,1871.5,1874.5,1801.7333333333333,-3.0,7.423568444259167,-21.8,,1675.0,1878.2,,
LINS,Lins,1997,0.0,-100.0,0,0.0,-100.0,,0,0.0,1878.2,1871.5,1874.7333333333333,6.7000000000000455,7.5678626054638825,15.52,1.157,1935.0,1332.4,,
LINS,Lins,1998,0.0,-100.0,0,0.0,-100.0,,0,0.0,1332.4,1878.2,1694.0333333333335,-545.8,7.333023014386481,-20.93,1.189,1530.0,1384.5,,
LINS,Lins,1999,0.0,-100.0,0,0.0,-100.0,,0,0.0,1384.5,1332.4,1531.7,52.09999999999991,7.4360278163518485,10.85,0.885,1696.0,1423.2,,
LINS,Lins,2000,0.0,-100.0,0,708.9,39.3,,0,708.9,1423.2,1384.5,1380.0333333333335,38.700000000000045,7.687080155783135,28.54,1.361,2180.0,1489.7,,
LINS,Lins,2001,474.1,16.6,26,436.0,-14.3,3.6,0,910.1,1489.7,1423.2,1432.4666666666665,66.5,7.868636894184167,19.91,1.116,2614.0,1848.5,,
LINS,Lins,2002,545.0,34.1,12,660.1,29.7,7.3,0,1205.1,1848.5,1489.7,1587.1333333333332,358.79999999999995,7.340186835320115,-41.05,0.86,1541.0,1033.3,,
LINS,Lins,2003,358.8,-11.8,39,668.5,31.4,8.6,0,1027.3,1033.3,1848.5,1457.1666666666667,-815.2,7.560080465021827,24.59,1.315,1920.0,1452.1,,
LINS,Lins,2004,472.4,16.2,20,585.5,15.0,7.9,0,1057.8,1452.1,1033.3,1444.6333333333332,418.79999999999995,7.629489916393995,7.19,1.415,2058.0,1529.6,,
LINS,Lins,2005,476.4,17.2,14,547.0,7.5,7.6,0,1023.4,1529.6,1452.1,1338.3333333333333,77.5,7.96693349840484,40.14,1.005,2884.0,2956.9,,
LINS,Lins,2006,391.1,-3.8,23,612.4,20.3,9.7,0,1003.5,2956.9,1529.6,1979.5333333333335,1427.3000000000002,7.764593202198561,-18.32,0.789,2355.7000000000003,3146.2,,
LINS,Lins,2007,451.4,11.0,15,652.7,28.3,8.6,0,1104.1,3146.2,2956.9,2544.2333333333336,189.29999999999973,6.137727054086234,-80.35,0.967,463.0,2020.1,,
LINS,Lins,2008,336.6,-17.2,38,595.2,17.0,6.7,0,931.8,2020.1,3146.2,2707.733333333333,-1126.1,8.039499267510495,569.78,1.26,3101.06,2740.9,,
LINS,Lins,2009,419.8,3.3,30,595.1,17.0,8.4,0,1015.0,2740.9,2020.1,2635.733333333333,720.8000000000002,8.840724916761715,122.83,1.048,6910.0,2769.7,,
LINS,Lins,2010,585.9,44.1,5,345.1,-32.2,5.8,0,931.0,2769.7,2740.9,2510.2333333333336,28.799999999999727,8.205218426395412,-47.03,0.761,3660.0,3069.3,,
LINS,Lins,2011,286.3,-29.6,25,676.8,33.0,9.3,0,963.2,3069.3,2769.7,2859.9666666666667,299.60000000000036,7.851466606432284,-29.8,1.115,2569.5,2436.6,,
LINS,Lins,2012,372.6,-8.4,28,322.7,-36.6,5.0,0,695.3,2436.6,3069.3,2758.533333333333,-632.7000000000003,8.499640032168648,91.2,1.191,4913.0,3291.5,,
LINS,Lins,2013,349.6,-14.0,38,495.9,-2.5,7.4,0,845.5,3291.5,2436.6,2932.466666666667,854.9000000000001,8.75693109174638,29.34,1.041,6354.58,3582.3,,
LINS,Lins,2014,297.9,-26.7,32,292.0,-42.6,7.8,0,589.9,3582.3,3291.5,3103.4666666666667,290.8000000000002,8.672486075822272,-8.1,0.943,5840.0,2360.7,,
LINS,Lins,2015,318.8,-21.6,30,434.8,-14.6,8.7,0,753.6,2360.7,3582.3,3078.1666666666665,-1221.6000000000004,8.64135583403666,-3.07,0.99,5661.0,2908.7,,
LINS,Lins,2016,483.9,19.0,22,623.0,22.4,12.5,0,1106.9,2908.7,2360.7,2950.566666666667,548.0,8.679890105073891,3.93,1.099,5883.4,3907.3,,
LINS,Lins,2017,343.6,-15.5,20,401.0,-21.2,5.3,0,744.6,3907.3,2908.7,3058.9,998.6000000000004,8.733478075755484,5.5,1.385,6207.28,3585.1,,
LINS,Lins,2018,426.8,5.0,29,422.8,-16.9,7.8,0,849.7,3585.1,3907.3,3467.033333333333,-322.2000000000003,9.09446925743325,43.48,0.905,8905.9,3672.7,,
LINS,Lins,2019,433.6,6.7,17,382.1,-24.9,7.8,0,815.7,3672.7,3585.1,3721.6999999999994,87.59999999999991,8.90404616331242,-17.34,0.951,7361.7,4783.1,,
LINS,Lins,2020,306.6,-24.6,49,428.6,-15.8,6.2,0,735.2,4783.1,3672.7,4013.633333333333,1110.4000000000005,9.31739944426959,51.19,1.236,11130.0,5005.1,,
LINS,Lins,2021,240.7,-40.8,49,248.1,-51.2,8.8,0,488.8,5005.1,4783.1,4486.966666666667,222.0,9.412382853382338,9.96,1.285,12239.0,3943.9,,
LINS,Lins,2022,401.6,-1.2,30,516.2,1.4,5.4,0,917.8,3943.9,5005.1,4577.366666666667,-1061.2000000000003,9.096051225574055,-27.12,1.395,8920.0,3825.6,,
LINS,Lins,2023,350.1,-13.9,31,423.5,-16.8,7.5,0,773.6,3825.6,3943.9,4258.2,-118.30000000000018,9.317938382574201,24.84,1.426,11136.0,4301.4,,
LINS,Lins,2024,247.0,-39.2,80,210.4,-58.6,8.2,0,457.4,4301.4,3825.6,4023.633333333333,475.7999999999997,9.041211408968211,-24.17,1.245,8444.0,4825.9,,
LINS,Lins,2025,505.3,24.3,19,186.5,-63.4,8.5,0,691.8,4825.9,4301.4,4317.633333333333,524.5,8.975250749643573,-6.38,1.047,7905.0,3239.2,,
LINS,Lins,2026,380.7,-6.4,39,358.9,-29.5,5.3,0,739.6,3239.2,4825.9,4122.166666666667,-1586.6999999999998,8.975250749643573,0.0,0.764,7905.0,,,
MARILIA,Marília,1985,0.0,-100.0,0,0.0,-100.0,,0,0.0,1657.8,1265.5,1461.65,392.29999999999995,9.519661619531444,19.0,,13625.0,1805.9,,
MARILIA,Marília,1986,0.0,-100.0,0,0.0,-100.0,,0,0.0,1805.9,1657.8,1576.3999999999999,148.10000000000014,9.382190628902842,-12.84,,11875.0,1348.2,,
MARILIA,Marília,1987,0.0,-100.0,0,0.0,-100.0,,0,0.0,1348.2,1805.9,1603.966666666667,-457.70000000000005,9.3101857069459,-6.95,,11050.0,1001.6,,
MARILIA,Marília,1988,0.0,-100.0,0,0.0,-100.0,,0,0.0,1001.6,1348.2,1385.2333333333336,-346.6,9.189627330378642,-11.36,,9795.0,1672.7,,
MARILIA,Marília,1989,0.0,-100.0,0,0.0,-100.0,,0,0.0,1672.7,1001.6,1340.8333333333333,671.1,8.98969370086056,-18.12,,8020.0,1255.6,,
MARILIA,Marília,1990,0.0,-100.0,0,0.0,-100.0,,0,0.0,1255.6,1672.7,1309.9666666666667,-417.10000000000014,9.033603193476129,4.49,,8380.0,1505.7,,
MARILIA,Marília,1991,0.0,-100.0,0,0.0,-100.0,,0,0.0,1505.7,1255.6,1478.0,250.10000000000014,8.799058378546453,-20.91,,6628.0,1534.4,,
MARILIA,Marília,1992,0.0,-100.0,0,0.0,-100.0,,0,0.0,1534.4,1505.7,1431.9000000000003,28.700000000000045,8.91905180393029,12.75,,7473.0,1583.6,,
MARILIA,Marília,1993,0.0,-100.0,0,0.0,-100.0,,0,0.0,1583.6,1534.4,1541.2333333333333,49.19999999999982,8.762646029650282,-14.48,,6391.0,1645.1,,
MARILIA,Marília,1994,0.0,-100.0,0,0.0,-100.0,,0,0.0,1645.1,1583.6,1587.7,61.5,8.790877754224164,2.86,,6574.0,1661.6,,
MARILIA,Marília,1995,0.0,-100.0,0,0.0,-100.0,,0,0.0,1661.6,1645.1,1630.0999999999997,16.5,8.773384596776648,-1.73,,6460.0,1255.4,,
MARILIA,Marília,1996,0.0,-100.0,0,0.0,-100.0,,0,0.0,1255.4,1661.6,1520.7,-406.1999999999998,8.53895468319775,-20.9,,5110.0,1544.0,,
MARILIA,Marília,1997,0.0,-100.0,0,0.0,-100.0,,0,0.0,1544.0,1255.4,1487.0,288.5999999999999,8.623892810075294,8.86,1.157,5563.0,1095.5,,
MARILIA,Marília,1998,0.0,-100.0,0,0.0,-100.0,,0,0.0,1095.5,1544.0,1298.3,-448.5,8.766861821669803,15.37,1.189,6418.0,1893.0,,
MARILIA,Marília,1999,0.0,-100.0,0,0.0,-100.0,,0,0.0,1893.0,1095.5,1510.8333333333333,797.5,8.680671660408713,-8.26,0.885,5888.0,1574.9,,
MARILIA,Marília,2000,0.0,-100.0,0,587.3,16.4,,0,587.3,1574.9,1893.0,1521.1333333333332,-318.0999999999999,8.771990436532242,9.56,1.361,6451.0,1497.5,,
MARILIA,Marília,2001,417.7,-0.5,28,541.1,7.2,0.2,2,958.8,1497.5,1574.9,1655.1333333333332,-77.40000000000009,8.528133131454572,-21.64,1.116,5055.0,1349.6,,
MARILIA,Marília,2002,520.9,24.1,16,550.8,9.2,3.5,0,1071.6,1349.6,1497.5,1474.0,-147.9000000000001,8.18423477409482,-29.1,0.86,3584.0,1791.9,,
MARILIA,Marília,2003,350.2,-16.6,45,667.4,32.3,6.0,0,1017.6,1791.9,1349.6,1546.3333333333333,442.3000000000002,8.195609567288775,1.14,1.315,3625.0,1760.0,,
MARILIA,Marília,2004,409.6,-2.4,20,444.2,-12.0,5.3,0,853.8,1760.0,1791.9,1633.8333333333333,-31.90000000000009,8.428799040653642,26.26,1.415,4577.0,1864.8,,
MARILIA,Marília,2005,522.0,24.4,10,443.4,-12.1,4.9,0,965.4,1864.8,1760.0,1805.5666666666668,104.79999999999995,8.496378051702317,6.99,1.005,4897.0,2107.3,,
MARILIA,Marília,2006,362.2,-13.7,18,521.1,3.3,6.8,0,883.3,2107.3,1864.8,1910.7,242.50000000000023,8.424310063936181,-6.95,0.789,4556.5,2072.9,,
MARILIA,Marília,2007,491.8,17.2,21,639.7,26.8,6.5,0,1131.5,2072.9,2107.3,2015.0000000000002,-34.40000000000009,8.404472321352118,-1.96,0.967,4467.0,1736.2,,
MARILIA,Marília,2008,360.8,-14.0,32,509.6,1.0,4.5,0,870.5,1736.2,2072.9,1972.1333333333334,-336.70000000000005,8.94754601503218,72.13,1.26,7689.0,2404.5,,
MARILIA,Marília,2009,347.4,-17.2,37,673.7,33.5,5.5,0,1021.1,2404.5,1736.2,2071.2000000000003,668.3,8.582044163735853,-30.62,1.048,5335.0,2314.9,,
MARILIA,Marília,2010,631.2,50.4,5,443.1,-12.2,3.8,0,1074.3,2314.9,2404.5,2151.8666666666663,-89.59999999999991,8.430109084509125,-14.1,0.761,4583.0,3304.6,,
MARILIA,Marília,2011,268.9,-35.9,23,554.3,9.9,6.9,0,823.2,3304.6,2314.9,2674.6666666666665,989.6999999999998,8.597887994121894,18.27,1.115,5420.2,3986.2,,
MARILIA,Marília,2012,341.1,-18.7,38,261.1,-48.3,1.8,1,602.1,3986.2,3304.6,3201.8999999999996,681.5999999999999,8.856817597583968,29.55,1.191,7022.1,3737.2,,
MARILIA,Marília,2013,347.1,-17.3,42,420.9,-16.6,5.4,0,768.0,3737.2,3986.2,3676.0,-249.0,8.978557105576627,12.95,1.041,7931.18,4077.2,,
MARILIA,Marília,2014,246.2,-41.4,35,342.1,-32.2,3.2,0,588.2,4077.2,3737.2,3933.533333333333,340.0,8.987821625430815,0.93,0.943,8005.0,3739.7,,
MARILIA,Marília,2015,419.8,0.0,28,451.8,-10.4,7.0,0,871.7,3739.7,4077.2,3851.3666666666663,-337.5,9.121181235656364,14.27,0.99,9147.0,4221.0,,
MARILIA,Marília,2016,683.8,62.9,19,648.5,28.5,9.8,0,1332.2,4221.0,3739.7,4012.633333333333,481.3000000000002,9.014447135152134,-10.12,1.099,8221.0,4434.8,,
MARILIA,Marília,2017,323.5,-22.9,11,489.3,-3.0,2.8,0,812.8,4434.8,4221.0,4131.833333333333,213.80000000000018,9.158099260130491,15.45,1.385,9491.0,4179.0,,
MARILIA,Marília,2018,563.8,34.3,24,539.2,6.9,4.7,0,1103.1,4179.0,4434.8,4278.266666666666,-255.80000000000018,9.281078386481525,13.09,0.905,10733.0,4563.8,,
MARILIA,Marília,2019,463.5,10.4,15,459.8,-8.9,5.7,0,923.3,4563.8,4179.0,4392.533333333333,384.8000000000002,9.64445772265751,43.82,0.951,15436.0,3984.6,,
MARILIA,Marília,2020,323.3,-23.0,51,489.8,-2.9,3.8,0,813.1,3984.6,4563.8,4242.466666666666,-579.2000000000003,9.680344001221918,3.65,1.236,16000.0,4784.4,,
MARILIA,Marília,2021,265.8,-36.7,52,340.1,-32.6,6.1,0,605.9,4784.4,3984.6,4444.266666666666,799.7999999999997,9.800014144059851,12.71,1.285,18034.0,4942.2,,
MARILIA,Marília,2022,346.1,-17.6,46,513.7,1.8,3.1,0,859.7,4942.2,4784.4,4570.4,157.80000000000018,9.878426121940757,8.16,1.395,19505.0,4885.0,,
MARILIA,Marília,2023,376.3,-10.3,25,537.4,6.5,5.7,0,913.7,4885.0,4942.2,4870.533333333334,-57.19999999999982,9.869620483024551,-0.88,1.426,19334.0,4826.9,,
MARILIA,Marília,2024,302.0,-28.1,73,345.1,-31.6,6.6,0,647.1,4826.9,4885.0,4884.7,-58.100000000000364,9.705280486511949,-15.15,1.245,16404.0,4299.4,,
MARILIA,Marília,2025,463.8,10.5,33,217.2,-56.9,6.2,0,681.0,4299.4,4826.9,4670.433333333333,-527.5,9.59655470049221,-10.3,1.047,14714.0,4229.2,,
MARILIA,Marília,2026,485.0,15.5,36,302.9,-40.0,1.7,1,787.9,4229.2,4299.4,4451.833333333333,-70.19999999999982,9.59655470049221,0.0,0.764,14714.0,,,
ORLANDIA,Orlândia,1985,0.0,-100.0,0,0.0,-100.0,,0,0.0,18065.9,1865.5,9965.7,16200.400000000001,7.234177179749849,137.33,,1386.0,1623.9,,
ORLANDIA,Orlândia,1986,0.0,-100.0,0,0.0,-100.0,,0,0.0,1623.9,18065.9,7185.100000000001,-16442.0,6.804614520062624,-34.92,,902.0,2116.7,,
ORLANDIA,Orlândia,1987,0.0,-100.0,0,0.0,-100.0,,0,0.0,2116.7,1623.9,7268.833333333333,492.7999999999997,6.633318433280377,-15.74,,760.0,2338.8,,
ORLANDIA,Orlândia,1988,0.0,-100.0,0,0.0,-100.0,,0,0.0,2338.8,2116.7,2026.4666666666665,222.10000000000036,6.413458957167357,-19.74,,610.0,2221.3,,
ORLANDIA,Orlândia,1989,0.0,-100.0,0,0.0,-100.0,,0,0.0,2221.3,2338.8,2225.6,-117.5,6.499787040655854,9.02,,665.0,2664.5,,
ORLANDIA,Orlândia,1990,0.0,-100.0,0,0.0,-100.0,,0,0.0,2664.5,2221.3,2408.2000000000003,443.1999999999998,6.333279628139691,-15.34,,563.0,2568.4,,
ORLANDIA,Orlândia,1991,0.0,-100.0,0,0.0,-100.0,,0,0.0,2568.4,2664.5,2484.733333333333,-96.09999999999991,7.707062655370473,295.03,,2224.0,2468.6,,
ORLANDIA,Orlândia,1992,0.0,-100.0,0,0.0,-100.0,,0,0.0,2468.6,2568.4,2567.1666666666665,-99.80000000000018,7.506591780070841,-18.17,,1820.0,2219.8,,
ORLANDIA,Orlândia,1993,0.0,-100.0,0,0.0,-100.0,,0,0.0,2219.8,2468.6,2418.933333333333,-248.79999999999973,7.714677473800927,23.13,,2241.0,2207.7,,
ORLANDIA,Orlândia,1994,0.0,-100.0,0,0.0,-100.0,,0,0.0,2207.7,2219.8,2298.7000000000003,-12.100000000000364,5.703782474656201,-86.61,,300.0,2000.0,,
ORLANDIA,Orlândia,1995,0.0,-100.0,0,0.0,-100.0,,0,0.0,2000.0,2207.7,2142.5,-207.69999999999982,7.111512116496157,308.67,,1226.0,2482.4,,
ORLANDIA,Orlândia,1996,0.0,-100.0,0,0.0,-100.0,,0,0.0,2482.4,2000.0,2230.0333333333333,482.4000000000001,7.512071245835466,49.27,,1830.0,2603.8,,
ORLANDIA,Orlândia,1997,0.0,-100.0,0,0.0,-100.0,,0,0.0,2603.8,2482.4,2362.066666666667,121.40000000000009,7.51479976048867,0.27,1.157,1835.0,2535.4,,
ORLANDIA,Orlândia,1998,0.0,-100.0,0,0.0,-100.0,,0,0.0,2535.4,2603.8,2540.5333333333333,-68.40000000000009,7.295735072749282,-19.67,1.189,1474.0,2552.2,,
ORLANDIA,Orlândia,1999,0.0,-100.0,0,0.0,-100.0,,0,0.0,2552.2,2535.4,2563.8,16.799999999999727,7.489970898834801,21.44,0.885,1790.0,2465.1,,
ORLANDIA,Orlândia,2000,0.0,-100.0,0,895.6,46.2,,0,895.6,2465.1,2552.2,2517.566666666666,-87.09999999999991,7.89655270164304,50.17,1.361,2688.0,2688.8,,
ORLANDIA,Orlândia,2001,475.3,-9.0,30,447.8,-26.9,3.4,0,923.2,2688.8,2465.1,2568.7,223.70000000000027,8.163656176168432,30.62,1.116,3511.0,3778.0,,
ORLANDIA,Orlândia,2002,653.9,25.2,15,695.0,13.4,6.0,0,1348.9,3778.0,2688.8,2977.2999999999997,1089.1999999999998,7.618742377670413,-42.01,0.86,2036.0,2817.6,,
ORLANDIA,Orlândia,2003,543.9,4.2,33,897.6,46.5,8.2,0,1441.5,2817.6,3778.0,3094.8000000000006,-960.4000000000001,6.4692503167957724,-68.32,1.315,645.0,3056.2,,
ORLANDIA,Orlândia,2004,445.0,-14.8,19,720.5,17.6,7.2,0,1165.5,3056.2,2817.6,3217.2666666666664,238.5999999999999,7.346655163176539,140.47,1.415,1551.0,3053.3,,
ORLANDIA,Orlândia,2005,603.5,15.6,16,553.0,-9.7,6.6,0,1156.5,3053.3,3056.2,2975.7000000000003,-2.899999999999636,6.7661917146603505,-44.04,1.005,868.0,3225.8,,
ORLANDIA,Orlândia,2006,566.7,8.5,24,667.0,8.9,9.6,0,1233.7,3225.8,3053.3,3111.7666666666664,172.5,6.214608098422191,-42.4,0.789,500.0,3050.0,,
ORLANDIA,Orlândia,2007,790.2,51.3,4,708.0,15.5,8.4,0,1498.2,3050.0,3225.8,3109.7000000000003,-175.80000000000018,7.447751280047908,243.2,0.967,1716.0,3265.1,,
ORLANDIA,Orlândia,2008,420.6,-19.5,31,722.8,18.0,7.0,0,1143.4,3265.1,3050.0,3180.3000000000006,215.0999999999999,7.682666761344722,26.48,1.26,2170.4,4254.6,,
ORLANDIA,Orlândia,2009,541.9,3.8,36,699.1,14.1,9.2,0,1241.0,4254.6,3265.1,3523.2333333333336,989.5000000000005,7.9203738544832705,26.83,1.048,2752.8,3167.8,,
ORLANDIA,Orlândia,2010,611.5,17.1,8,571.6,-6.7,4.7,0,1183.1,3167.8,4254.6,3562.5,-1086.8000000000002,7.864343067620829,-5.45,0.761,2602.8,3771.1,,
ORLANDIA,Orlândia,2011,473.7,-9.3,9,737.0,20.3,8.8,0,1210.6,3771.1,3167.8,3731.1666666666665,603.2999999999997,6.983604591265575,-58.55,1.115,1078.8,4490.5,,
ORLANDIA,Orlândia,2012,535.9,2.6,11,517.8,-15.5,4.8,0,1053.7,4490.5,3771.1,3809.8000000000006,719.4000000000001,7.041236670356618,5.93,1.191,1142.8,3008.8,,
ORLANDIA,Orlândia,2013,409.2,-21.6,36,578.2,-5.6,5.8,0,987.5,3008.8,4490.5,3756.7999999999997,-1481.6999999999998,7.07326971745971,3.26,1.041,1180.0,4046.6,,
ORLANDIA,Orlândia,2014,454.4,-13.0,20,299.5,-51.1,6.4,0,753.8,4046.6,3008.8,3848.633333333333,1037.7999999999997,6.684611727667927,-32.2,0.943,800.0,3000.0,,
ORLANDIA,Orlândia,2015,425.5,-18.5,30,473.7,-22.7,9.8,0,899.1,3000.0,4046.6,3351.8000000000006,-1046.6,6.684611727667927,0.0,0.99,800.0,3250.0,,
ORLANDIA,Orlândia,2016,535.0,2.4,26,757.3,23.6,11.0,0,1292.3,3250.0,3000.0,3432.2000000000003,250.0,4.787491742782046,-85.0,1.099,120.0,2250.0,,
ORLANDIA,Orlândia,2017,471.5,-9.7,21,465.4,-24.0,4.5,0,936.9,2250.0,3250.0,2833.3333333333335,-1000.0,6.551080335043404,483.33,1.385,700.0,1500.0,,
ORLANDIA,Orlândia,2018,524.5,0.4,23,628.3,2.5,7.6,0,1152.8,1500.0,2250.0,2333.3333333333335,-750.0,5.41610040220442,-67.86,0.905,225.0,5050.0,,
ORLANDIA,Orlândia,2019,550.8,5.5,6,473.4,-22.7,7.1,0,1024.2,5050.0,1500.0,2933.3333333333335,3550.0,5.857933154483459,55.56,0.951,350.0,6250.0,,
ORLANDIA,Orlândia,2020,411.2,-21.2,39,641.6,4.7,4.4,0,1052.8,6250.0,5050.0,4266.666666666667,1200.0,7.323170717943469,332.86,1.236,1515.0,5016.5,,
ORLANDIA,Orlândia,2021,331.5,-36.5,44,311.1,-49.2,8.5,0,642.5,5016.5,6250.0,5438.833333333333,-1233.5,5.480638923341991,-84.16,1.285,240.0,3671.9,,
ORLANDIA,Orlândia,2022,564.8,8.2,16,556.8,-9.1,3.9,0,1121.6,3671.9,5016.5,4979.466666666666,-1344.6,6.173786103901937,100.0,1.395,480.0,5000.0,,
ORLANDIA,Orlândia,2023,448.9,-14.0,29,632.1,3.2,5.2,0,1081.0,5000.0,3671.9,4562.8,1328.1,4.867534450455582,-72.92,1.426,130.0,4519.2,,
ORLANDIA,Orlândia,2024,412.1,-21.1,72,375.1,-38.8,7.8,0,787.1,4519.2,5000.0,4397.033333333334,-480.8000000000002,6.133398042996649,254.62,1.245,461.0,4500.0,,
ORLANDIA,Orlândia,2025,643.1,23.1,17,289.7,-52.7,8.8,0,932.8,4500.0,4519.2,4673.066666666667,-19.199999999999818,4.605170185988092,-78.31,1.047,100.0,4500.0,,
ORLANDIA,Orlândia,2026,405.8,-22.3,55,544.0,-11.2,5.2,0,949.8,4500.0,4500.0,4506.400000000001,0.0,4.605170185988092,0.0,0.764,100.0,,,
PRESIDENTE PRUDENTE,Presidente Prudente,1985,0.0,-100.0,0,0.0,-100.0,,0,0.0,1419.7,1026.5,1223.1,393.20000000000005,9.579348943073732,14.04,,14463.0,1466.7,,
PRESIDENTE PRUDENTE,Presidente Prudente,1986,0.0,-100.0,0,0.0,-100.0,,0,0.0,1466.7,1419.7,1304.3,47.0,9.697324021256602,12.52,,16274.0,669.5,,
PRESIDENTE PRUDENTE,Presidente Prudente,1987,0.0,-100.0,0,0.0,-100.0,,0,0.0,669.5,1466.7,1185.3,-797.2,9.340929941679784,-29.98,,11395.0,1123.0,,
PRESIDENTE PRUDENTE,Presidente Prudente,1988,0.0,-100.0,0,0.0,-100.0,,0,0.0,1123.0,669.5,1086.3999999999999,453.5,8.68270762989381,-48.22,,5900.0,1478.4,,
PRESIDENTE PRUDENTE,Presidente Prudente,1989,0.0,-100.0,0,0.0,-100.0,,0,0.0,1478.4,1123.0,1090.3,355.4000000000001,8.118207049405783,-43.14,,3355.0,1497.5,,
PRESIDENTE PRUDENTE,Presidente Prudente,1990,0.0,-100.0,0,0.0,-100.0,,0,0.0,1497.5,1478.4,1366.3,19.09999999999991,7.9603236291488395,-14.61,,2865.0,1587.7,,
PRESIDENTE PRUDENTE,Presidente Prudente,1991,0.0,-100.0,0,0.0,-100.0,,0,0.0,1587.7,1497.5,1521.2,90.20000000000005,8.426173793029069,59.34,,4565.0,1722.8,,
PRESIDENTE PRUDENTE,Presidente Prudente,1992,0.0,-100.0,0,0.0,-100.0,,0,0.0,1722.8,1587.7,1602.6666666666667,135.0999999999999,8.427487278331744,0.13,,4571.0,1526.3,,
PRESIDENTE PRUDENTE,Presidente Prudente,1993,0.0,-100.0,0,0.0,-100.0,,0,0.0,1526.3,1722.8,1612.2666666666667,-196.5,7.954372272531867,-37.69,,2848.0,1804.9,,
PRESIDENTE PRUDENTE,Presidente Prudente,1994,0.0,-100.0,0,0.0,-100.0,,0,0.0,1804.9,1526.3,1684.6666666666667,278.60000000000014,8.196161139282902,27.35,,3627.0,2005.2,,
PRESIDENTE PRUDENTE,Presidente Prudente,1995,0.0,-100.0,0,0.0,-100.0,,0,0.0,2005.2,1804.9,1778.8000000000002,200.29999999999995,8.163940954755008,-3.17,,3512.0,1818.1,,
PRESIDENTE PRUDENTE,Presidente Prudente,1996,0.0,-100.0,0,0.0,-100.0,,0,0.0,1818.1,2005.2,1876.0666666666668,-187.10000000000014,7.836764783264067,-27.9,,2532.0,1880.8,,
PRESIDENTE PRUDENTE,Presidente Prudente,1997,0.0,-100.0,0,0.0,-100.0,,0,0.0,1880.8,1818.1,1901.3666666666666,62.700000000000045,8.62515033292133,119.98,1.157,5570.0,1841.9,,
PRESIDENTE PRUDENTE,Presidente Prudente,1998,0.0,-100.0,0,0.0,-100.0,,0,0.0,1841.9,1880.8,1846.9333333333332,-38.899999999999864,8.621012520055235,-0.41,1.189,5547.0,1949.9,,
PRESIDENTE PRUDENTE,Presidente Prudente,1999,0.0,-100.0,0,0.0,-100.0,,0,0.0,1949.9,1841.9,1890.8666666666668,108.0,8.118207049405783,-39.52,0.885,3355.0,2015.6,,
PRESIDENTE PRUDENTE,Presidente Prudente,2000,0.0,-100.0,0,505.8,0.8,,0,505.8,2015.6,1949.9,1935.8,65.69999999999982,8.032035314398824,-8.26,1.361,3078.0,1851.1,,
PRESIDENTE PRUDENTE,Presidente Prudente,2001,421.7,-5.5,27,539.3,7.4,0.8,1,961.0,1851.1,2015.6,1938.8666666666668,-164.5,8.367532416861831,39.86,1.116,4305.0,1977.4,,
PRESIDENTE PRUDENTE,Presidente Prudente,2002,437.3,-2.0,22,445.4,-11.3,2.9,0,882.8,1977.4,1851.1,1948.0333333333335,126.30000000000018,8.495765244002618,13.68,0.86,4894.0,2006.9,,
PRESIDENTE PRUDENTE,Presidente Prudente,2003,434.1,-2.7,36,694.4,38.3,7.8,0,1128.5,2006.9,1977.4,1945.1333333333332,29.5,8.258422462458876,-21.13,1.315,3860.0,2679.5,,
PRESIDENTE PRUDENTE,Presidente Prudente,2004,332.9,-25.4,33,303.1,-39.6,6.5,0,636.0,2679.5,2006.9,2221.2666666666664,672.5999999999999,8.544224530467268,33.08,1.415,5137.0,2739.8,,
PRESIDENTE PRUDENTE,Presidente Prudente,2005,524.1,17.5,7,447.1,-10.9,4.8,0,971.2,2739.8,2679.5,2475.4,60.30000000000018,8.495356496807062,-4.77,1.005,4892.0,3041.5,,
PRESIDENTE PRUDENTE,Presidente Prudente,2006,351.7,-21.2,12,544.3,8.4,6.6,0,896.0,3041.5,2739.8,2820.2666666666664,301.6999999999998,9.339964139769688,132.71,0.789,11384.0,2945.6,,
PRESIDENTE PRUDENTE,Presidente Prudente,2007,476.5,6.8,27,594.5,18.4,8.3,0,1070.9,2945.6,3041.5,2908.966666666667,-95.90000000000009,8.758412389457677,-44.1,0.967,6364.0,2994.1,,
PRESIDENTE PRUDENTE,Presidente Prudente,2008,376.3,-15.6,34,500.7,-0.3,5.4,0,877.1,2994.1,2945.6,2993.7333333333336,48.5,8.521185212685776,-21.12,1.26,5020.0,2975.6,,
PRESIDENTE PRUDENTE,Presidente Prudente,2009,309.9,-30.5,41,625.4,24.6,6.9,0,935.2,2975.6,2994.1,2971.7666666666664,-18.5,8.63550941823428,12.11,1.048,5628.0,3237.6,,
PRESIDENTE PRUDENTE,Presidente Prudente,2010,818.4,83.5,5,661.9,31.8,4.4,0,1480.3,3237.6,2975.6,3069.1,262.0,8.37687309330114,-22.79,0.761,4345.4,4237.3,,
PRESIDENTE PRUDENTE,Presidente Prudente,2011,437.5,-1.9,11,622.5,24.0,8.1,0,1060.0,4237.3,3237.6,3483.5,999.7000000000003,8.76495910895116,47.42,1.115,6405.799999999999,4418.4,,
PRESIDENTE PRUDENTE,Presidente Prudente,2012,386.0,-13.5,33,335.6,-33.1,3.1,0,721.6,4418.4,4237.3,3964.433333333334,181.09999999999945,9.177403871729918,51.05,1.191,9676.0,4563.8,,
PRESIDENTE PRUDENTE,Presidente Prudente,2013,371.8,-16.6,57,411.3,-18.1,6.1,0,783.2,4563.8,4418.4,4406.5,145.40000000000055,9.234954932740102,5.92,1.041,10249.2,4711.0,,
PRESIDENTE PRUDENTE,Presidente Prudente,2014,375.8,-15.8,38,426.8,-15.0,3.2,0,802.6,4711.0,4563.8,4564.4,147.19999999999982,9.300043955057962,6.73,0.943,10938.5,3312.5,,
PRESIDENTE PRUDENTE,Presidente Prudente,2015,381.3,-14.5,24,419.5,-16.4,8.0,0,800.8,3312.5,4711.0,4195.766666666666,-1398.5,9.309280319831087,0.93,0.99,11040.0,4725.2,,
PRESIDENTE PRUDENTE,Presidente Prudente,2016,755.5,69.4,13,631.6,25.8,9.2,0,1387.1,4725.2,3312.5,4249.566666666667,1412.6999999999998,9.374922172292127,6.78,1.099,11789.0,5063.5,,
PRESIDENTE PRUDENTE,Presidente Prudente,2017,369.1,-17.2,25,392.1,-21.9,3.3,0,761.2,5063.5,4725.2,4367.066666666667,338.3000000000002,9.535679435605061,17.44,1.385,13845.0,5020.6,,
PRESIDENTE PRUDENTE,Presidente Prudente,2018,556.2,24.7,25,623.3,24.2,5.9,0,1179.6,5020.6,5063.5,4936.433333333333,-42.899999999999636,9.571992907127694,3.7,0.905,14357.0,5038.1,,
PRESIDENTE PRUDENTE,Presidente Prudente,2019,456.6,2.4,16,403.8,-19.6,5.8,0,860.5,5038.1,5020.6,5040.733333333334,17.5,9.66997795897274,10.29,0.951,15835.0,3860.9,,
PRESIDENTE PRUDENTE,Presidente Prudente,2020,348.5,-21.9,56,417.9,-16.8,4.5,0,766.4,3860.9,5038.1,4639.866666666667,-1177.2000000000003,9.630759771866158,-3.85,1.236,15226.0,4611.6,,
PRESIDENTE PRUDENTE,Presidente Prudente,2021,303.7,-31.9,52,368.3,-26.6,7.2,0,672.0,4611.6,3860.9,4503.533333333334,750.7000000000003,9.710285011965885,8.28,1.285,16486.3,4621.5,,
PRESIDENTE PRUDENTE,Presidente Prudente,2022,308.4,-30.9,48,447.2,-10.9,3.4,0,755.6,4621.5,4611.6,4364.666666666667,9.899999999999636,9.65317833314915,-5.55,1.395,15571.2,4196.3,,
PRESIDENTE PRUDENTE,Presidente Prudente,2023,365.3,-18.1,18,568.3,13.2,6.4,0,933.6,4196.3,4621.5,4476.466666666666,-425.1999999999998,9.735187237104428,8.55,1.426,16902.0,4556.9,,
PRESIDENTE PRUDENTE,Presidente Prudente,2024,329.6,-26.1,77,267.2,-46.8,7.9,0,596.8,4556.9,4196.3,4458.233333333334,360.59999999999945,9.849928535441565,12.16,1.245,18957.0,3380.4,,
PRESIDENTE PRUDENTE,Presidente Prudente,2025,421.5,-5.5,39,186.1,-62.9,6.3,0,607.6,3380.4,4556.9,4044.533333333333,-1176.4999999999995,9.923535247839906,7.64,1.047,20405.0,3936.5,,
PRESIDENTE PRUDENTE,Presidente Prudente,2026,546.1,22.4,27,295.8,-41.1,3.1,0,842.0,3936.5,3380.4,3957.933333333333,556.0999999999999,9.923535247839906,0.0,0.764,20405.0,,,
PRESIDENTE VENCESLAU,Presidente Venceslau,1985,0.0,-100.0,0,0.0,-100.0,,0,0.0,1373.4,1116.9,1245.15,256.5,8.760296220470051,23.64,,6376.0,1462.8,,
PRESIDENTE VENCESLAU,Presidente Venceslau,1986,0.0,-100.0,0,0.0,-100.0,,0,0.0,1462.8,1373.4,1317.7,89.39999999999986,8.745443680098592,-1.47,,6282.0,837.2,,
PRESIDENTE VENCESLAU,Presidente Venceslau,1987,0.0,-100.0,0,0.0,-100.0,,0,0.0,837.2,1462.8,1224.4666666666667,-625.5999999999999,8.348064228408266,-32.79,,4222.0,642.7,,
PRESIDENTE VENCESLAU,Presidente Venceslau,1988,0.0,-100.0,0,0.0,-100.0,,0,0.0,642.7,837.2,980.9,-194.5,5.736572297479192,-92.66,,310.0,1677.4,,
PRESIDENTE VENCESLAU,Presidente Venceslau,1989,0.0,-100.0,0,0.0,-100.0,,0,0.0,1677.4,642.7,1052.4333333333334,1034.7,5.768320995793772,3.23,,320.0,2343.8,,
PRESIDENTE VENCESLAU,Presidente Venceslau,1990,0.0,-100.0,0,0.0,-100.0,,0,0.0,2343.8,1677.4,1554.6333333333334,666.4000000000001,5.991464547107982,25.0,,400.0,3000.0,,
PRESIDENTE VENCESLAU,Presidente Venceslau,1991,0.0,-100.0,0,0.0,-100.0,,0,0.0,3000.0,2343.8,2340.4,656.1999999999998,4.663439094112067,-73.5,,106.0,2686.3,,
PRESIDENTE VENCESLAU,Presidente Venceslau,1992,0.0,-100.0,0,0.0,-100.0,,0,0.0,2686.3,3000.0,2676.7000000000003,-313.6999999999998,6.008813185442595,283.96,,407.0,1092.0,,
PRESIDENTE VENCESLAU,Presidente Venceslau,1993,0.0,-100.0,0,0.0,-100.0,,0,0.0,1092.0,2686.3,2259.4333333333334,-1594.3000000000002,6.922643891475888,149.39,,1015.0,1938.4,,
PRESIDENTE VENCESLAU,Presidente Venceslau,1994,0.0,-100.0,0,0.0,-100.0,,0,0.0,1938.4,1092.0,1905.5666666666668,846.4000000000001,5.081404364984463,-84.14,,161.0,2329.2,,
PRESIDENTE VENCESLAU,Presidente Venceslau,1995,0.0,-100.0,0,0.0,-100.0,,0,0.0,2329.2,1938.4,1786.5333333333335,390.7999999999997,4.553876891600541,-40.99,,95.0,2540.8,,
PRESIDENTE VENCESLAU,Presidente Venceslau,1996,0.0,-100.0,0,0.0,-100.0,,0,0.0,2540.8,2329.2,2269.4666666666667,211.60000000000036,5.225746673713202,95.79,,186.0,1876.3,,
PRESIDENTE VENCESLAU,Presidente Venceslau,1997,0.0,-100.0,0,0.0,-100.0,,0,0.0,1876.3,2540.8,2248.766666666667,-664.5000000000002,4.7535901911063645,-37.63,1.157,116.0,2038.4,,
PRESIDENTE VENCESLAU,Presidente Venceslau,1998,0.0,-100.0,0,0.0,-100.0,,0,0.0,2038.4,1876.3,2151.8333333333335,162.10000000000014,6.90975328164481,763.79,1.189,1002.0,1882.1,,
PRESIDENTE VENCESLAU,Presidente Venceslau,1999,0.0,-100.0,0,0.0,-100.0,,0,0.0,1882.1,2038.4,1932.2666666666667,-156.30000000000018,7.190676034332207,32.44,0.885,1327.0,1839.3,,
PRESIDENTE VENCESLAU,Presidente Venceslau,2000,0.0,-100.0,0,500.1,-0.3,,0,500.1,1839.3,1882.1,1919.9333333333332,-42.799999999999955,7.0587581525186645,-12.36,1.361,1163.0,2048.2,,
PRESIDENTE VENCESLAU,Presidente Venceslau,2001,432.6,-0.2,31,595.3,18.7,0.5,3,1027.9,2048.2,1839.3,1923.2,208.89999999999986,7.819636302367592,114.02,1.116,2489.0,2501.9,,
PRESIDENTE VENCESLAU,Presidente Venceslau,2002,443.4,2.3,25,388.2,-22.6,2.2,0,831.6,2501.9,2048.2,2129.8,453.7000000000003,7.242082359256962,-43.87,0.86,1397.0,2255.6,,
PRESIDENTE VENCESLAU,Presidente Venceslau,2003,426.4,-1.6,43,766.7,52.9,7.2,0,1193.1,2255.6,2501.9,2268.5666666666666,-246.30000000000018,7.880048200971577,89.26,1.315,2644.0,2528.5,,
PRESIDENTE VENCESLAU,Presidente Venceslau,2004,320.4,-26.1,55,314.6,-37.3,6.1,0,635.0,2528.5,2255.6,2428.6666666666665,272.9000000000001,7.557994958530806,-27.53,1.415,1916.0,1922.4,,
PRESIDENTE VENCESLAU,Presidente Venceslau,2005,562.0,29.7,9,387.9,-22.6,2.6,0,949.9,1922.4,2528.5,2235.5,-606.0999999999999,7.52294091807237,-3.44,1.005,1850.0,1673.0,,
PRESIDENTE VENCESLAU,Presidente Venceslau,2006,309.8,-28.5,38,592.1,18.1,6.0,0,901.9,1673.0,1922.4,2041.3,-249.4000000000001,6.142037405587356,-74.86,0.789,465.0,2147.8,,
PRESIDENTE VENCESLAU,Presidente Venceslau,2007,521.1,20.2,33,604.4,20.5,7.2,0,1125.4,2147.8,1673.0,1914.4000000000003,474.8000000000002,6.659293919683638,67.74,0.967,780.0,1760.4,,
PRESIDENTE VENCESLAU,Presidente Venceslau,2008,324.6,-25.1,49,539.4,7.6,4.7,0,864.0,1760.4,2147.8,1860.4000000000003,-387.4000000000001,6.320768294250582,-28.72,1.26,556.0,2338.0,,
PRESIDENTE VENCESLAU,Presidente Venceslau,2009,292.1,-32.6,53,703.3,40.2,6.3,0,995.4,2338.0,1760.4,2082.0666666666666,577.5999999999999,7.179460396910777,136.01,1.048,1312.2,2191.8,,
PRESIDENTE VENCESLAU,Presidente Venceslau,2010,731.2,68.7,5,672.2,34.0,4.8,0,1403.3,2191.8,2338.0,2096.7333333333336,-146.19999999999982,6.29156913955832,-58.85,0.761,540.0,2439.8,,
PRESIDENTE VENCESLAU,Presidente Venceslau,2011,388.7,-10.3,28,639.2,27.5,7.2,0,1027.9,2439.8,2191.8,2323.2000000000003,248.0,6.593044534142437,35.19,1.115,730.0,2486.3,,
PRESIDENTE VENCESLAU,Presidente Venceslau,2012,409.1,-5.6,45,332.4,-33.7,1.8,1,741.5,2486.3,2439.8,2372.6333333333337,46.5,7.444248649496705,134.25,1.191,1710.0,2524.6,,
PRESIDENTE VENCESLAU,Presidente Venceslau,2013,386.4,-10.9,64,426.3,-15.0,5.8,0,812.6,2524.6,2486.3,2483.5666666666666,38.29999999999973,7.033506484287697,-33.68,1.041,1134.0,2806.2,,
PRESIDENTE VENCESLAU,Presidente Venceslau,2014,360.6,-16.8,44,408.2,-18.6,1.4,2,768.7,2806.2,2524.6,2605.7,281.5999999999999,6.856461984594587,-16.23,0.943,950.0,2765.7,,
PRESIDENTE VENCESLAU,Presidente Venceslau,2015,396.3,-8.5,25,430.5,-14.1,7.2,0,826.9,2765.7,2806.2,2698.8333333333335,-40.5,6.665683717782408,-17.37,0.99,785.0,2650.3,,
PRESIDENTE VENCESLAU,Presidente Venceslau,2016,682.9,57.6,21,535.8,6.8,8.7,0,1218.6,2650.3,2765.7,2740.7333333333336,-115.39999999999964,6.948321240728799,32.66,1.099,1041.4,2671.2,,
PRESIDENTE VENCESLAU,Presidente Venceslau,2017,366.4,-15.5,41,370.4,-26.1,2.6,0,736.8,2671.2,2650.3,2695.733333333333,20.899999999999636,7.106606137727303,17.15,1.385,1220.0,3014.3,,
PRESIDENTE VENCESLAU,Presidente Venceslau,2018,585.3,35.1,33,530.3,5.7,6.0,0,1115.6,3014.3,2671.2,2778.6,343.10000000000036,6.796823718274855,-26.64,0.905,895.0,4575.3,,
PRESIDENTE VENCESLAU,Presidente Venceslau,2019,414.7,-4.3,23,365.1,-27.2,5.8,0,779.8,4575.3,3014.3,3420.2666666666664,1561.0,7.307202314764738,66.59,0.951,1491.0,3141.8,,
PRESIDENTE VENCESLAU,Presidente Venceslau,2020,313.6,-27.6,69,427.1,-14.8,3.5,0,740.7,3141.8,4575.3,3577.1333333333337,-1433.5,7.208600337960199,-9.39,1.236,1351.0,3644.3,,
PRESIDENTE VENCESLAU,Presidente Venceslau,2021,344.3,-20.6,66,339.2,-32.4,6.8,0,683.5,3644.3,3141.8,3787.1333333333337,502.5,9.02567206371376,515.38,1.285,8313.8,2164.6,,
PRESIDENTE VENCESLAU,Presidente Venceslau,2022,286.3,-33.9,67,417.9,-16.7,3.1,0,704.1,2164.6,3644.3,2983.566666666667,-1479.7000000000003,8.550782694409794,-37.8,1.395,5170.8,3180.0,,
PRESIDENTE VENCESLAU,Presidente Venceslau,2023,291.1,-32.8,46,540.4,7.8,5.9,0,831.5,3180.0,2164.6,2996.3000000000006,1015.4000000000001,9.078179468373843,69.45,1.426,8762.0,4147.6,,
PRESIDENTE VENCESLAU,Presidente Venceslau,2024,299.4,-30.9,79,254.3,-49.3,5.9,0,553.7,4147.6,3180.0,3164.066666666667,967.6000000000004,9.175334762777368,10.2,1.245,9656.0,2640.6,,
PRESIDENTE VENCESLAU,Presidente Venceslau,2025,430.7,-0.6,44,196.7,-60.8,5.7,0,627.3,2640.6,4147.6,3322.7333333333336,-1507.0000000000005,9.339876293325217,17.89,1.047,11383.0,2641.1,,
PRESIDENTE VENCESLAU,Presidente Venceslau,2026,491.1,13.3,41,278.0,-44.6,2.2,0,769.1,2641.1,2640.6,3143.1,0.5,9.339876293325217,0.0,0.764,11383.0,,,
RIBEIRAO PRETO,Ribeirão Preto,1985,0.0,-100.0,0,0.0,-100.0,,0,0.0,2362.0,1755.4,2058.7,606.5999999999999,8.978660489639687,63.34,,7932.0,2544.1,,
RIBEIRAO PRETO,Ribeirão Preto,1986,0.0,-100.0,0,0.0,-100.0,,0,0.0,2544.1,2362.0,2220.5,182.0999999999999,9.262648151599528,32.84,,10537.0,2189.4,,
RIBEIRAO PRETO,Ribeirão Preto,1987,0.0,-100.0,0,0.0,-100.0,,0,0.0,2189.4,2544.1,2365.1666666666665,-354.6999999999998,9.287301413112312,2.5,,10800.0,2178.8,,
RIBEIRAO PRETO,Ribeirão Preto,1988,0.0,-100.0,0,0.0,-100.0,,0,0.0,2178.8,2189.4,2304.1000000000004,-10.599999999999909,9.153770020487789,-12.5,,9450.0,2375.0,,
RIBEIRAO PRETO,Ribeirão Preto,1989,0.0,-100.0,0,0.0,-100.0,,0,0.0,2375.0,2178.8,2247.7333333333336,196.19999999999982,9.029897050194,-11.65,,8349.0,2629.4,,
RIBEIRAO PRETO,Ribeirão Preto,1990,0.0,-100.0,0,0.0,-100.0,,0,0.0,2629.4,2375.0,2394.4,254.4000000000001,9.128913373280454,10.41,,9218.0,2449.8,,
RIBEIRAO PRETO,Ribeirão Preto,1991,0.0,-100.0,0,0.0,-100.0,,0,0.0,2449.8,2629.4,2484.7333333333336,-179.5999999999999,9.390826912824407,29.94,,11978.0,2382.3,,
RIBEIRAO PRETO,Ribeirão Preto,1992,0.0,-100.0,0,0.0,-100.0,,0,0.0,2382.3,2449.8,2487.1666666666665,-67.5,9.348361669873558,-4.16,,11480.0,2133.1,,
RIBEIRAO PRETO,Ribeirão Preto,1993,0.0,-100.0,0,0.0,-100.0,,0,0.0,2133.1,2382.3,2321.733333333333,-249.20000000000027,9.330343164370879,-1.79,,11275.0,2430.5,,
RIBEIRAO PRETO,Ribeirão Preto,1994,0.0,-100.0,0,0.0,-100.0,,0,0.0,2430.5,2133.1,2315.3,297.4000000000001,9.377548290960089,4.83,,11820.0,2611.0,,
RIBEIRAO PRETO,Ribeirão Preto,1995,0.0,-100.0,0,0.0,-100.0,,0,0.0,2611.0,2430.5,2391.5333333333333,180.5,9.653101264828043,31.73,,15570.0,2453.3,,
RIBEIRAO PRETO,Ribeirão Preto,1996,0.0,-100.0,0,0.0,-100.0,,0,0.0,2453.3,2611.0,2498.266666666667,-157.69999999999982,9.414912537704957,-21.19,,12270.0,2654.8,,
RIBEIRAO PRETO,Ribeirão Preto,1997,0.0,-100.0,0,0.0,-100.0,,0,0.0,2654.8,2453.3,2573.0333333333333,201.5,9.41897923708751,0.41,1.157,12320.0,2283.8,,
RIBEIRAO PRETO,Ribeirão Preto,1998,0.0,-100.0,0,0.0,-100.0,,0,0.0,2283.8,2654.8,2463.9666666666667,-371.0,9.923290179832307,65.58,1.189,20400.0,2701.0,,
RIBEIRAO PRETO,Ribeirão Preto,1999,0.0,-100.0,0,0.0,-100.0,,0,0.0,2701.0,2283.8,2546.5333333333333,417.1999999999998,9.597641509456675,-27.79,0.885,14730.0,2559.6,,
RIBEIRAO PRETO,Ribeirão Preto,2000,0.0,-100.0,0,726.6,29.0,,0,726.6,2559.6,2701.0,2514.8,-141.4000000000001,9.689675328650802,9.64,1.361,16150.0,2712.2,,
RIBEIRAO PRETO,Ribeirão Preto,2001,534.0,13.9,25,449.5,-20.2,2.3,0,983.4,2712.2,2559.6,2657.6,152.5999999999999,9.915169057309965,25.29,1.116,20235.0,2549.0,,
RIBEIRAO PRETO,Ribeirão Preto,2002,600.9,28.2,9,768.8,36.5,4.8,0,1369.7,2549.0,2712.2,2606.933333333333,-163.19999999999982,9.718061180788695,-17.89,0.86,16615.0,2592.2,,
RIBEIRAO PRETO,Ribeirão Preto,2003,514.3,9.7,34,745.8,32.4,6.5,0,1260.1,2592.2,2549.0,2617.7999999999997,43.19999999999982,9.581903928408666,-12.73,1.315,14500.0,2536.2,,
RIBEIRAO PRETO,Ribeirão Preto,2004,514.6,9.8,17,707.3,25.6,6.0,0,1222.0,2536.2,2592.2,2559.133333333333,-56.0,9.525151111816216,-5.52,1.415,13700.0,2951.6,,
RIBEIRAO PRETO,Ribeirão Preto,2005,513.9,9.6,11,544.1,-3.4,5.6,0,1058.0,2951.6,2536.2,2693.333333333333,415.4000000000001,9.287301413112312,-21.17,1.005,10800.0,2923.6,,
RIBEIRAO PRETO,Ribeirão Preto,2006,527.2,12.5,16,629.3,11.7,8.3,0,1156.5,2923.6,2951.6,2803.7999999999997,-28.0,9.084323531392696,-18.37,0.789,8816.0,2739.3,,
RIBEIRAO PRETO,Ribeirão Preto,2007,599.3,27.9,6,686.1,21.8,7.2,0,1285.3,2739.3,2923.6,2871.5,-184.29999999999973,8.987196820661973,-9.26,0.967,8000.0,2681.2,,
RIBEIRAO PRETO,Ribeirão Preto,2008,322.1,-31.3,34,643.4,14.2,5.1,0,965.5,2681.2,2739.3,2781.366666666667,-58.100000000000364,9.127328259982118,15.04,1.26,9203.4,2800.4,,
RIBEIRAO PRETO,Ribeirão Preto,2009,458.6,-2.1,23,611.3,8.5,7.8,0,1070.0,2800.4,2681.2,2740.3000000000006,119.20000000000027,8.57442382487051,-42.47,1.048,5294.5,2934.4,,
RIBEIRAO PRETO,Ribeirão Preto,2010,659.5,40.7,5,431.7,-23.4,4.3,0,1091.2,2934.4,2800.4,2805.3333333333335,134.0,8.605753368395717,3.18,0.761,5463.0,3227.6,,
RIBEIRAO PRETO,Ribeirão Preto,2011,342.3,-27.0,19,736.1,30.7,6.6,0,1078.4,3227.6,2934.4,2987.4666666666667,293.1999999999998,8.55564437779049,-4.89,1.115,5196.0,3246.2,,
RIBEIRAO PRETO,Ribeirão Preto,2012,527.5,12.6,8,399.0,-29.2,3.8,0,926.6,3246.2,3227.6,3136.066666666666,18.59999999999991,8.536211197252,-1.92,1.191,5096.0,2834.0,,
RIBEIRAO PRETO,Ribeirão Preto,2013,420.1,-10.4,26,573.4,1.8,5.5,0,993.5,2834.0,3246.2,3102.6,-412.1999999999998,8.317766166719343,-19.62,1.041,4096.0,2817.9,,
RIBEIRAO PRETO,Ribeirão Preto,2014,353.2,-24.7,18,197.3,-65.0,6.0,0,550.4,2817.9,2834.0,2966.033333333333,-16.09999999999991,8.569975376855206,28.69,0.943,5271.0,2878.1,,
RIBEIRAO PRETO,Ribeirão Preto,2015,355.3,-24.2,21,490.0,-13.0,7.8,0,845.3,2878.1,2817.9,2843.3333333333335,60.19999999999982,8.50532301884575,-6.26,0.99,4941.0,2488.4,,
RIBEIRAO PRETO,Ribeirão Preto,2016,477.5,1.9,27,653.9,16.1,10.3,0,1131.3,2488.4,2878.1,2728.133333333333,-389.6999999999998,8.610865667278873,11.13,1.099,5491.0,2619.6,,
RIBEIRAO PRETO,Ribeirão Preto,2017,373.2,-20.4,11,446.7,-20.7,2.8,0,819.9,2619.6,2488.4,2662.0333333333333,131.19999999999982,8.737292112544221,13.48,1.385,6231.0,3447.3,,
RIBEIRAO PRETO,Ribeirão Preto,2018,383.3,-18.2,22,532.0,-5.6,6.9,0,915.3,3447.3,2619.6,2851.7666666666664,827.7000000000003,8.803048596526612,6.8,0.905,6654.5,3394.7,,
RIBEIRAO PRETO,Ribeirão Preto,2019,541.8,15.6,5,412.0,-26.9,6.7,0,953.8,3394.7,3447.3,3153.866666666667,-52.600000000000364,8.55746335370509,-21.78,0.951,5205.46,2788.4,,
RIBEIRAO PRETO,Ribeirão Preto,2020,355.1,-24.2,36,609.7,8.2,3.5,0,964.7,2788.4,3394.7,3210.1333333333337,-606.2999999999997,8.722254235179681,17.91,1.236,6138.0,3955.7,,
RIBEIRAO PRETO,Ribeirão Preto,2021,297.6,-36.5,43,283.3,-49.7,6.2,0,580.9,3955.7,2788.4,3379.6,1167.2999999999997,8.824383730256061,10.75,1.285,6798.0,3461.9,,
RIBEIRAO PRETO,Ribeirão Preto,2022,525.6,12.1,10,495.9,-12.0,2.5,0,1021.5,3461.9,3955.7,3402.0,-493.7999999999997,8.755422380148488,-6.66,1.395,6345.0,2756.1,,
RIBEIRAO PRETO,Ribeirão Preto,2023,553.2,18.0,12,545.9,-3.1,4.2,0,1099.0,2756.1,3461.9,3391.2333333333336,-705.8000000000002,8.664750755773852,-8.67,1.426,5795.0,3430.4,,
RIBEIRAO PRETO,Ribeirão Preto,2024,356.4,-24.0,64,373.2,-33.7,5.3,0,729.6,3430.4,2756.1,3216.133333333333,674.3000000000002,7.987864096085687,-49.18,1.245,2945.0,3675.3,,
RIBEIRAO PRETO,Ribeirão Preto,2025,606.1,29.3,16,204.3,-63.7,6.1,0,810.4,3675.3,3430.4,3287.266666666667,244.9000000000001,9.14366623870819,217.66,1.047,9355.0,2776.7,,
RIBEIRAO PRETO,Ribeirão Preto,2026,374.4,-20.1,32,486.9,-13.6,3.5,0,861.3,2776.7,3675.3,3294.133333333333,-898.6000000000004,9.14366623870819,0.0,0.764,9355.0,,,
SAO JOSE DO RIO PRETO,São José do Rio Preto,1985,0.0,-100.0,0,0.0,-100.0,,0,0.0,1693.0,1380.1,1536.55,312.9000000000001,8.104099056143582,17.64,,3308.0,1484.9,,
SAO JOSE DO RIO PRETO,São José do Rio Preto,1986,0.0,-100.0,0,0.0,-100.0,,0,0.0,1484.9,1693.0,1519.3333333333333,-208.0999999999999,7.8383433155571165,-23.34,,2536.0,1533.0,,
SAO JOSE DO RIO PRETO,São José do Rio Preto,1987,0.0,-100.0,0,0.0,-100.0,,0,0.0,1533.0,1484.9,1570.3,48.09999999999991,7.955775781534187,12.46,,2852.0,1644.5,,
SAO JOSE DO RIO PRETO,São José do Rio Preto,1988,0.0,-100.0,0,0.0,-100.0,,0,0.0,1644.5,1533.0,1554.1333333333332,111.5,7.329749689041512,-46.53,,1525.0,1714.8,,
SAO JOSE DO RIO PRETO,São José do Rio Preto,1989,0.0,-100.0,0,0.0,-100.0,,0,0.0,1714.8,1644.5,1630.7666666666667,70.29999999999995,7.301822342137932,-2.75,,1483.0,1748.2,,
SAO JOSE DO RIO PRETO,São José do Rio Preto,1990,0.0,-100.0,0,0.0,-100.0,,0,0.0,1748.2,1714.8,1702.5,33.40000000000009,7.590852123688581,33.51,,1980.0,1881.8,,
SAO JOSE DO RIO PRETO,São José do Rio Preto,1991,0.0,-100.0,0,0.0,-100.0,,0,0.0,1881.8,1748.2,1781.6000000000001,133.5999999999999,7.385851078125209,-18.54,,1613.0,1779.8,,
SAO JOSE DO RIO PRETO,São José do Rio Preto,1992,0.0,-100.0,0,0.0,-100.0,,0,0.0,1779.8,1881.8,1803.2666666666667,-102.0,7.367077059881012,-1.86,,1583.0,1630.4,,
SAO JOSE DO RIO PRETO,São José do Rio Preto,1993,0.0,-100.0,0,0.0,-100.0,,0,0.0,1630.4,1779.8,1764.0,-149.39999999999986,7.289610521451167,-7.45,,1465.0,1643.0,,
SAO JOSE DO RIO PRETO,São José do Rio Preto,1994,0.0,-100.0,0,0.0,-100.0,,0,0.0,1643.0,1630.4,1684.3999999999999,12.599999999999909,7.167809184316444,-11.47,,1297.0,1530.1,,
SAO JOSE DO RIO PRETO,São José do Rio Preto,1995,0.0,-100.0,0,0.0,-100.0,,0,0.0,1530.1,1643.0,1601.1666666666667,-112.90000000000009,7.140453043101158,-2.7,,1262.0,1410.4,,
SAO JOSE DO RIO PRETO,São José do Rio Preto,1996,0.0,-100.0,0,0.0,-100.0,,0,0.0,1410.4,1530.1,1527.8333333333333,-119.69999999999982,6.824373670043086,-27.1,,920.0,1805.7,,
SAO JOSE DO RIO PRETO,São José do Rio Preto,1997,0.0,-100.0,0,0.0,-100.0,,0,0.0,1805.7,1410.4,1582.0666666666668,395.29999999999995,6.396929655216146,-34.78,1.157,600.0,1631.2,,
SAO JOSE DO RIO PRETO,São José do Rio Preto,1998,0.0,-100.0,0,0.0,-100.0,,0,0.0,1631.2,1805.7,1615.7666666666667,-174.5,6.2285110035911835,-15.5,1.189,507.0,1778.6,,
SAO JOSE DO RIO PRETO,São José do Rio Preto,1999,0.0,-100.0,0,0.0,-100.0,,0,0.0,1778.6,1631.2,1738.5,147.39999999999986,6.870053411798126,89.94,0.885,963.0,1890.2,,
SAO JOSE DO RIO PRETO,São José do Rio Preto,2000,0.0,-100.0,0,779.1,46.3,,0,779.1,1890.2,1778.6,1766.6666666666667,111.60000000000014,6.63200177739563,-21.18,1.361,759.0,1815.5,,
SAO JOSE DO RIO PRETO,São José do Rio Preto,2001,452.7,9.6,31,414.7,-22.1,2.7,0,867.4,1815.5,1890.2,1828.0999999999997,-74.70000000000005,6.762729506931879,13.97,1.116,865.0,1682.1,,
SAO JOSE DO RIO PRETO,São José do Rio Preto,2002,562.7,36.3,20,662.1,24.4,5.4,0,1224.8,1682.1,1815.5,1795.9333333333334,-133.4000000000001,6.947937068614969,20.35,0.86,1041.0,2128.2,,
SAO JOSE DO RIO PRETO,São José do Rio Preto,2003,352.7,-14.6,44,710.3,33.4,7.4,0,1063.0,2128.2,1682.1,1875.2666666666664,446.0999999999999,6.833031732786201,-10.85,1.315,928.0,1742.8,,
SAO JOSE DO RIO PRETO,São José do Rio Preto,2004,400.4,-3.0,25,588.3,10.5,6.8,0,988.8,1742.8,2128.2,1851.0333333333335,-385.39999999999986,7.489970898834801,92.89,1.415,1790.0,1639.3,,
SAO JOSE DO RIO PRETO,São José do Rio Preto,2005,434.9,5.3,23,551.6,3.6,7.1,0,986.5,1639.3,1742.8,1836.7666666666664,-103.5,7.7541813308833065,30.24,1.005,2331.3,2220.0,,
SAO JOSE DO RIO PRETO,São José do Rio Preto,2006,390.6,-5.4,38,657.5,23.5,9.0,0,1048.1,2220.0,1639.3,1867.3666666666668,580.7,7.487901720454839,-23.38,0.789,1786.3,2374.0,,
SAO JOSE DO RIO PRETO,São José do Rio Preto,2007,484.0,17.2,15,727.1,36.6,8.1,0,1211.1,2374.0,2220.0,2077.766666666667,154.0,7.742835955430749,29.04,0.967,2305.0,2093.5,,
SAO JOSE DO RIO PRETO,São José do Rio Preto,2008,281.8,-31.8,49,667.2,25.3,5.3,0,949.0,2093.5,2374.0,2229.1666666666665,-280.5,7.189922170745808,-42.47,1.26,1326.0,2641.7,,
SAO JOSE DO RIO PRETO,São José do Rio Preto,2009,439.5,6.5,42,605.3,13.7,8.4,0,1044.8,2641.7,2093.5,2369.733333333333,548.1999999999998,7.651595573857601,58.67,1.048,2104.0,2260.5,,
SAO JOSE DO RIO PRETO,São José do Rio Preto,2010,543.4,31.6,10,382.9,-28.1,5.0,0,926.3,2260.5,2641.7,2331.9,-381.1999999999998,6.8361518601224445,-55.76,0.761,930.9,2489.2,,
SAO JOSE DO RIO PRETO,São José do Rio Preto,2011,312.5,-24.3,36,742.4,39.4,8.3,0,1054.9,2489.2,2260.5,2463.7999999999997,228.69999999999982,7.766586375183014,153.56,1.115,2360.4,2534.1,,
SAO JOSE DO RIO PRETO,São José do Rio Preto,2012,395.8,-4.1,33,377.6,-29.1,3.8,0,773.4,2534.1,2489.2,2427.933333333333,44.90000000000009,7.382373245778618,-31.9,1.191,1607.4,2486.5,,
SAO JOSE DO RIO PRETO,São José do Rio Preto,2013,361.6,-12.4,43,516.2,-3.0,6.6,0,877.8,2486.5,2534.1,2503.266666666667,-47.59999999999991,7.903965634032166,68.47,1.041,2708.0,3133.5,,
SAO JOSE DO RIO PRETO,São José do Rio Preto,2014,348.9,-15.5,34,344.0,-35.4,6.5,0,692.9,3133.5,2486.5,2718.0333333333333,647.0,8.682368589375221,117.8,0.943,5898.0,2352.1,,
SAO JOSE DO RIO PRETO,São José do Rio Preto,2015,334.4,-19.0,39,402.0,-24.5,8.2,0,736.4,2352.1,3133.5,2657.366666666667,-781.4000000000001,9.037408592915243,42.62,0.99,8411.95,2872.3,,
SAO JOSE DO RIO PRETO,São José do Rio Preto,2016,457.8,10.9,29,615.1,15.5,11.9,0,1072.9,2872.3,2352.1,2785.9666666666667,520.2000000000003,9.126958763037132,9.37,1.099,9200.0,3157.5,,
SAO JOSE DO RIO PRETO,São José do Rio Preto,2017,361.7,-12.4,27,401.1,-24.7,3.3,0,762.8,3157.5,2872.3,2793.9666666666667,285.1999999999998,9.229750765496005,10.83,1.385,10196.0,3119.5,,
SAO JOSE DO RIO PRETO,São José do Rio Preto,2018,510.9,23.7,26,451.3,-15.2,6.4,0,962.2,3119.5,3157.5,3049.7666666666664,-38.0,9.279866434624793,5.14,0.905,10720.0,3215.0,,
SAO JOSE DO RIO PRETO,São José do Rio Preto,2019,467.0,13.1,20,347.9,-34.7,7.3,0,814.9,3215.0,3119.5,3164.0,95.5,9.341793105685404,6.39,0.951,11404.84,2526.8,,
SAO JOSE DO RIO PRETO,São José do Rio Preto,2020,364.8,-11.6,50,483.6,-9.2,4.7,0,848.4,2526.8,3215.0,2953.7666666666664,-688.1999999999998,9.382948236582498,4.2,1.236,11884.0,3334.8,,
SAO JOSE DO RIO PRETO,São José do Rio Preto,2021,312.9,-24.2,51,279.4,-47.5,7.9,0,592.4,3334.8,2526.8,3025.5333333333333,808.0,9.511999311358759,13.77,1.285,13521.0,3174.8,,
SAO JOSE DO RIO PRETO,São José do Rio Preto,2022,506.9,22.8,29,511.5,-3.9,4.4,0,1018.4,3174.8,3334.8,3012.1333333333337,-160.0,9.449121024069791,-6.09,1.395,12697.0,3075.8,,
SAO JOSE DO RIO PRETO,São José do Rio Preto,2023,371.6,-10.0,42,506.6,-4.8,6.3,0,878.2,3075.8,3174.8,3195.1333333333337,-99.0,9.356257246876337,-8.87,1.426,11571.0,3417.5,,
SAO JOSE DO RIO PRETO,São José do Rio Preto,2024,300.9,-27.1,82,299.6,-43.7,6.3,0,600.5,3417.5,3075.8,3222.7000000000003,341.6999999999998,9.445254378889308,9.31,1.245,12648.0,2697.0,,
SAO JOSE DO RIO PRETO,São José do Rio Preto,2025,564.1,36.6,20,219.6,-58.7,8.2,0,783.7,2697.0,3417.5,3063.433333333333,-720.5,9.435322232564033,-0.99,1.047,12523.0,2898.0,,
SAO JOSE DO RIO PRETO,São José do Rio Preto,2026,363.9,-11.9,51,454.6,-14.6,3.9,0,818.5,2898.0,2697.0,3004.1666666666665,201.0,9.435322232564033,0.0,0.764,12523.0,,,
TUPA,Tupã,1985,0.0,-100.0,0,0.0,-100.0,,0,0.0,1699.1,1108.4,1403.75,590.6999999999998,10.0715834020661,9.56,,23661.0,1700.7,,
TUPA,Tupã,1986,0.0,-100.0,0,0.0,-100.0,,0,0.0,1700.7,1699.1,1502.7333333333336,1.6000000000001364,9.762211965178174,-26.61,,17365.0,1028.4,,
TUPA,Tupã,1987,0.0,-100.0,0,0.0,-100.0,,0,0.0,1028.4,1700.7,1476.0666666666668,-672.3,9.510889310134788,-22.22,,13506.0,898.6,,
TUPA,Tupã,1988,0.0,-100.0,0,0.0,-100.0,,0,0.0,898.6,1028.4,1209.2333333333333,-129.80000000000007,9.219696466900208,-25.26,,10094.0,1631.4,,
TUPA,Tupã,1989,0.0,-100.0,0,0.0,-100.0,,0,0.0,1631.4,898.6,1186.1333333333334,732.8000000000001,9.010302809376448,-18.89,,8187.0,1488.4,,
TUPA,Tupã,1990,0.0,-100.0,0,0.0,-100.0,,0,0.0,1488.4,1631.4,1339.4666666666667,-143.0,9.013351778138825,0.31,,8212.0,1603.1,,
TUPA,Tupã,1991,0.0,-100.0,0,0.0,-100.0,,0,0.0,1603.1,1488.4,1574.3,114.69999999999982,8.948455992345542,-6.28,,7696.0,1691.2,,
TUPA,Tupã,1992,0.0,-100.0,0,0.0,-100.0,,0,0.0,1691.2,1603.1,1594.2333333333336,88.10000000000014,9.144200569471638,21.62,,9360.0,1653.8,,
TUPA,Tupã,1993,0.0,-100.0,0,0.0,-100.0,,0,0.0,1653.8,1691.2,1649.3666666666668,-37.40000000000009,9.159468041602427,1.54,,9504.0,1585.0,,
TUPA,Tupã,1994,0.0,-100.0,0,0.0,-100.0,,0,0.0,1585.0,1653.8,1643.3333333333333,-68.79999999999995,9.322418275381533,17.7,,11186.0,1683.4,,
TUPA,Tupã,1995,0.0,-100.0,0,0.0,-100.0,,0,0.0,1683.4,1585.0,1640.7333333333333,98.40000000000009,9.474549088242322,16.43,,13024.0,1314.2,,
TUPA,Tupã,1996,0.0,-100.0,0,0.0,-100.0,,0,0.0,1314.2,1683.4,1527.5333333333335,-369.20000000000005,9.359880439245758,-10.83,,11613.0,1576.5,,
TUPA,Tupã,1997,0.0,-100.0,0,0.0,-100.0,,0,0.0,1576.5,1314.2,1524.7,262.29999999999995,9.39715183404299,3.8,1.157,12054.0,1495.3,,
TUPA,Tupã,1998,0.0,-100.0,0,0.0,-100.0,,0,0.0,1495.3,1576.5,1462.0,-81.20000000000005,9.799903236279558,49.59,1.189,18032.0,1648.7,,
TUPA,Tupã,1999,0.0,-100.0,0,0.0,-100.0,,0,0.0,1648.7,1495.3,1573.5,153.4000000000001,9.741380302992413,-5.68,0.885,17007.0,1553.5,,
TUPA,Tupã,2000,0.0,-100.0,0,572.7,11.7,,0,572.7,1553.5,1648.7,1565.8333333333333,-95.20000000000005,9.682092471756036,-5.76,1.361,16028.0,1384.5,,
TUPA,Tupã,2001,422.3,-0.9,26,543.5,6.0,0.4,1,965.8,1384.5,1553.5,1528.8999999999999,-169.0,9.605755144230846,-7.35,1.116,14850.0,1466.4,,
TUPA,Tupã,2002,510.3,19.8,13,523.6,2.1,3.1,0,1033.9,1466.4,1384.5,1468.1333333333332,81.90000000000009,9.71202433782489,11.21,0.86,16515.0,1825.4,,
TUPA,Tupã,2003,350.5,-17.7,38,689.3,34.4,6.7,0,1039.9,1825.4,1466.4,1558.7666666666667,359.0,9.653358136136932,-5.7,1.315,15574.0,1594.4,,
TUPA,Tupã,2004,386.0,-9.4,20,428.9,-16.4,5.6,0,814.9,1594.4,1825.4,1628.7333333333336,-231.0,9.535968306842717,-11.08,1.415,13849.0,1993.0,,
TUPA,Tupã,2005,528.8,24.1,6,438.4,-14.5,3.8,0,967.2,1993.0,1594.4,1804.2666666666667,398.5999999999999,9.344364143362386,-17.44,1.005,11434.2,2584.4,,
TUPA,Tupã,2006,345.2,-19.0,16,547.5,6.7,6.2,0,892.7,2584.4,1993.0,2057.2666666666664,591.4000000000001,9.272847456142161,-6.9,0.789,10645.02,2135.6,,
TUPA,Tupã,2007,504.9,18.5,23,637.7,24.3,7.4,0,1142.7,2135.6,2584.4,2237.6666666666665,-448.8000000000002,9.338235661569104,6.76,0.967,11364.34,2005.0,,
TUPA,Tupã,2008,344.6,-19.1,28,521.9,1.8,4.8,0,866.4,2005.0,2135.6,2241.6666666666665,-130.5999999999999,9.26926943950547,-6.66,1.26,10607.0,2598.7,,
TUPA,Tupã,2009,332.4,-22.0,34,706.6,37.8,5.7,0,1039.0,2598.7,2005.0,2246.433333333333,593.6999999999998,9.117896081584902,-14.05,1.048,9117.0,2712.2,,
TUPA,Tupã,2010,648.2,52.2,4,517.6,0.9,3.9,0,1165.9,2712.2,2598.7,2438.633333333333,113.5,8.552483112194684,-43.19,0.761,5179.6,3336.9,,
TUPA,Tupã,2011,292.8,-31.3,14,567.1,10.6,6.3,0,860.0,3336.9,2712.2,2882.6,624.7000000000003,8.702344075220351,16.17,1.115,6017.0,3399.3,,
TUPA,Tupã,2012,357.4,-16.1,35,276.4,-46.1,2.2,0,633.8,3399.3,3336.9,3149.466666666667,62.40000000000009,8.809385079345846,11.3,1.191,6696.8,3597.7,,
TUPA,Tupã,2013,366.4,-14.0,44,423.4,-17.5,5.5,0,789.8,3597.7,3399.3,3444.633333333333,198.39999999999964,8.658519127506672,-14.0,1.041,5759.0,3587.9,,
TUPA,Tupã,2014,269.2,-36.8,35,362.2,-29.4,2.5,0,631.4,3587.9,3597.7,3528.3000000000006,-9.799999999999727,8.848796450925947,20.96,0.943,6966.0,2877.6,,
TUPA,Tupã,2015,431.9,1.4,20,444.3,-13.4,6.8,0,876.2,2877.6,3587.9,3354.4,-710.3000000000002,8.992184362173012,15.42,0.99,8040.0,3651.0,,
TUPA,Tupã,2016,717.3,68.4,17,634.9,23.8,9.1,0,1352.2,3651.0,2877.6,3372.1666666666665,773.4000000000001,9.359372258822162,44.37,1.099,11607.1,3077.9,,
TUPA,Tupã,2017,324.8,-23.7,8,462.8,-9.8,3.1,0,787.6,3077.9,3651.0,3202.1666666666665,-573.0999999999999,9.64646400103814,33.25,1.385,15467.0,4233.1,,
TUPA,Tupã,2018,592.0,39.0,14,570.8,11.3,5.2,0,1162.8,4233.1,3077.9,3654.0,1155.2000000000003,9.618535084655214,-2.75,0.905,15041.0,4167.2,,
TUPA,Tupã,2019,477.5,12.1,7,450.7,-12.1,5.5,0,928.2,4167.2,4233.1,3826.066666666666,-65.90000000000055,9.60649561075857,-1.2,0.951,14861.0,3548.3,,
TUPA,Tupã,2020,316.5,-25.7,51,510.1,-0.5,4.0,0,826.6,3548.3,4167.2,3982.866666666667,-618.8999999999996,9.681281062043258,7.77,1.236,16015.0,4141.4,,
TUPA,Tupã,2021,267.1,-37.3,49,353.7,-31.0,6.8,0,620.9,4141.4,3548.3,3952.2999999999997,593.0999999999995,9.865526046249009,20.23,1.285,19255.0,4373.7,,
TUPA,Tupã,2022,338.4,-20.6,48,518.1,1.0,3.5,0,856.5,4373.7,4141.4,4021.1333333333328,232.30000000000018,9.870706063011749,0.52,1.395,19355.0,4107.5,,
TUPA,Tupã,2023,394.1,-7.5,18,548.2,6.9,5.8,0,942.3,4107.5,4373.7,4207.533333333334,-266.1999999999998,10.121015365064702,28.44,1.426,24860.0,4020.4,,
TUPA,Tupã,2024,305.6,-28.3,75,349.3,-31.9,6.2,0,654.9,4020.4,4107.5,4167.2,-87.09999999999991,10.108874382261078,-1.21,1.245,24560.0,1851.0,,
TUPA,Tupã,2025,462.1,8.5,31,219.3,-57.2,6.2,0,681.4,1851.0,4020.4,3326.2999999999997,-2169.4,9.86110183603969,-21.95,1.047,19170.0,3645.1,,
TUPA,Tupã,2026,510.2,19.8,30,294.5,-42.6,1.6,1,804.7,3645.1,1851.0,3172.1666666666665,1794.1,9.86110183603969,0.0,0.764,19170.0,,,
