edr_chave,edr,ano,chuva_critica_mm,anom_critica_pct,dias_tmax33_critica,chuva_secundaria_mm,anom_secundaria_pct,tmin_fria,dias_frio_fria,chuva_ciclo_mm,rendimento_a1,rendimento_a2,ancora_bienal,delta_bienal,log_capacidade,var_capacidade_pct,razao_preco,capacidade,alvo,anom_ndvi_enchimento,anom_ndvi_florada
ARARAQUARA,Araraquara,1985,0.0,-100.0,0,0.0,-100.0,,0,0.0,1.435,1.3017,1.3017,0.13329999999999997,16.44251338021316,19.91,,13832250.0,1.5184,,
ARARAQUARA,Araraquara,1986,0.0,-100.0,0,0.0,-100.0,,0,0.0,1.5184,1.435,1.435,0.08339999999999992,16.46869970427522,2.65,,14199250.0,1.4426,,
ARARAQUARA,Araraquara,1987,0.0,-100.0,0,0.0,-100.0,,0,0.0,1.4426,1.5184,1.41005,-0.07579999999999987,16.491726035546467,2.33,,14530000.0,1.456,,
ARARAQUARA,Araraquara,1988,0.0,-100.0,0,0.0,-100.0,,0,0.0,1.456,1.4426,1.4388,0.013399999999999856,16.510272864739548,1.87,,14802000.0,1.4632,,
ARARAQUARA,Araraquara,1989,0.0,-100.0,0,0.0,-100.0,,0,0.0,1.4632,1.456,1.425366666666667,0.007200000000000095,16.566421761396715,5.78,,15656892.0,1.653,,
ARARAQUARA,Araraquara,1990,0.0,-100.0,0,0.0,-100.0,,0,0.0,1.653,1.4632,1.4469333333333332,0.18979999999999997,16.62623767709511,6.16,,16622000.0,1.6455,,
ARARAQUARA,Araraquara,1991,0.0,-100.0,0,0.0,-100.0,,0,0.0,1.6455,1.653,1.482275,-0.007500000000000062,16.752129567025758,13.42,,18852000.0,1.7938,,
ARARAQUARA,Araraquara,1992,0.0,-100.0,0,0.0,-100.0,,0,0.0,1.7938,1.6455,1.496575,0.1483000000000001,16.73867213868343,-1.34,,18600000.0,1.8159,,
ARARAQUARA,Araraquara,1993,0.0,-100.0,0,0.0,-100.0,,0,0.0,1.8159,1.7938,1.6053,0.02210000000000001,16.683125328737823,-5.4,,17595000.0,1.8924,,
ARARAQUARA,Araraquara,1994,0.0,-100.0,0,0.0,-100.0,,0,0.0,1.8924,1.8159,1.5918,0.07650000000000001,16.75797917619127,7.77,,18962600.0,1.7479,,
ARARAQUARA,Araraquara,1995,0.0,-100.0,0,0.0,-100.0,,0,0.0,1.7479,1.8924,1.6987999999999999,-0.14450000000000007,16.76248316688372,0.45,,19048200.0,1.7343,,
ARARAQUARA,Araraquara,1996,0.0,-100.0,0,0.0,-100.0,,0,0.0,1.7343,1.7479,1.6681249999999999,-0.013600000000000056,16.760090895560193,-0.24,,19002686.0,1.8421,,
ARARAQUARA,Araraquara,1997,0.0,-100.0,0,0.0,-100.0,,0,0.0,1.8421,1.7343,1.7683750000000003,0.10780000000000012,16.916716865732617,16.96,0.911,22224745.0,1.8963,,
ARARAQUARA,Araraquara,1998,0.0,-100.0,0,0.0,-100.0,,0,0.0,1.8963,1.8421,1.76285,0.054200000000000026,16.901942672752487,-1.47,1.269,21898806.0,1.6965,,
ARARAQUARA,Araraquara,1999,0.0,-100.0,0,0.0,-100.0,,0,0.0,1.6965,1.8963,1.8292000000000002,-0.1998000000000002,16.951001426061733,5.03,1.483,22999923.0,1.8627,,
ARARAQUARA,Araraquara,2000,0.0,-100.0,0,699.6,-5.0,,0,703.5,1.8627,1.6965,1.7756,0.16620000000000013,16.978024813780316,2.74,0.832,23629933.0,1.7766,,
ARARAQUARA,Araraquara,2001,432.2,38.0,20,736.5,-0.0,0.9,1,1202.6,1.7766,1.8627,1.8464250000000002,-0.08610000000000007,16.958152213461048,-1.97,0.801,23164980.0,1.7427,,
ARARAQUARA,Araraquara,2002,409.9,30.8,15,934.2,26.8,5.4,0,1354.0,1.7427,1.7766,1.765775,-0.03390000000000004,17.016872750587115,6.05,1.78,24565971.0,1.8888,,
ARARAQUARA,Araraquara,2003,264.1,-15.7,37,925.2,25.6,5.7,0,1272.0,1.8888,1.7427,1.809,0.14610000000000012,17.028050594044405,1.12,1.475,24842106.0,1.8287,,
ARARAQUARA,Araraquara,2004,334.7,6.8,26,854.1,15.9,5.8,0,1293.5,1.8287,1.8888,1.8010000000000002,-0.06010000000000004,16.99331435705701,-3.41,1.101,23994000.0,1.947,,
ARARAQUARA,Araraquara,2005,327.3,4.5,26,763.8,3.7,6.0,0,1153.6,1.947,1.8287,1.8326,0.11830000000000007,16.98494400601861,-0.83,0.858,23794000.0,1.9394,,
ARARAQUARA,Araraquara,2006,356.9,13.9,17,837.3,13.6,8.1,0,1231.8,1.9394,1.947,1.8272249999999999,-0.007600000000000051,17.013612083615996,2.91,0.98,24486000.0,1.8422,,
ARARAQUARA,Araraquara,2007,282.9,-9.7,14,954.5,29.6,6.8,0,1287.7,1.8422,1.9394,1.843375,-0.09719999999999995,16.986455849074925,-2.68,1.156,23830000.0,1.8511,,
ARARAQUARA,Araraquara,2008,224.6,-28.3,34,726.9,-1.3,4.5,0,1069.0,1.8511,1.8422,1.86365,0.008899999999999908,16.89464240629593,-8.77,1.094,21739521.0,1.3746,,
ARARAQUARA,Araraquara,2009,211.3,-32.6,24,852.0,15.6,7.4,0,1116.8,1.3746,1.8511,1.8404749999999999,-0.4764999999999999,16.805906870566222,-8.49,0.953,19893565.0,1.3829,,
ARARAQUARA,Araraquara,2010,442.7,41.3,3,780.9,6.0,3.4,0,1282.0,1.3829,1.3746,1.76315,0.008299999999999974,16.70635098379624,-9.48,0.781,18008438.0,1.3588,,
ARARAQUARA,Araraquara,2011,184.3,-41.2,32,851.9,15.6,6.5,0,1109.4,1.3588,1.3829,1.750525,-0.02410000000000001,16.78465904303154,8.15,1.405,19475329.0,1.6154,,
ARARAQUARA,Araraquara,2012,326.1,4.1,20,533.3,-27.6,3.5,0,957.5,1.6154,1.3588,1.63065,0.25659999999999994,16.605478630597762,-16.4,1.068,16280500.0,1.7067,,
ARARAQUARA,Araraquara,2013,278.0,-11.3,42,799.1,8.5,5.9,0,1160.4,1.7067,1.6154,1.6972,0.09130000000000016,16.501476486796953,-9.88,0.73,14672367.0,1.3692,,
ARARAQUARA,Araraquara,2014,310.5,-0.9,12,364.0,-50.6,6.4,0,729.3,1.3692,1.7067,1.570575,-0.33750000000000013,16.45508189831052,-4.53,0.793,14007198.0,1.3453,,
ARARAQUARA,Araraquara,2015,265.6,-15.2,37,649.9,-11.8,7.3,0,948.6,1.3453,1.3692,1.5546499999999999,-0.023900000000000032,16.27157164609418,-16.77,1.129,11658798.0,1.4747,,
ARARAQUARA,Araraquara,2016,447.4,42.8,36,842.6,14.4,10.1,0,1302.1,1.4747,1.3453,1.44635,0.12939999999999996,16.272000414836445,0.04,1.221,11663798.0,1.4507,,
ARARAQUARA,Araraquara,2017,241.6,-22.9,17,593.5,-19.4,3.1,0,953.3,1.4507,1.4747,1.46055,-0.0239999999999998,16.327437677884333,5.7,1.537,12328666.0,1.5017,0.03293999999999997,
ARARAQUARA,Araraquara,2018,280.7,-10.4,39,617.6,-16.2,5.2,0,913.6,1.5017,1.4507,1.4653750000000003,0.050999999999999934,16.384502962056114,5.87,1.006,13052666.0,1.5191,-0.01536000000000004,-0.05429999999999996
ARARAQUARA,Araraquara,2019,411.8,31.4,13,484.3,-34.3,5.7,0,999.3,1.5191,1.5017,1.49025,0.01739999999999986,16.41929260952245,3.54,1.053,13514755.0,1.4084,-0.03986000000000001,0.07610000000000006
ARARAQUARA,Araraquara,2020,233.4,-25.5,52,633.6,-14.0,4.4,0,878.7,1.4084,1.5191,1.5054500000000002,-0.1106999999999998,16.41900791715239,-0.03,1.037,13510908.0,1.4382,-0.028360000000000052,0.03539999999999999
ARARAQUARA,Araraquara,2021,98.4,-68.6,61,345.7,-53.1,6.3,0,471.5,1.4382,1.4084,1.4385000000000001,0.029799999999999827,16.395032676603847,-2.37,1.11,13190833.0,1.3031,-0.01426000000000005,-0.07939999999999997
ARARAQUARA,Araraquara,2022,257.4,-17.8,46,649.8,-11.8,2.5,0,930.3,1.3031,1.4382,1.438325,-0.1351,16.41444193053089,1.96,1.193,13449358.0,1.3496,-0.06435999999999997,-0.10409999999999997
ARARAQUARA,Araraquara,2023,239.3,-23.6,28,653.7,-11.3,4.2,0,969.4,1.3496,1.3031,1.4219750000000002,0.046499999999999986,16.2059764831955,-18.82,1.168,10918580.0,1.3841,0.012340000000000018,0.007099999999999995
ARARAQUARA,Araraquara,2024,258.8,-17.4,57,335.9,-54.4,5.5,0,617.8,1.3841,1.3496,1.4394,0.0345000000000002,16.310685557339056,11.04,1.363,12123855.0,1.3491,0.039939999999999976,0.16810000000000003
ARARAQUARA,Araraquara,2025,394.5,25.9,46,350.8,-52.4,5.2,0,789.6,1.3491,1.3841,1.3993250000000002,-0.03500000000000014,16.090694135100307,-19.75,1.518,9729705.0,1.3483,0.04403999999999997,-0.048299999999999954
ARARAQUARA,Araraquara,2026,181.3,-42.1,38,588.5,-20.1,2.7,0,801.2,1.3483,1.3491,1.414,-0.0007999999999999119,16.090694135100307,0.0,0.758,9729705.0,,0.03293999999999997,-0.0005999999999999339
AVARE,Avaré,1985,0.0,-100.0,0,0.0,-100.0,,0,0.0,1.3879,1.9083,1.9083,-0.5204000000000002,12.076533274175189,5.49,,175700.0,1.9357,,
AVARE,Avaré,1986,0.0,-100.0,0,0.0,-100.0,,0,0.0,1.9357,1.3879,1.3879,0.5478000000000001,12.146057213120187,7.2,,188350.0,1.7948,,
AVARE,Avaré,1987,0.0,-100.0,0,0.0,-100.0,,0,0.0,1.7948,1.9357,1.9220000000000002,-0.14090000000000003,12.094302744687164,-5.04,,178850.0,1.7727,,
AVARE,Avaré,1988,0.0,-100.0,0,0.0,-100.0,,0,0.0,1.7727,1.7948,1.5913499999999998,-0.02210000000000001,12.15819456528571,6.6,,190650.0,2.2956,,
AVARE,Avaré,1989,0.0,-100.0,0,0.0,-100.0,,0,0.0,2.2956,1.7727,1.8722333333333332,0.5228999999999999,12.415117272464881,29.29,,246500.0,1.7911,,
AVARE,Avaré,1990,0.0,-100.0,0,0.0,-100.0,,0,0.0,1.7911,2.2956,1.8261,-0.5045,12.502466658583977,9.13,,269000.0,1.71,,
AVARE,Avaré,1991,0.0,-100.0,0,0.0,-100.0,,0,0.0,1.71,1.7911,1.85195,-0.08109999999999995,12.614865543731012,11.9,,301000.0,1.3256,,
AVARE,Avaré,1992,0.0,-100.0,0,0.0,-100.0,,0,0.0,1.3256,1.71,1.797075,-0.3844000000000001,12.642713371106789,2.82,,309500.0,1.6979,,
AVARE,Avaré,1993,0.0,-100.0,0,0.0,-100.0,,0,0.0,1.6979,1.3256,1.706275,0.3723000000000001,12.74984936943585,11.31,,344500.0,1.6531,,
AVARE,Avaré,1994,0.0,-100.0,0,0.0,-100.0,,0,0.0,1.6531,1.6979,1.874575,-0.04479999999999995,13.275565035624432,69.17,,582780.0,1.5953,,
AVARE,Avaré,1995,0.0,-100.0,0,0.0,-100.0,,0,0.0,1.5953,1.6531,1.635625,-0.057800000000000074,13.623647626683097,41.63,,825420.0,1.4402,,
AVARE,Avaré,1996,0.0,-100.0,0,0.0,-100.0,,0,0.0,1.4402,1.5953,1.8247,-0.15510000000000002,14.14798911617172,68.93,,1394420.0,1.7845,,
AVARE,Avaré,1997,0.0,-100.0,0,0.0,-100.0,,0,0.0,1.7845,1.4402,1.5525,0.34430000000000005,14.19354965448178,4.66,0.911,1459420.0,2.0104,,
AVARE,Avaré,1998,0.0,-100.0,0,0.0,-100.0,,0,0.0,2.0104,1.7845,1.696925,0.2259000000000002,14.090426488886381,-9.8,1.269,1316420.0,2.0011,,
AVARE,Avaré,1999,0.0,-100.0,0,0.0,-100.0,,0,0.0,2.0011,2.0104,1.607325,-0.009300000000000086,14.149422376654135,6.08,1.483,1396420.0,2.296,,
AVARE,Avaré,2000,0.0,-100.0,0,560.1,-13.0,,0,564.6,2.296,2.0011,1.7697,0.2948999999999997,14.143014124602727,-0.64,0.832,1387500.0,2.0755,,
AVARE,Avaré,2001,426.2,20.6,15,685.5,6.5,-1.4,4,1161.0,2.0755,2.296,1.849925,-0.22049999999999992,14.123730281633604,-1.91,0.801,1361000.0,2.2829,,
AVARE,Avaré,2002,332.1,-6.0,11,744.9,15.8,1.3,1,1099.6,2.2829,2.0755,1.8641,0.20740000000000025,14.485261672553905,43.55,1.78,1953751.0,2.7292,,
AVARE,Avaré,2003,371.7,5.2,26,719.1,11.7,6.5,0,1208.1,2.7292,2.2829,2.0073749999999997,0.4462999999999999,14.464549098898157,-2.05,1.475,1913700.0,2.7748,,
AVARE,Avaré,2004,332.6,-5.9,10,654.5,1.7,4.6,0,1086.5,2.7748,2.7292,2.1475750000000002,0.04559999999999986,14.509301031566874,4.58,1.101,2001287.0,3.067,,
AVARE,Avaré,2005,343.1,-2.9,15,446.2,-30.7,3.8,0,834.3,3.067,2.7748,2.341025,0.29220000000000024,14.509301031566874,0.0,0.858,2001287.0,2.9722,,
AVARE,Avaré,2006,459.4,30.0,7,608.4,-5.4,4.9,0,1126.8,2.9722,3.067,2.4682000000000004,-0.09480000000000022,14.581576825662712,7.5,0.98,2151287.0,3.0355,,
AVARE,Avaré,2007,304.9,-13.7,15,822.7,27.8,5.3,0,1205.0,3.0355,2.9722,2.5814749999999997,0.06329999999999991,14.64872398242106,6.95,1.156,2300700.0,3.0733,,
AVARE,Avaré,2008,266.8,-24.5,19,694.3,7.9,3.1,0,1127.7,3.0733,3.0355,2.7268,0.03780000000000028,15.250618892493964,82.56,1.094,4200100.0,2.2425,,
AVARE,Avaré,2009,333.0,-5.7,8,629.9,-2.1,3.6,0,990.9,2.2425,3.0733,2.7758,-0.8308,15.810249645947472,75.0,0.953,7350285.0,2.0943,,
AVARE,Avaré,2010,580.6,64.4,4,751.8,16.8,2.4,0,1424.5,2.0943,2.2425,2.7685500000000003,-0.1482000000000001,15.852580989196454,4.32,0.781,7668112.0,1.8259,,
AVARE,Avaré,2011,267.4,-24.3,6,665.0,3.3,5.2,0,1014.7,1.8259,2.0943,2.72865,-0.26839999999999997,16.28803764620599,54.57,1.405,11852361.0,2.2464,,
AVARE,Avaré,2012,321.9,-8.9,9,444.8,-30.9,0.8,1,848.3,2.2464,1.8259,2.542725,0.4204999999999999,16.24396889467227,-4.31,1.068,11341384.0,2.1374,,
AVARE,Avaré,2013,217.5,-38.4,33,697.8,8.4,4.7,0,1028.6,2.1374,2.2464,2.5965499999999997,-0.10899999999999999,16.249201454218003,0.52,0.73,11400884.0,1.6872,,
AVARE,Avaré,2014,313.7,-11.2,4,418.2,-35.0,2.4,0,816.1,1.6872,2.1374,2.3103249999999997,-0.45019999999999993,16.2958720608703,4.78,0.793,11945582.0,1.7464,,
AVARE,Avaré,2015,276.8,-21.6,23,670.5,4.2,5.1,0,1008.6,1.7464,1.6872,2.2753,0.05919999999999992,16.338421797111305,4.35,1.129,12464832.0,1.746,,
AVARE,Avaré,2016,610.3,72.8,17,843.1,31.0,7.9,0,1488.9,1.746,1.7464,1.9880499999999999,-0.00039999999999995595,16.098651431426404,-21.32,1.221,9807436.0,1.7647,,
AVARE,Avaré,2017,243.6,-31.0,3,626.6,-2.6,0.6,2,1002.0,1.7647,1.746,1.9434750000000003,0.01869999999999994,16.31704691449882,24.41,1.537,12201225.0,2.0293,0.008000000000000007,
AVARE,Avaré,2018,391.7,10.9,9,747.6,16.2,4.1,0,1157.7,2.0293,1.7647,1.8686,0.26460000000000017,16.293592723845162,-2.32,1.006,11918385.0,1.9839,0.0030999999999999917,0.009166666666666656
AVARE,Avaré,2019,371.7,5.2,6,539.3,-16.2,5.7,0,999.2,1.9839,2.0293,1.927225,-0.04540000000000011,16.307747359758036,1.43,1.053,12088285.0,2.1535,-0.005199999999999982,0.0490666666666667
AVARE,Avaré,2020,300.5,-14.9,40,459.6,-28.6,1.4,1,785.3,2.1535,1.9839,1.9080999999999997,0.1696000000000002,15.799867356926935,-39.82,1.037,7274367.0,1.8992,0.008099999999999996,0.003566666666666607
AVARE,Avaré,2021,180.9,-48.8,37,441.8,-31.3,5.1,0,647.3,1.8992,2.1535,1.9040000000000001,-0.2543000000000002,15.754069754852505,-4.48,1.11,6948732.0,1.8678,0.02290000000000003,-0.02513333333333334
AVARE,Avaré,2022,315.0,-10.8,31,562.1,-12.7,0.9,3,921.2,1.8678,1.8992,1.84855,-0.031400000000000095,16.26850729214181,67.27,1.193,11623126.0,1.8975,-0.010600000000000054,-0.08553333333333335
AVARE,Avaré,2023,420.3,19.0,0,594.0,-7.7,3.5,0,1085.7,1.8975,1.8678,1.94915,0.02970000000000006,15.63360356914417,-47.0,1.168,6160100.0,2.0153,0.023799999999999932,0.06056666666666666
AVARE,Avaré,2024,363.1,2.8,40,306.2,-52.4,6.1,0,718.5,2.0153,1.8975,1.8863249999999998,0.1177999999999999,15.751961826813336,12.56,1.363,6934100.0,1.9372,-0.01870000000000005,0.020166666666666666
AVARE,Avaré,2025,246.9,-30.1,39,385.8,-40.0,4.4,0,690.0,1.9372,2.0153,2.016475,-0.07809999999999984,15.127646945680402,-46.44,1.518,3714100.0,1.9498,-0.012500000000000067,-0.03603333333333336
AVARE,Avaré,2026,228.7,-35.3,21,345.2,-46.4,1.4,1,624.0,1.9498,1.9372,1.92945,0.012599999999999945,15.127646945680402,0.0,0.758,3714100.0,,-0.018900000000000028,0.004166666666666652
BARRETOS,Barretos,1985,0.0,-100.0,0,0.0,-100.0,,0,0.0,2.0984,2.0517,2.0517,0.046699999999999964,17.257662117410092,7.91,,31254131.0,1.9065,,
BARRETOS,Barretos,1986,0.0,-100.0,0,0.0,-100.0,,0,0.0,1.9065,2.0984,2.0984,-0.19189999999999974,17.248865853159373,-0.88,,30980417.0,1.7661,,
BARRETOS,Barretos,1987,0.0,-100.0,0,0.0,-100.0,,0,0.0,1.7661,1.9065,1.9790999999999999,-0.14040000000000008,17.283036732271214,3.48,,32057340.0,1.8236,,
BARRETOS,Barretos,1988,0.0,-100.0,0,0.0,-100.0,,0,0.0,1.8236,1.7661,1.9322499999999998,0.05750000000000011,17.326412834787064,4.43,,33478461.0,1.6992,,
BARRETOS,Barretos,1989,0.0,-100.0,0,0.0,-100.0,,0,0.0,1.6992,1.8236,1.927266666666667,-0.12440000000000007,17.369136451659365,4.36,,34939776.0,2.1633,,
BARRETOS,Barretos,1990,0.0,-100.0,0,0.0,-100.0,,0,0.0,2.1633,1.6992,1.8545666666666667,0.46409999999999996,17.41021053279106,4.19,,36404776.0,1.8315,,
BARRETOS,Barretos,1991,0.0,-100.0,0,0.0,-100.0,,0,0.0,1.8315,2.1633,1.986275,-0.3318000000000001,17.426570622666578,1.65,,37005260.0,1.9227,,
BARRETOS,Barretos,1992,0.0,-100.0,0,0.0,-100.0,,0,0.0,1.9227,1.8315,1.8488,0.09120000000000017,17.452161622730873,2.59,,37964483.0,1.9113,,
BARRETOS,Barretos,1993,0.0,-100.0,0,0.0,-100.0,,0,0.0,1.9113,1.9227,1.9540250000000001,-0.011400000000000077,17.472627971739144,2.07,,38749483.0,1.7956,,
BARRETOS,Barretos,1994,0.0,-100.0,0,0.0,-100.0,,0,0.0,1.7956,1.9113,1.802025,-0.11569999999999991,17.499781132490696,2.75,,39816069.0,1.7917,,
BARRETOS,Barretos,1995,0.0,-100.0,0,0.0,-100.0,,0,0.0,1.7917,1.7956,1.9263000000000001,-0.0039000000000000146,17.47948414487569,-2.01,,39016069.0,1.7999,,
BARRETOS,Barretos,1996,0.0,-100.0,0,0.0,-100.0,,0,0.0,1.7999,1.7917,1.8084250000000002,0.008199999999999985,17.493816913345377,1.44,,39579304.0,1.7659,,
BARRETOS,Barretos,1997,0.0,-100.0,0,0.0,-100.0,,0,0.0,1.7659,1.7999,1.920375,-0.03400000000000003,17.510713824560487,1.7,0.911,40253754.0,1.7994,,
BARRETOS,Barretos,1998,0.0,-100.0,0,0.0,-100.0,,0,0.0,1.7994,1.7659,1.8251,0.033500000000000085,17.45694947050834,-5.23,1.269,38146687.0,1.6332,,
BARRETOS,Barretos,1999,0.0,-100.0,0,0.0,-100.0,,0,0.0,1.6332,1.7994,1.8294000000000001,-0.16620000000000013,17.454439289721574,-0.25,1.483,38051052.0,1.7118,,
BARRETOS,Barretos,2000,0.0,-100.0,0,839.8,7.9,,0,852.4,1.7118,1.6332,1.7755249999999998,0.0786,17.41650029491531,-3.72,0.832,36634475.0,1.5221,,
BARRETOS,Barretos,2001,373.0,25.8,34,625.7,-19.6,4.3,0,1040.5,1.5221,1.7118,1.776675,-0.18969999999999998,17.32539766730283,-8.71,0.801,33444492.0,1.457,,
BARRETOS,Barretos,2002,419.2,41.3,31,954.2,22.6,6.1,0,1377.3,1.457,1.5221,1.6782249999999999,-0.06509999999999994,17.30931726327897,-1.6,1.78,32910992.0,1.5744,,
BARRETOS,Barretos,2003,279.3,-5.8,45,1050.2,34.9,8.2,0,1454.5,1.5744,1.457,1.6920250000000001,0.11739999999999995,17.299365441129623,-0.99,1.475,32585092.0,1.4545,,
BARRETOS,Barretos,2004,209.8,-29.2,31,805.5,3.5,7.7,0,1145.9,1.4545,1.5744,1.6239,-0.11990000000000012,17.287641282735503,-1.17,1.101,32205290.0,1.6461,,
BARRETOS,Barretos,2005,251.7,-15.1,55,797.7,2.5,7.8,0,1087.7,1.6461,1.4545,1.6056750000000002,0.1916,17.19714614932669,-8.65,0.858,29418849.0,1.6013,,
BARRETOS,Barretos,2006,293.0,-1.2,42,873.5,12.2,9.8,0,1242.9,1.6013,1.6461,1.59395,-0.04479999999999995,17.10952702731083,-8.39,0.98,26950894.0,1.64,,
BARRETOS,Barretos,2007,378.1,27.5,17,1050.3,34.9,8.9,0,1468.8,1.64,1.6013,1.55615,0.03869999999999996,17.114658750286033,0.51,1.156,27089554.0,1.7529,,
BARRETOS,Barretos,2008,183.5,-38.1,59,840.5,8.0,7.2,0,1134.6,1.7529,1.64,1.59565,0.1129,17.05830917723763,-5.48,1.094,25605281.0,1.7433,,
BARRETOS,Barretos,2009,166.3,-43.9,49,978.0,25.6,9.5,0,1189.2,1.7433,1.7529,1.566425,-0.009599999999999831,17.0526576813803,-0.56,0.953,25460981.0,1.686,,
BARRETOS,Barretos,2010,320.5,8.1,21,767.4,-1.4,5.8,0,1131.4,1.686,1.7433,1.65095,-0.05730000000000013,16.824559716884956,-20.4,0.781,20268119.0,1.6366,,
BARRETOS,Barretos,2011,276.4,-6.8,44,917.3,17.8,9.5,0,1285.2,1.6366,1.686,1.623675,-0.04939999999999989,17.040148629157358,24.06,1.405,25144472.0,1.6519,,
BARRETOS,Barretos,2012,302.0,1.8,30,682.0,-12.4,5.6,0,1092.0,1.6519,1.6366,1.6664999999999999,0.01529999999999987,16.906856874242486,-12.48,1.068,22006686.0,1.7153,,
BARRETOS,Barretos,2013,292.7,-1.3,56,739.6,-5.0,7.2,0,1120.8,1.7153,1.6519,1.673025,0.06340000000000012,16.819654057765277,-8.35,0.73,20168934.0,1.5283,,
BARRETOS,Barretos,2014,333.7,12.5,34,535.1,-31.3,7.0,0,944.0,1.5283,1.7153,1.6838,-0.18700000000000006,16.718510192001062,-9.62,0.793,18228743.0,1.7308,,
BARRETOS,Barretos,2015,270.9,-8.7,53,555.7,-28.6,9.7,0,893.5,1.7308,1.5283,1.6547749999999999,0.2024999999999999,16.720381635293364,0.19,1.129,18262889.0,1.7282,,
BARRETOS,Barretos,2016,373.4,25.9,51,856.9,10.1,11.8,0,1245.1,1.7282,1.7308,1.7065000000000001,-0.0025999999999999357,16.721789511775505,0.14,1.221,18288619.0,1.4855,,
BARRETOS,Barretos,2017,242.0,-18.4,42,601.4,-22.7,4.7,0,950.8,1.4855,1.7282,1.6486,-0.24269999999999992,16.730492431823127,0.87,1.537,18448478.0,1.6746,-0.033640000000000114,
BARRETOS,Barretos,2018,328.6,10.8,50,704.7,-9.5,7.6,0,1059.6,1.6746,1.4855,1.6420499999999998,0.18910000000000005,16.817514821404036,9.09,1.006,20125834.0,1.6626,0.005259999999999931,0.0493555555555556
BARRETOS,Barretos,2019,429.3,44.8,22,466.8,-40.0,8.8,0,985.9,1.6626,1.6746,1.64575,-0.01200000000000001,16.82273247207563,0.52,1.053,20231118.0,1.8078,0.009959999999999969,-0.00694444444444442
BARRETOS,Barretos,2020,208.1,-29.8,66,765.8,-1.6,5.4,0,999.6,1.8078,1.6626,1.64855,0.1452,16.852613683388764,3.03,1.037,20844771.0,1.7921,0.030059999999999976,0.011055555555555596
BARRETOS,Barretos,2021,162.3,-45.3,66,506.6,-34.9,9.0,0,705.8,1.7921,1.8078,1.684725,-0.015700000000000047,16.88008419152793,2.79,1.11,21425325.0,1.5786,-0.01534000000000002,-0.008644444444444455
BARRETOS,Barretos,2022,382.6,29.0,47,641.8,-17.5,4.4,0,1057.8,1.5786,1.7921,1.6677499999999998,-0.21350000000000002,16.763710665736948,-10.99,1.193,19071596.0,1.7352,-0.07924000000000009,-0.031644444444444475
BARRETOS,Barretos,2023,216.8,-26.9,50,851.4,9.4,6.3,0,1159.0,1.7352,1.5786,1.6973,0.15660000000000007,16.478552653887007,-24.81,1.168,14339846.0,1.844,0.03705999999999998,0.034155555555555606
BARRETOS,Barretos,2024,294.8,-0.6,72,514.0,-34.0,7.6,0,823.8,1.844,1.7352,1.6688500000000002,0.10880000000000001,16.03088247178982,-36.09,1.363,9164817.0,1.8276,-4.0000000000040004e-05,0.02605555555555561
BARRETOS,Barretos,2025,407.2,37.3,48,432.5,-44.4,9.2,0,901.7,1.8276,1.844,1.72625,-0.016400000000000192,16.491328434145988,58.48,1.518,14524224.0,1.8696,0.03595999999999988,-0.10574444444444442
BARRETOS,Barretos,2026,145.8,-50.8,64,757.7,-2.7,5.8,0,936.8,1.8696,1.8276,1.7543750000000002,0.04200000000000004,16.491328434145988,0.0,0.758,14524224.0,,0.009959999999999969,0.03235555555555558
BAURU,Bauru,1985,0.0,-100.0,0,0.0,-100.0,,0,0.0,2.1219,2.6315,2.6315,-0.5095999999999998,11.453175460564454,30.47,,94200.0,2.4066,,
BAURU,Bauru,1986,0.0,-100.0,0,0.0,-100.0,,0,0.0,2.4066,2.1219,2.1219,0.28469999999999995,11.233211562167625,-19.75,,75600.0,2.371,,
BAURU,Bauru,1987,0.0,-100.0,0,0.0,-100.0,,0,0.0,2.371,2.4066,2.51905,-0.035600000000000076,11.577588978295951,41.11,,106680.0,2.3608,,
BAURU,Bauru,1988,0.0,-100.0,0,0.0,-100.0,,0,0.0,2.3608,2.371,2.2464500000000003,-0.010200000000000209,12.288629114134553,103.61,,217212.0,2.1422,,
BAURU,Bauru,1989,0.0,-100.0,0,0.0,-100.0,,0,0.0,2.1422,2.3608,2.4663,-0.2185999999999999,12.696889420737842,50.42,,326730.0,2.3116,,
BAURU,Bauru,1990,0.0,-100.0,0,0.0,-100.0,,0,0.0,2.3116,2.1422,2.2117,0.1694,13.128424968782925,53.96,,503040.0,2.2958,,
BAURU,Bauru,1991,0.0,-100.0,0,0.0,-100.0,,0,0.0,2.2958,2.3116,2.427625,-0.015800000000000036,13.088161090857277,-3.95,,483188.0,2.2026,,
BAURU,Bauru,1992,0.0,-100.0,0,0.0,-100.0,,0,0.0,2.2026,2.2958,2.232725,-0.09319999999999995,13.380472447513744,33.95,,647240.0,2.4154,,
BAURU,Bauru,1993,0.0,-100.0,0,0.0,-100.0,,0,0.0,2.4154,2.2026,2.3204000000000002,0.2128000000000001,13.635585726727664,29.06,,835333.0,2.2944,,
BAURU,Bauru,1994,0.0,-100.0,0,0.0,-100.0,,0,0.0,2.2944,2.4154,2.3061,-0.121,13.976662954180613,40.65,,1174864.0,2.4762,,
BAURU,Bauru,1995,0.0,-100.0,0,0.0,-100.0,,0,0.0,2.4762,2.2944,2.29235,0.18179999999999996,14.066522162620956,9.4,,1285325.0,2.5779,,
BAURU,Bauru,1996,0.0,-100.0,0,0.0,-100.0,,0,0.0,2.5779,2.4762,2.3324,0.10170000000000012,14.220478876026029,16.64,,1499255.0,2.5354,,
BAURU,Bauru,1997,0.0,-100.0,0,0.0,-100.0,,0,0.0,2.5354,2.5779,2.346625,-0.04249999999999998,14.607117498643676,47.2,0.911,2206940.0,2.5732,,
BAURU,Bauru,1998,0.0,-100.0,0,0.0,-100.0,,0,0.0,2.5732,2.5354,2.4307,0.037799999999999834,14.689562876003116,8.59,1.269,2396603.0,2.4179,,
BAURU,Bauru,1999,0.0,-100.0,0,0.0,-100.0,,0,0.0,2.4179,2.5732,2.412025,-0.1553,14.726936676771379,3.81,1.483,2487868.0,2.592,,
BAURU,Bauru,2000,0.0,-100.0,0,592.5,-10.1,,0,603.2,2.592,2.4179,2.461225,0.17410000000000014,14.800904875196373,7.68,0.832,2678868.0,2.4102,,
BAURU,Bauru,2001,447.2,40.2,25,685.5,4.0,-0.7,3,1164.4,2.4102,2.592,2.509375,-0.18179999999999996,14.819001582315737,1.83,0.801,2727788.0,2.2316,,
BAURU,Bauru,2002,357.8,12.1,23,799.8,21.3,3.0,0,1175.5,2.2316,2.4102,2.459925,-0.17860000000000031,14.831052058948618,1.21,1.78,2760858.0,2.3498,,
BAURU,Bauru,2003,286.8,-10.1,34,770.8,16.9,5.2,0,1149.0,2.3498,2.2316,2.493675,0.1182000000000003,14.992274228414617,17.49,1.475,3243859.0,2.1811,,
BAURU,Bauru,2004,356.1,11.6,23,646.7,-1.9,4.7,0,1117.6,2.1811,2.3498,2.428325,-0.1687000000000003,15.160426780361053,18.31,1.101,3837865.0,2.6023,,
BAURU,Bauru,2005,380.0,19.1,25,617.0,-6.4,4.9,0,1061.8,2.6023,2.1811,2.394475,0.42120000000000024,15.216402356185549,5.76,0.858,4058818.0,2.4817,,
BAURU,Bauru,2006,345.4,8.3,17,626.4,-5.0,5.7,0,1029.6,2.4817,2.6023,2.4450499999999997,-0.12060000000000004,15.212869233187922,-0.35,0.98,4044503.0,2.4648,,
BAURU,Bauru,2007,254.6,-20.2,24,895.5,35.8,5.7,0,1210.4,2.4648,2.4817,2.3716,-0.016900000000000137,15.773846754348785,75.24,1.156,7087525.0,2.1573,,
BAURU,Bauru,2008,254.6,-20.2,31,689.2,4.6,3.9,0,1085.8,2.1573,2.4648,2.456775,-0.30749999999999966,15.712302338997162,-5.97,1.094,6664479.0,1.8704,,
BAURU,Bauru,2009,264.9,-17.0,19,730.0,10.7,4.8,0,1021.4,1.8704,2.1573,2.262925,-0.28690000000000015,15.98195846620452,30.95,0.953,8727229.0,2.0723,,
BAURU,Bauru,2010,456.0,42.9,8,652.1,-1.1,3.5,0,1172.5,2.0723,1.8704,2.321825,0.20189999999999975,16.039904461499905,5.97,0.781,9247876.0,2.1685,,
BAURU,Bauru,2011,198.9,-37.6,35,696.5,5.7,6.1,0,967.0,2.1685,2.0723,2.2230999999999996,0.09620000000000006,16.15673667689466,12.39,1.405,10393973.0,2.168,,
BAURU,Bauru,2012,280.1,-12.2,27,428.3,-35.0,1.4,1,797.3,2.168,2.1685,2.2765,-0.0004999999999997229,15.93433169440581,-19.94,1.068,8321322.0,2.4992,,
BAURU,Bauru,2013,233.7,-26.7,49,685.2,3.9,5.1,0,1026.7,2.4992,2.168,2.219825,0.33119999999999994,15.859481904497216,-7.21,0.73,7721212.0,1.7807,,
BAURU,Bauru,2014,255.4,-20.0,20,417.3,-36.7,4.3,0,741.4,1.7807,2.4992,2.250725,-0.7185000000000001,15.960292642826003,10.61,0.793,8540180.0,2.0251,,
BAURU,Bauru,2015,280.9,-12.0,42,650.0,-1.4,6.4,0,975.3,2.0251,1.7807,2.044575,0.24440000000000017,15.933040441137305,-2.69,1.129,8310584.0,2.2601,,
BAURU,Bauru,2016,536.3,68.1,29,888.6,34.8,9.1,0,1463.2,2.2601,2.0251,2.1408,0.23499999999999988,15.988207670183638,5.67,1.221,8781938.0,1.8859,,
BAURU,Bauru,2017,202.9,-36.4,7,633.2,-3.9,1.6,1,957.5,1.8859,2.2601,2.070275,-0.3742000000000001,15.86065176156715,-11.98,1.537,7730250.0,2.2706,0.026600000000000068,
BAURU,Bauru,2018,339.8,6.5,36,649.6,-1.5,4.8,0,1007.7,2.2706,1.8859,2.144675,0.38470000000000004,16.053337585722705,21.25,1.006,9372942.0,2.0963,0.017199999999999993,-0.0252
BAURU,Bauru,2019,408.4,28.0,18,516.3,-21.7,5.0,0,987.5,2.0963,2.2706,2.1198499999999996,-0.17430000000000012,16.102778540672503,5.07,1.053,9847996.0,2.2012,-0.01090000000000002,0.06689999999999996
BAURU,Bauru,2020,240.8,-24.5,58,506.5,-23.2,3.3,0,772.5,2.2012,2.0963,2.1266249999999998,0.10490000000000022,16.078587168403395,-2.39,1.037,9612618.0,2.373,-0.02849999999999997,0.04610000000000003
BAURU,Bauru,2021,151.2,-52.6,57,457.2,-30.7,5.6,0,629.6,2.373,2.2012,2.1281499999999998,0.17180000000000017,16.086820027822803,0.83,1.11,9692084.0,2.1544,-0.0015999999999999348,0.008900000000000019
BAURU,Bauru,2022,261.5,-18.0,49,644.9,-2.2,2.2,0,940.5,2.1544,2.373,2.095075,-0.21860000000000035,16.13509582563812,4.95,1.193,10171455.0,2.016,-0.01869999999999994,-0.12259999999999999
BAURU,Bauru,2023,271.8,-14.8,25,656.4,-0.4,4.6,0,971.4,2.016,2.1544,2.221575,-0.13839999999999986,15.67131811558742,-37.11,1.168,6396862.0,2.1158,-0.01639999999999997,0.11850000000000005
BAURU,Bauru,2024,270.2,-15.3,63,330.5,-49.9,6.1,0,667.7,2.1158,2.016,2.0928,0.09980000000000011,15.419333334991478,-22.27,1.363,4972003.0,1.6301,0.008700000000000041,0.029200000000000004
BAURU,Bauru,2025,280.3,-12.1,55,355.9,-46.0,4.9,0,686.3,1.6301,2.1158,2.1855,-0.4857,16.025075676630248,83.26,1.518,9111753.0,1.9761,0.005700000000000038,-0.05289999999999995
BAURU,Bauru,2026,211.9,-33.6,40,502.6,-23.8,1.0,1,766.5,1.9761,1.6301,2.02885,0.34599999999999986,16.025075676630248,0.0,0.758,9111753.0,,0.017900000000000027,-0.06889999999999996
BOTUCATU,Botucatu,1985,0.0,-100.0,0,0.0,-100.0,,0,0.0,1.3429,1.4681,1.4681,-0.12519999999999998,11.127262984158243,-2.86,,68000.0,1.7868,,
BOTUCATU,Botucatu,1986,0.0,-100.0,0,0.0,-100.0,,0,0.0,1.7868,1.3429,1.3429,0.44389999999999996,11.170435156023453,4.41,,71000.0,1.6479,,
BOTUCATU,Botucatu,1987,0.0,-100.0,0,0.0,-100.0,,0,0.0,1.6479,1.7868,1.62745,-0.13890000000000002,11.26446410567173,9.86,,78000.0,2.0423,,
BOTUCATU,Botucatu,1988,0.0,-100.0,0,0.0,-100.0,,0,0.0,2.0423,1.6479,1.4954,0.3944000000000001,11.127262984158243,-12.82,,68000.0,2.5882,,
BOTUCATU,Botucatu,1989,0.0,-100.0,0,0.0,-100.0,,0,0.0,2.5882,2.0423,1.7657333333333334,0.5459,11.211820372186306,8.82,,74000.0,2.5662,,
BOTUCATU,Botucatu,1990,0.0,-100.0,0,0.0,-100.0,,0,0.0,2.5662,2.5882,1.8596666666666668,-0.02200000000000024,11.416965073824317,22.77,,90850.0,2.5099,,
BOTUCATU,Botucatu,1991,0.0,-100.0,0,0.0,-100.0,,0,0.0,2.5099,2.5662,1.9658499999999997,-0.056299999999999795,11.718719377949325,35.22,,122850.0,2.4671,,
BOTUCATU,Botucatu,1992,0.0,-100.0,0,0.0,-100.0,,0,0.0,2.4671,2.5099,2.022225,-0.04280000000000017,12.391929612058366,96.05,,240850.0,1.5364,,
BOTUCATU,Botucatu,1993,0.0,-100.0,0,0.0,-100.0,,0,0.0,1.5364,2.4671,2.2156,-0.9306999999999999,13.534968269817211,213.63,,755374.0,1.444,,
BOTUCATU,Botucatu,1994,0.0,-100.0,0,0.0,-100.0,,0,0.0,1.444,1.5364,2.0706,-0.09240000000000004,13.679489210831468,15.55,,872824.0,2.0771,,
BOTUCATU,Botucatu,1995,0.0,-100.0,0,0.0,-100.0,,0,0.0,2.0771,1.444,2.1299,0.6331000000000002,13.73226372255156,5.42,,920124.0,1.9825,,
BOTUCATU,Botucatu,1996,0.0,-100.0,0,0.0,-100.0,,0,0.0,1.9825,2.0771,2.1779,-0.09460000000000024,13.732866720283328,0.06,,920679.0,2.3852,,
BOTUCATU,Botucatu,1997,0.0,-100.0,0,0.0,-100.0,,0,0.0,2.3852,1.9825,2.11495,0.4027000000000003,13.965704850172823,26.22,0.911,1162060.0,2.4932,,
BOTUCATU,Botucatu,1998,0.0,-100.0,0,0.0,-100.0,,0,0.0,2.4932,2.3852,2.1271500000000003,0.10799999999999965,13.981922898292048,1.64,1.269,1181060.0,2.3355,,
BOTUCATU,Botucatu,1999,0.0,-100.0,0,0.0,-100.0,,0,0.0,2.3355,2.4932,2.0967,-0.15769999999999973,13.99913127048985,1.74,1.483,1201560.0,2.3903,,
BOTUCATU,Botucatu,2000,0.0,-100.0,0,546.7,-19.3,,0,551.9,2.3903,2.3355,2.0835500000000002,0.05479999999999974,14.281349275995867,32.61,0.832,1593350.0,2.2783,,
BOTUCATU,Botucatu,2001,365.0,17.2,19,729.7,7.7,0.2,2,1123.9,2.2783,2.3903,2.0774999999999997,-0.11199999999999966,14.58478509891177,35.45,0.801,2158200.0,2.6464,,
BOTUCATU,Botucatu,2002,334.8,7.5,12,763.9,12.8,2.8,0,1123.2,2.6464,2.2783,2.269025,0.36809999999999965,14.586174180952048,0.14,1.78,2161200.0,2.4905,,
BOTUCATU,Botucatu,2003,270.1,-13.3,30,757.1,11.8,6.9,0,1103.9,2.4905,2.6464,2.3781,-0.15589999999999993,14.796239805975667,23.38,1.475,2666400.0,2.4305,,
BOTUCATU,Botucatu,2004,315.0,1.1,14,649.0,-4.2,4.7,0,1066.7,2.4305,2.4905,2.372375,-0.06000000000000005,14.974283988509564,19.49,1.101,3186023.0,2.1923,,
BOTUCATU,Botucatu,2005,313.6,0.7,18,536.5,-20.8,5.8,0,889.4,2.1923,2.4305,2.4901,-0.23819999999999997,15.17148049633002,21.8,0.858,3880523.0,2.0692,,
BOTUCATU,Botucatu,2006,421.6,35.3,7,773.9,14.2,6.1,0,1258.0,2.0692,2.1923,2.32415,-0.12309999999999999,15.306733016262594,14.48,0.98,4442523.0,2.0636,,
BOTUCATU,Botucatu,2007,316.1,1.5,10,864.2,27.6,4.9,0,1240.6,2.0636,2.0692,2.3841,-0.005599999999999827,15.419437915139486,11.93,1.156,4972523.0,2.2291,,
BOTUCATU,Botucatu,2008,236.9,-23.9,18,781.0,15.3,4.3,0,1159.5,2.2291,2.0636,2.2561750000000003,0.16549999999999976,15.69916878865976,32.28,1.094,6577523.0,2.11,,
BOTUCATU,Botucatu,2009,314.1,0.8,8,736.6,8.7,5.2,0,1115.9,2.11,2.2291,2.3438,-0.11909999999999998,15.835470504011779,14.6,0.953,7538023.0,1.9491,,
BOTUCATU,Botucatu,2010,432.3,38.8,4,866.0,27.8,5.0,0,1380.8,1.9491,2.11,2.2141,-0.16089999999999982,15.903785965898399,7.07,0.781,8070984.0,1.9879,,
BOTUCATU,Botucatu,2011,208.6,-33.0,10,816.0,20.5,6.2,0,1103.0,1.9879,1.9491,2.1694750000000003,0.038799999999999946,15.884499662756802,-1.91,1.405,7916816.0,1.9455,,
BOTUCATU,Botucatu,2012,299.9,-3.7,10,512.2,-24.4,3.3,0,910.6,1.9455,1.9879,2.08845,-0.04239999999999999,15.916745146700745,3.28,1.068,8176258.0,2.0431,,
BOTUCATU,Botucatu,2013,241.2,-22.6,33,755.5,11.5,6.7,0,1104.2,2.0431,1.9455,2.048225,0.09759999999999991,15.959879217143333,4.41,0.73,8536650.0,1.7412,,
BOTUCATU,Botucatu,2014,261.9,-15.9,6,348.6,-48.5,5.7,0,679.8,1.7412,2.0431,2.05115,-0.30189999999999984,15.946912471486014,-1.29,0.793,8426672.0,1.9118,,
BOTUCATU,Botucatu,2015,226.6,-27.3,26,594.2,-12.3,6.7,0,871.7,1.9118,1.7412,1.966225,0.17059999999999986,15.923475414497277,-2.32,1.129,8231472.0,2.0912,,
BOTUCATU,Botucatu,2016,486.8,56.3,23,786.9,16.2,8.6,0,1291.6,2.0912,1.9118,2.0132,0.17940000000000023,15.946102808866879,2.29,1.221,8419852.0,1.9752,,
BOTUCATU,Botucatu,2017,201.7,-35.2,8,604.9,-10.7,1.4,1,920.8,1.9752,2.0912,1.93175,-0.1160000000000001,16.074610843462978,13.71,1.537,9574471.0,2.1069,-0.06801000000000001,
BOTUCATU,Botucatu,2018,325.1,4.4,17,615.0,-9.2,6.0,0,964.3,2.1069,1.9752,1.9794999999999998,0.13169999999999993,15.953539471204166,-11.4,1.006,8482701.0,2.0149,0.022290000000000032,0.0504
BOTUCATU,Botucatu,2019,422.0,35.5,13,501.1,-26.0,6.0,0,1029.7,2.0149,2.1069,1.9712,-0.09200000000000008,16.098067316192125,15.55,1.053,9801709.0,2.1135,0.030689999999999995,0.07099999999999995
BOTUCATU,Botucatu,2020,236.4,-24.1,41,555.3,-18.0,3.6,0,804.6,2.1135,2.0149,1.9862499999999998,0.09860000000000024,16.11303637437438,1.51,1.037,9949535.0,2.1017,0.054790000000000005,0.05559999999999998
BOTUCATU,Botucatu,2021,124.3,-60.1,49,393.7,-41.9,5.8,0,554.7,2.1017,2.1135,2.0132000000000003,-0.011800000000000033,16.121501743633107,0.85,1.11,10034119.0,2.0744,0.02149000000000001,-0.0022000000000000908
BOTUCATU,Botucatu,2022,269.9,-13.3,38,637.8,-5.8,1.4,1,930.0,2.0744,2.1017,2.0009,-0.027300000000000324,16.119643053113833,-0.19,1.193,10015486.0,2.1025,0.003390000000000004,-0.07830000000000004
BOTUCATU,Botucatu,2023,305.2,-2.0,10,587.5,-13.3,5.5,0,973.3,2.1025,2.0744,2.0965000000000003,0.028100000000000236,16.132523467646816,1.3,1.168,10145324.0,2.1092,-0.05650999999999995,0.014399999999999968
BOTUCATU,Botucatu,2024,365.0,17.2,48,302.3,-55.4,6.8,0,698.9,2.1092,2.1025,2.048575,0.006699999999999928,16.021309382270626,-10.53,1.363,9077500.0,2.0349,-0.00490999999999997,0.07139999999999991
BOTUCATU,Botucatu,2025,259.8,-16.6,46,326.5,-51.8,4.0,0,621.2,2.0349,2.1092,2.101,-0.07430000000000003,16.027678480833856,0.64,1.518,9135500.0,2.0668,-0.007309999999999928,-0.07510000000000006
BOTUCATU,Botucatu,2026,182.2,-41.5,30,414.7,-38.8,1.6,1,632.0,2.0668,2.0349,2.0635,0.03190000000000026,16.027678480833856,0.0,0.758,9135500.0,,0.004090000000000038,-0.10720000000000007
CATANDUVA,Catanduva,1985,0.0,-100.0,0,0.0,-100.0,,0,0.0,2.3012,2.2162,2.2162,0.08499999999999996,15.999312114968353,14.55,,8880000.0,2.3967,,
CATANDUVA,Catanduva,1986,0.0,-100.0,0,0.0,-100.0,,0,0.0,2.3967,2.3012,2.3012,0.09549999999999992,16.061313636859335,6.4,,9448000.0,1.9862,,
CATANDUVA,Catanduva,1987,0.0,-100.0,0,0.0,-100.0,,0,0.0,1.9862,2.3967,2.30645,-0.4105000000000001,16.099727993600133,3.92,,9818000.0,2.3733,,
CATANDUVA,Catanduva,1988,0.0,-100.0,0,0.0,-100.0,,0,0.0,2.3733,1.9862,2.1437,0.3871,16.30283095897621,22.52,,12029000.0,1.9737,,
CATANDUVA,Catanduva,1989,0.0,-100.0,0,0.0,-100.0,,0,0.0,1.9737,2.3733,2.3287333333333335,-0.39959999999999996,16.41530717362623,11.9,,13461000.0,2.1091,,
CATANDUVA,Catanduva,1990,0.0,-100.0,0,0.0,-100.0,,0,0.0,2.1091,1.9737,2.0870333333333337,0.1354000000000002,16.484889228418215,7.21,,14431000.0,1.969,,
CATANDUVA,Catanduva,1991,0.0,-100.0,0,0.0,-100.0,,0,0.0,1.969,2.1091,2.273825,-0.1401000000000001,16.55091648907634,6.83,,15416000.0,1.9664,,
CATANDUVA,Catanduva,1992,0.0,-100.0,0,0.0,-100.0,,0,0.0,1.9664,1.969,2.057525,-0.0026000000000001577,16.62768050528818,7.98,,16646000.0,2.1969,,
CATANDUVA,Catanduva,1993,0.0,-100.0,0,0.0,-100.0,,0,0.0,2.1969,1.9664,2.2113750000000003,0.23049999999999993,16.685452825459965,5.95,,17636000.0,2.1745,,
CATANDUVA,Catanduva,1994,0.0,-100.0,0,0.0,-100.0,,0,0.0,2.1745,2.1969,2.03145,-0.022399999999999753,16.678396918184834,-0.7,,17512000.0,1.9502,,
CATANDUVA,Catanduva,1995,0.0,-100.0,0,0.0,-100.0,,0,0.0,1.9502,2.1745,2.155825,-0.22430000000000017,16.668238137101262,-1.01,,17335000.0,1.7844,,
CATANDUVA,Catanduva,1996,0.0,-100.0,0,0.0,-100.0,,0,0.0,1.7844,1.9502,2.02245,-0.16579999999999995,16.73646836807779,7.06,,18559055.0,1.7711,,
CATANDUVA,Catanduva,1997,0.0,-100.0,0,0.0,-100.0,,0,0.0,1.7711,1.7844,2.0086,-0.01330000000000009,16.728910726005605,-0.75,0.911,18419321.0,1.7251,,
CATANDUVA,Catanduva,1998,0.0,-100.0,0,0.0,-100.0,,0,0.0,1.7251,1.7711,1.9718,-0.04599999999999982,16.633613309891082,-9.09,1.269,16745051.0,1.6867,,
CATANDUVA,Catanduva,1999,0.0,-100.0,0,0.0,-100.0,,0,0.0,1.6867,1.7251,1.9126,-0.03839999999999999,16.64264374941552,0.91,1.483,16896951.0,1.6907,,
CATANDUVA,Catanduva,2000,0.0,-100.0,0,779.1,8.7,,0,789.1,1.6907,1.6867,1.9012249999999997,0.0040000000000000036,16.52840235294593,-10.8,0.832,15072800.0,1.5064,,
CATANDUVA,Catanduva,2001,383.2,35.4,36,615.5,-14.1,2.7,0,1044.3,1.5064,1.6907,1.843675,-0.18430000000000013,16.35885355468778,-15.6,0.801,12722130.0,1.4198,,
CATANDUVA,Catanduva,2002,392.0,38.5,41,874.3,22.0,5.4,0,1270.5,1.4198,1.5064,1.7286,-0.08660000000000001,16.2924690379031,-6.42,1.78,11905000.0,1.752,,
CATANDUVA,Catanduva,2003,249.8,-11.7,52,884.7,23.5,7.4,0,1244.3,1.752,1.4198,1.655,0.33220000000000005,16.281489197866755,-1.09,1.475,11775000.0,1.5204,,
CATANDUVA,Catanduva,2004,212.5,-24.9,35,791.2,10.4,6.8,0,1113.1,1.5204,1.752,1.67905,-0.23160000000000003,16.13133383820988,-13.94,1.101,10133262.0,1.8298,,
CATANDUVA,Catanduva,2005,244.9,-13.5,52,749.0,4.5,7.1,0,1039.3,1.8298,1.5204,1.5890000000000002,0.3094000000000001,15.973183629663634,-14.63,0.858,8650984.0,1.6817,,
CATANDUVA,Catanduva,2006,288.9,2.1,48,814.4,13.6,9.0,0,1161.8,1.6817,1.8298,1.6937250000000001,-0.14810000000000012,15.724015487716718,-22.06,0.98,6743000.0,1.7851,,
CATANDUVA,Catanduva,2007,278.0,-1.8,28,997.4,39.2,8.1,0,1308.8,1.7851,1.6817,1.57815,0.10339999999999994,15.690844950778233,-3.26,1.156,6523000.0,1.8563,,
CATANDUVA,Catanduva,2008,170.2,-39.9,64,783.2,9.3,5.3,0,1067.0,1.8563,1.7851,1.718325,0.07120000000000015,15.591418215137447,-9.46,1.094,5905639.0,1.8273,,
CATANDUVA,Catanduva,2009,171.4,-39.5,48,887.8,23.9,8.4,0,1099.8,1.8273,1.8563,1.6195500000000003,-0.029000000000000137,15.542418390372491,-4.78,0.953,5623239.0,1.8268,,
CATANDUVA,Catanduva,2010,375.8,32.7,17,677.8,-5.4,5.0,0,1105.9,1.8268,1.8273,1.7985499999999999,-0.0004999999999999449,15.52037373448934,-2.18,0.781,5500633.0,1.7734,,
CATANDUVA,Catanduva,2011,248.9,-12.1,47,882.5,23.1,8.3,0,1214.8,1.7734,1.8268,1.7212999999999998,-0.05339999999999989,15.5729704652866,5.4,1.405,5797692.0,1.8869,,
CATANDUVA,Catanduva,2012,253.5,-10.4,37,529.4,-26.1,3.8,0,873.0,1.8869,1.7734,1.8039,0.11349999999999993,15.387142547956566,-16.96,1.068,4814499.0,1.897,,
CATANDUVA,Catanduva,2013,266.0,-6.0,58,694.7,-3.1,6.6,0,1027.9,1.897,1.8869,1.8129250000000001,0.010099999999999998,15.35177307864096,-3.48,0.73,4647189.0,1.6501,,
CATANDUVA,Catanduva,2014,295.6,4.4,39,469.4,-34.5,6.5,0,828.9,1.6501,1.897,1.8207,-0.24690000000000012,15.254869743385584,-9.24,0.793,4217992.0,1.6761,,
CATANDUVA,Catanduva,2015,269.5,-4.8,57,530.5,-26.0,8.2,0,836.0,1.6761,1.6501,1.8050249999999999,0.026000000000000023,15.173199404819218,-7.84,1.129,3887199.0,1.7656,,
CATANDUVA,Catanduva,2016,380.1,34.3,49,804.7,12.3,11.9,0,1208.8,1.7656,1.6761,1.7934500000000002,0.08950000000000014,15.051182009352248,-11.49,1.221,3440688.0,1.7571,,
CATANDUVA,Catanduva,2017,224.2,-20.8,37,548.8,-23.4,3.3,0,897.4,1.7571,1.7656,1.78235,-0.008499999999999952,15.000683038519988,-4.92,1.537,3271251.0,1.9337,,
CATANDUVA,Catanduva,2018,349.2,23.4,54,629.2,-12.2,6.4,0,992.3,1.9337,1.7571,1.7759,0.17659999999999987,14.93626293601271,-6.24,1.006,3067161.0,1.9578,,
CATANDUVA,Catanduva,2019,408.0,44.1,25,465.0,-35.1,7.3,0,943.3,1.9578,1.9337,1.809075,0.02410000000000001,14.909142465095712,-2.68,1.053,2985096.0,1.9118,,
CATANDUVA,Catanduva,2020,199.6,-29.5,70,702.6,-2.0,4.7,0,948.7,1.9118,1.9578,1.822,-0.04600000000000004,14.916581488360904,0.75,1.037,3007385.0,2.1126,,
CATANDUVA,Catanduva,2021,165.9,-41.4,67,447.7,-37.5,7.9,0,648.5,2.1126,1.9118,1.8153000000000001,0.2008000000000001,14.92877267856778,1.23,1.11,3044273.0,2.2603,,
CATANDUVA,Catanduva,2022,371.8,31.3,47,667.4,-6.9,4.4,0,1070.5,2.2603,2.1126,1.8759000000000001,0.14769999999999994,14.885275054896285,-4.26,1.193,2914693.0,2.1946,,
CATANDUVA,Catanduva,2023,216.7,-23.4,52,733.1,2.3,6.3,0,1019.0,2.1946,2.2603,1.96785,-0.06570000000000009,14.699145857984567,-16.98,1.168,2419680.0,2.3868,,
CATANDUVA,Catanduva,2024,249.4,-11.9,80,374.2,-47.8,6.3,0,642.4,2.3868,2.1946,2.005525,0.19220000000000015,14.608698981904439,-8.65,1.363,2210433.0,2.23,,
CATANDUVA,Catanduva,2025,381.1,34.6,50,403.9,-43.6,8.2,0,840.3,2.23,2.3868,2.12315,-0.15680000000000005,14.251297930847588,-30.05,1.518,1546180.0,3.2556,,
CATANDUVA,Catanduva,2026,158.2,-44.1,65,674.9,-5.8,3.9,0,871.3,3.2556,2.23,2.1237500000000002,1.0255999999999998,14.251297930847588,0.0,0.758,1546180.0,,,
FERNANDOPOLIS,Fernandópolis,1985,0.0,-100.0,0,0.0,-100.0,,0,0.0,2.7136,2.3816,2.3816,0.33199999999999985,13.258379181321772,5.85,,572850.0,2.1462,,
FERNANDOPOLIS,Fernandópolis,1986,0.0,-100.0,0,0.0,-100.0,,0,0.0,2.1462,2.7136,2.7136,-0.5674000000000001,13.306100598339446,4.89,,600850.0,2.0884,,
FERNANDOPOLIS,Fernandópolis,1987,0.0,-100.0,0,0.0,-100.0,,0,0.0,2.0884,2.1462,2.2639,-0.05779999999999985,13.384804561990315,8.19,,650050.0,2.2123,,
FERNANDOPOLIS,Fernandópolis,1988,0.0,-100.0,0,0.0,-100.0,,0,0.0,2.2123,2.0884,2.401,0.1238999999999999,13.87382663478711,63.07,,1060050.0,1.9005,,
FERNANDOPOLIS,Fernandópolis,1989,0.0,-100.0,0,0.0,-100.0,,0,0.0,1.9005,2.2123,2.2467,-0.31179999999999986,14.142653699296968,30.84,,1387000.0,2.4275,,
FERNANDOPOLIS,Fernandópolis,1990,0.0,-100.0,0,0.0,-100.0,,0,0.0,2.4275,1.9005,2.234166666666667,0.5270000000000001,14.277985920789218,14.49,,1588000.0,2.4874,,
FERNANDOPOLIS,Fernandópolis,1991,0.0,-100.0,0,0.0,-100.0,,0,0.0,2.4874,2.4275,2.2919,0.05989999999999984,14.627329268241718,41.81,,2252000.0,2.544,,
FERNANDOPOLIS,Fernandópolis,1992,0.0,-100.0,0,0.0,-100.0,,0,0.0,2.544,2.4874,2.297475,0.056599999999999984,14.804679935251002,19.4,,2689000.0,2.4944,,
FERNANDOPOLIS,Fernandópolis,1993,0.0,-100.0,0,0.0,-100.0,,0,0.0,2.4944,2.544,2.3325,-0.049599999999999866,14.883663639147676,8.22,,2910000.0,2.4828,,
FERNANDOPOLIS,Fernandópolis,1994,0.0,-100.0,0,0.0,-100.0,,0,0.0,2.4828,2.4944,2.242675,-0.011600000000000055,14.979286172538798,10.03,,3202000.0,2.3602,,
FERNANDOPOLIS,Fernandópolis,1995,0.0,-100.0,0,0.0,-100.0,,0,0.0,2.3602,2.4828,2.4166499999999997,-0.12260000000000026,15.036930275893932,5.93,,3392000.0,2.1795,,
FERNANDOPOLIS,Fernandópolis,1996,0.0,-100.0,0,0.0,-100.0,,0,0.0,2.1795,2.3602,2.310625,-0.18069999999999986,14.777099268180725,-22.88,,2615849.0,2.2646,,
FERNANDOPOLIS,Fernandópolis,1997,0.0,-100.0,0,0.0,-100.0,,0,0.0,2.2646,2.1795,2.40845,0.08510000000000018,14.835351247424747,6.0,0.911,2772753.0,2.3905,,
FERNANDOPOLIS,Fernandópolis,1998,0.0,-100.0,0,0.0,-100.0,,0,0.0,2.3905,2.2646,2.40165,0.12589999999999968,14.879239088612009,4.49,1.269,2897153.0,2.1547,,
FERNANDOPOLIS,Fernandópolis,1999,0.0,-100.0,0,0.0,-100.0,,0,0.0,2.1547,2.3905,2.3992,-0.2357999999999998,14.931772176855397,5.39,1.483,3053418.0,2.5058,,
FERNANDOPOLIS,Fernandópolis,2000,0.0,-100.0,0,854.0,6.2,,0,882.9,2.5058,2.1547,2.318475,0.35109999999999975,14.887408508397952,-4.34,0.832,2920918.0,2.1644,,
FERNANDOPOLIS,Fernandópolis,2001,323.9,8.1,37,634.9,-21.1,4.2,0,998.8,2.1644,2.5058,2.38965,-0.3413999999999997,14.828171997992802,-5.75,0.801,2752918.0,1.9302,,
FERNANDOPOLIS,Fernandópolis,2002,375.2,25.2,43,898.9,11.7,6.5,0,1284.8,1.9302,2.1644,2.235975,-0.23420000000000019,14.863881630195637,3.64,1.78,2853000.0,1.8123,,
FERNANDOPOLIS,Fernandópolis,2003,292.8,-2.3,53,1029.0,27.9,9.4,0,1460.6,1.8123,1.9302,2.2515,-0.1178999999999999,14.871215345621108,0.74,1.475,2874000.0,2.1037,,
FERNANDOPOLIS,Fernandópolis,2004,191.4,-36.2,39,725.4,-9.8,8.2,0,1005.8,2.1037,1.8123,2.099,0.2913999999999999,14.82072749903283,-4.92,1.101,2732500.0,2.0369,,
FERNANDOPOLIS,Fernandópolis,2005,246.9,-17.6,56,852.6,6.0,7.6,0,1114.9,2.0369,2.1037,2.23255,-0.06679999999999975,14.807835976114427,-1.28,0.858,2697500.0,1.9584,,
FERNANDOPOLIS,Fernandópolis,2006,348.0,16.1,48,963.0,19.7,10.4,0,1380.7,1.9584,2.0369,2.042075,-0.07850000000000024,14.833220046963525,2.57,0.98,2766850.0,1.9798,,
FERNANDOPOLIS,Fernandópolis,2007,304.1,1.5,29,1134.5,41.0,9.4,0,1476.5,1.9798,1.9584,2.124525,0.021400000000000086,14.933549586298195,10.55,1.156,3058850.0,2.0159,,
FERNANDOPOLIS,Fernandópolis,2008,166.7,-44.4,62,860.2,6.9,7.3,0,1161.7,2.0159,1.9798,1.9983500000000003,0.0360999999999998,15.010878950281782,8.04,1.094,3304775.0,1.9895,,
FERNANDOPOLIS,Fernandópolis,2009,211.7,-29.4,49,899.4,11.8,9.9,0,1162.0,1.9895,2.0159,2.0020499999999997,-0.026399999999999757,14.997038346959691,-1.37,0.953,3259350.0,2.0769,,
FERNANDOPOLIS,Fernandópolis,2010,439.2,46.5,19,963.5,19.8,6.3,0,1446.7,2.0769,1.9895,1.954625,0.08740000000000014,14.947679472161214,-4.82,0.781,3102378.0,2.1748,,
FERNANDOPOLIS,Fernandópolis,2011,293.7,-2.0,47,1151.2,43.1,9.9,0,1497.3,2.1748,2.0769,2.0387250000000003,0.09789999999999965,15.012605262299164,6.71,1.405,3310485.0,2.276,,
FERNANDOPOLIS,Fernandópolis,2012,216.4,-27.8,37,658.5,-18.1,6.2,0,971.5,2.276,2.1748,2.0452500000000002,0.10119999999999996,14.885726801460088,-11.92,1.068,2916010.0,2.2436,,
FERNANDOPOLIS,Fernandópolis,2013,263.8,-12.0,60,654.3,-18.7,7.6,0,992.2,2.2436,2.276,2.0818,-0.032399999999999984,14.748756730487843,-12.8,0.73,2542750.0,1.9864,,
FERNANDOPOLIS,Fernandópolis,2014,206.3,-31.2,46,599.3,-25.5,8.0,0,848.3,1.9864,2.2436,2.0969249999999997,-0.2571999999999999,14.69283174513971,-5.44,0.793,2404450.0,2.0953,,
FERNANDOPOLIS,Fernandópolis,2015,350.3,16.9,50,741.1,-7.9,10.8,0,1131.7,2.0953,1.9864,2.0888,0.1089,14.622562150925711,-6.79,1.129,2241290.0,2.1676,,
FERNANDOPOLIS,Fernandópolis,2016,421.1,40.5,52,673.8,-16.2,12.8,0,1142.8,2.1676,2.0953,2.1258,0.07230000000000025,14.586715400374219,-3.52,1.221,2162370.0,1.4888,,
FERNANDOPOLIS,Fernandópolis,2017,234.7,-21.7,46,803.8,-0.1,5.9,0,1143.7,1.4888,2.1676,2.126725,-0.6788000000000003,14.39527065151187,-17.42,1.537,1785610.0,2.1502,0.05498999999999998,
FERNANDOPOLIS,Fernandópolis,2018,389.9,30.1,52,676.1,-15.9,8.0,0,1127.2,2.1502,1.4888,2.000625,0.6614,14.41036110369911,1.52,1.006,1812760.0,2.1005,-0.06251000000000007,0.03037777777777778
FERNANDOPOLIS,Fernandópolis,2019,460.4,53.6,23,528.7,-34.3,8.8,0,1075.6,2.1005,2.1502,2.14505,-0.04970000000000008,14.48189786562292,7.42,1.053,1947190.0,2.0153,0.022089999999999943,0.005777777777777771
FERNANDOPOLIS,Fernandópolis,2020,258.2,-13.8,63,639.5,-20.5,5.4,0,928.6,2.0153,2.1005,1.9820499999999999,-0.08519999999999994,14.506600624114482,2.5,1.037,1995890.0,2.0444,0.08578999999999992,0.04247777777777778
FERNANDOPOLIS,Fernandópolis,2021,171.2,-42.9,67,359.8,-55.3,10.1,0,558.3,2.0444,2.0153,2.079875,0.029100000000000126,14.35215888723235,-14.31,1.11,1710265.0,2.1053,-0.005510000000000015,-0.08732222222222225
FERNANDOPOLIS,Fernandópolis,2022,358.3,19.5,50,675.0,-16.1,5.6,0,1060.1,2.1053,2.0444,1.9322499999999998,0.060900000000000176,14.321194988415392,-3.05,1.193,1658120.0,2.3894,-0.1065100000000001,0.014477777777777756
FERNANDOPOLIS,Fernandópolis,2023,198.2,-33.9,58,964.9,20.0,7.0,0,1267.6,2.3894,2.1053,2.1096,0.2841,14.30151056029461,-1.95,1.168,1625800.0,2.4391,0.020489999999999897,0.04247777777777778
FERNANDOPOLIS,Fernandópolis,2024,249.0,-16.9,81,468.5,-41.8,8.2,0,770.9,2.4391,2.3894,2.005775,0.04969999999999963,14.286770273003846,-1.46,1.363,1602011.0,2.7825,0.01588999999999996,0.1007777777777778
FERNANDOPOLIS,Fernandópolis,2025,291.1,-2.9,55,419.7,-47.8,9.9,0,758.2,2.7825,2.4391,2.177475,0.34340000000000037,14.612256653474228,38.47,1.518,2218311.0,2.4507,-0.002910000000000079,-0.09412222222222222
FERNANDOPOLIS,Fernandópolis,2026,125.8,-58.0,77,618.9,-23.1,6.8,0,780.0,2.4507,2.7825,2.3292,-0.3318000000000003,14.612256653474228,0.0,0.758,2218311.0,,-0.021810000000000107,-0.054922222222222206
FRANCA,Franca,1985,0.0,-100.0,0,0.0,-100.0,,0,0.0,2.5,2.0,2.0,0.5,10.596634733096073,0.0,,40000.0,3.0,,
FRANCA,Franca,1986,0.0,-100.0,0,0.0,-100.0,,0,0.0,3.0,2.5,2.5,0.5,10.596634733096073,0.0,,40000.0,2.5,,
FRANCA,Franca,1987,0.0,-100.0,0,0.0,-100.0,,0,0.0,2.5,3.0,2.5,-0.5,10.596634733096073,0.0,,40000.0,2.5,,
FRANCA,Franca,1988,0.0,-100.0,0,0.0,-100.0,,0,0.0,2.5,2.5,2.5,0.0,10.819778284410283,25.0,,50000.0,2.7,,
FRANCA,Franca,1989,0.0,-100.0,0,0.0,-100.0,,0,0.0,2.7,2.5,2.5,0.20000000000000018,10.933106969717286,12.0,,56000.0,2.5536,,
FRANCA,Franca,1990,0.0,-100.0,0,0.0,-100.0,,0,0.0,2.5536,2.7,2.566666666666667,-0.1464000000000003,11.170435156023453,26.79,,71000.0,2.3521,,
FRANCA,Franca,1991,0.0,-100.0,0,0.0,-100.0,,0,0.0,2.3521,2.5536,2.5134,-0.2014999999999998,11.26446410567173,9.86,,78000.0,2.0,,
FRANCA,Franca,1992,0.0,-100.0,0,0.0,-100.0,,0,0.0,2.0,2.3521,2.513025,-0.3521000000000001,12.983101310070822,457.69,,435000.0,1.1954,,
FRANCA,Franca,1993,0.0,-100.0,0,0.0,-100.0,,0,0.0,1.1954,2.0,2.5134,-0.8046,13.508985397711013,69.2,,736000.0,0.962,,
FRANCA,Franca,1994,0.0,-100.0,0,0.0,-100.0,,0,0.0,0.962,1.1954,2.186875,-0.23340000000000005,13.583578500616985,7.74,,793000.0,1.2063,,
FRANCA,Franca,1995,0.0,-100.0,0,0.0,-100.0,,0,0.0,1.2063,0.962,2.0039,0.24429999999999996,13.65510703647125,7.41,,851800.0,1.511,,
FRANCA,Franca,1996,0.0,-100.0,0,0.0,-100.0,,0,0.0,1.511,1.2063,1.86345,0.30469999999999997,13.358225701126313,-25.69,,633000.0,1.8041,,
FRANCA,Franca,1997,0.0,-100.0,0,0.0,-100.0,,0,0.0,1.8041,1.511,1.75665,0.29310000000000014,13.533943086512346,19.21,0.911,754600.0,2.451,,
FRANCA,Franca,1998,0.0,-100.0,0,0.0,-100.0,,0,0.0,2.451,1.8041,1.639475,0.6469,13.62990361017879,10.07,1.269,830600.0,2.4996,,
FRANCA,Franca,1999,0.0,-100.0,0,0.0,-100.0,,0,0.0,2.4996,2.451,1.7309999999999999,0.04859999999999998,13.628698935897456,-0.12,1.483,829600.0,2.5247,,
FRANCA,Franca,2000,0.0,-100.0,0,927.1,6.9,,0,952.0,2.5247,2.4996,1.67635,0.025100000000000122,13.518666643720106,-10.42,0.832,743160.0,2.2224,,
FRANCA,Franca,2001,389.7,7.0,21,670.6,-22.6,2.5,0,1109.0,2.2224,2.5247,1.862175,-0.30230000000000024,13.407176839324363,-10.55,0.801,664757.0,2.3157,,
FRANCA,Franca,2002,430.6,18.2,20,958.4,10.6,6.5,0,1399.3,2.3157,2.2224,1.9330999999999998,0.09330000000000016,13.49359170524019,9.03,1.78,724757.0,2.0552,,
FRANCA,Franca,2003,341.5,-6.3,36,1182.3,36.4,7.0,0,1643.7,2.0552,2.3157,2.2006,-0.26049999999999995,13.493375057443114,-0.02,1.475,724600.0,1.9413,,
FRANCA,Franca,2004,292.5,-19.7,23,971.2,12.0,6.3,0,1420.0,1.9413,2.0552,2.1453249999999997,-0.11390000000000011,13.510411011475425,1.72,1.101,737050.0,2.1324,,
FRANCA,Franca,2005,342.5,-6.0,29,871.4,0.5,5.8,0,1291.8,2.1324,1.9413,2.308175,0.19110000000000005,13.49812500613905,-1.22,0.858,728050.0,2.0926,,
FRANCA,Franca,2006,413.1,13.4,16,930.5,7.3,9.1,0,1399.0,2.0926,2.1324,2.2274000000000003,-0.03980000000000006,13.426949763448878,-6.87,0.98,678032.0,2.1153,,
FRANCA,Franca,2007,539.4,48.0,8,1045.1,20.6,7.9,0,1652.8,2.1153,2.0926,2.2185750000000004,0.022699999999999942,14.208228093249936,118.43,1.156,1481000.0,1.7005,,
FRANCA,Franca,2008,256.3,-29.6,40,953.0,9.9,6.5,0,1363.5,1.7005,2.1153,2.131325,-0.41480000000000006,14.297319232659772,9.32,1.094,1619000.0,1.9697,,
FRANCA,Franca,2009,234.5,-35.6,28,1059.7,22.2,8.2,0,1355.3,1.9697,1.7005,2.012525,0.2692000000000001,14.383661248349535,9.02,0.953,1765000.0,1.8994,,
FRANCA,Franca,2010,470.0,29.0,4,923.7,6.5,3.9,0,1426.5,1.8994,1.9697,2.06815,-0.07030000000000003,14.594531260068472,23.48,0.781,2179337.0,2.1127,,
FRANCA,Franca,2011,393.2,7.9,25,975.5,12.5,7.3,0,1495.0,2.1127,1.8994,1.90845,0.21329999999999982,14.757885324196302,17.75,1.405,2566068.0,2.3796,,
FRANCA,Franca,2012,321.0,-11.9,20,759.7,-12.4,4.8,0,1154.7,2.3796,2.1127,2.082525,0.26690000000000014,14.72311729284598,-3.42,1.068,2478384.0,2.1911,,
FRANCA,Franca,2013,298.3,-18.1,40,778.0,-10.3,4.9,0,1156.2,2.1911,2.3796,2.0180249999999997,-0.1884999999999999,14.866324490458757,15.4,0.73,2859978.0,1.9186,,
FRANCA,Franca,2014,317.9,-12.8,21,481.1,-44.5,5.9,0,887.8,1.9186,2.1911,2.0972,-0.27249999999999996,15.073965297554748,23.08,0.793,3519978.0,1.9314,,
FRANCA,Franca,2015,291.0,-20.1,38,738.6,-14.8,9.4,0,1114.8,1.9314,1.9186,1.9745249999999999,0.012799999999999923,15.096888749134605,2.32,1.129,3601600.0,2.1923,,
FRANCA,Franca,2016,406.2,11.5,40,939.3,8.4,9.8,0,1355.0,2.1923,1.9314,2.051225,0.2608999999999999,15.170607552629207,7.65,1.221,3877137.0,1.497,,
FRANCA,Franca,2017,323.0,-11.4,28,714.7,-17.6,4.1,0,1098.6,1.497,2.1923,2.097475,-0.6952999999999998,15.166524054524709,-0.41,1.537,3861337.0,2.3123,0.029320000000000013,
FRANCA,Franca,2018,319.6,-12.3,42,883.2,1.9,7.5,0,1251.4,2.3123,1.497,1.9330500000000002,0.8152999999999999,15.21954168847438,5.44,1.006,4071580.0,2.013,-0.04467999999999994,-0.024866666666666704
FRANCA,Franca,2019,557.8,53.1,17,686.6,-20.8,6.2,0,1363.3,2.013,2.3123,2.2007,-0.2993000000000001,15.235839611896171,1.64,1.053,4138482.0,2.2543,0.025519999999999987,0.011233333333333317
FRANCA,Franca,2020,349.2,-4.1,42,815.8,-5.9,4.1,0,1188.9,2.2543,2.013,1.908125,0.2413000000000003,15.275259588596466,4.02,1.037,4304879.0,2.3617,0.03502000000000005,0.07723333333333338
FRANCA,Franca,2021,133.7,-63.3,55,516.1,-40.5,7.2,0,695.5,2.3617,2.2543,2.169375,0.10739999999999972,15.038073195625485,-21.12,1.11,3395879.0,2.0535,0.010519999999999974,-0.021666666666666723
FRANCA,Franca,2022,441.1,21.1,30,752.4,-13.2,4.0,0,1234.5,2.0535,2.3617,1.950775,-0.3081999999999998,15.063073458080654,2.53,1.193,3481847.0,2.1152,-0.03837999999999997,-0.1453666666666667
FRANCA,Franca,2023,308.4,-15.3,24,756.0,-12.8,4.1,0,1162.9,2.1152,2.0535,2.2031,0.06170000000000009,15.080903996616371,1.8,1.168,3544487.0,2.5539,0.0025199999999999667,-0.06886666666666669
FRANCA,Franca,2024,305.2,-16.2,56,516.2,-40.5,7.9,0,845.1,2.5539,2.1152,1.996725,0.43869999999999987,15.133715300255966,5.42,1.363,3736707.0,2.0741,-0.016079999999999983,0.12703333333333333
FRANCA,Franca,2025,441.5,21.2,45,533.7,-38.4,7.5,0,1052.5,2.0741,2.5539,2.2935000000000003,-0.4798,15.139553646864021,0.59,1.518,3758587.0,2.3087,-0.009379999999999944,-0.026866666666666705
FRANCA,Franca,2026,236.1,-35.2,42,777.8,-10.3,4.6,0,1054.4,2.3087,2.0741,2.141,0.23459999999999992,15.139553646864021,0.0,0.758,3758587.0,,0.005619999999999958,0.07213333333333327
GENERAL SALGADO,General Salgado,1985,0.0,-100.0,0,0.0,-100.0,,0,0.0,3.0032,2.643,2.643,0.3602000000000003,13.29204539065182,16.86,,592464.0,2.876,,
GENERAL SALGADO,General Salgado,1986,0.0,-100.0,0,0.0,-100.0,,0,0.0,2.876,3.0032,3.0032,-0.1272000000000002,13.45680068782406,17.91,,698577.0,2.1444,,
GENERAL SALGADO,General Salgado,1987,0.0,-100.0,0,0.0,-100.0,,0,0.0,2.1444,2.876,2.7595,-0.7315999999999998,13.534707437841176,8.1,,755177.0,2.8653,,
GENERAL SALGADO,General Salgado,1988,0.0,-100.0,0,0.0,-100.0,,0,0.0,2.8653,2.1444,2.5738000000000003,0.7208999999999999,13.700500299605467,18.03,,891357.0,2.873,,
GENERAL SALGADO,General Salgado,1989,0.0,-100.0,0,0.0,-100.0,,0,0.0,2.873,2.8653,2.7947666666666664,0.007700000000000262,13.92728178105641,25.46,,1118257.0,2.2505,,
GENERAL SALGADO,General Salgado,1990,0.0,-100.0,0,0.0,-100.0,,0,0.0,2.2505,2.873,2.6735333333333333,-0.6225,14.050390566829517,13.1,,1264757.0,2.2934,,
GENERAL SALGADO,General Salgado,1991,0.0,-100.0,0,0.0,-100.0,,0,0.0,2.2934,2.2505,2.6586999999999996,0.04289999999999994,14.338194394389232,33.35,,1686548.0,2.2198,,
GENERAL SALGADO,General Salgado,1992,0.0,-100.0,0,0.0,-100.0,,0,0.0,2.2198,2.2934,2.5785,-0.07359999999999989,14.525614162360643,20.61,,2034202.0,2.3855,,
GENERAL SALGADO,General Salgado,1993,0.0,-100.0,0,0.0,-100.0,,0,0.0,2.3855,2.2198,2.5528999999999997,0.16569999999999974,14.711498169316407,20.43,,2449754.0,2.4082,,
GENERAL SALGADO,General Salgado,1994,0.0,-100.0,0,0.0,-100.0,,0,0.0,2.4082,2.3855,2.424075,0.022699999999999942,14.815648198508768,10.98,,2718656.0,2.1919,,
GENERAL SALGADO,General Salgado,1995,0.0,-100.0,0,0.0,-100.0,,0,0.0,2.1919,2.4082,2.43595,-0.21629999999999994,14.808263317599202,-0.74,,2698653.0,2.1633,,
GENERAL SALGADO,General Salgado,1996,0.0,-100.0,0,0.0,-100.0,,0,0.0,2.1633,2.1919,2.43595,-0.02859999999999996,14.6871105714472,-11.41,,2390733.0,2.2658,,
GENERAL SALGADO,General Salgado,1997,0.0,-100.0,0,0.0,-100.0,,0,0.0,2.2658,2.1633,2.26045,0.10250000000000004,14.752637500450357,6.77,0.911,2552637.0,2.3001,,
GENERAL SALGADO,General Salgado,1998,0.0,-100.0,0,0.0,-100.0,,0,0.0,2.3001,2.2658,2.28415,0.0343,14.66562131558684,-8.33,1.269,2339906.0,2.3141,,
GENERAL SALGADO,General Salgado,1999,0.0,-100.0,0,0.0,-100.0,,0,0.0,2.3141,2.3001,2.27285,0.01399999999999979,14.561257778747413,-9.91,1.483,2108016.0,2.2422,,
GENERAL SALGADO,General Salgado,2000,0.0,-100.0,0,705.4,-2.9,,0,727.1,2.2422,2.3141,2.2893250000000003,-0.07189999999999985,14.328962729332146,-20.73,0.832,1671050.0,2.5333,,
GENERAL SALGADO,General Salgado,2001,336.7,13.4,32,703.5,-3.2,2.6,0,1113.2,2.5333,2.2422,2.2784500000000003,0.29110000000000014,14.894039179848306,75.96,0.801,2940350.0,2.7193,,
GENERAL SALGADO,General Salgado,2002,383.2,29.1,36,722.4,-0.6,6.0,0,1114.3,2.7193,2.5333,2.3262750000000003,0.18599999999999994,14.879755669328533,-1.42,1.78,2898650.0,2.392,,
GENERAL SALGADO,General Salgado,2003,255.1,-14.1,45,852.9,17.4,8.5,0,1219.4,2.392,2.7193,2.356225,-0.32730000000000015,14.25031437937127,-46.71,1.475,1544660.0,2.0545,,
GENERAL SALGADO,General Salgado,2004,172.1,-42.1,36,718.1,-1.2,7.3,0,993.2,2.0545,2.392,2.3763,-0.3374999999999999,14.451457559106219,22.28,1.101,1888810.0,2.7116,,
GENERAL SALGADO,General Salgado,2005,282.0,-5.0,43,625.2,-13.9,5.8,0,936.9,2.7116,2.0545,2.329025,0.6570999999999998,14.139391715738828,-26.81,0.858,1382483.0,2.5905,,
GENERAL SALGADO,General Salgado,2006,315.2,6.1,38,813.4,11.9,8.4,0,1194.6,2.5905,2.7116,2.48775,-0.12109999999999976,14.213491059487795,7.69,0.98,1488815.0,2.4003,,
GENERAL SALGADO,General Salgado,2007,247.3,-16.7,26,1093.9,50.6,8.0,0,1369.7,2.4003,2.5905,2.401625,-0.19019999999999992,14.130856920756077,-7.93,1.156,1370734.0,2.5648,,
GENERAL SALGADO,General Salgado,2008,170.5,-42.6,51,753.1,3.7,6.3,0,1055.7,2.5648,2.4003,2.5093,0.16449999999999987,14.080678580533716,-4.89,1.094,1303650.0,2.6277,,
GENERAL SALGADO,General Salgado,2009,191.3,-35.6,45,839.6,15.6,8.7,0,1073.5,2.6277,2.5648,2.482275,0.06289999999999996,13.916203497416703,-15.17,0.953,1105937.0,2.2943,,
GENERAL SALGADO,General Salgado,2010,441.9,48.8,11,787.7,8.4,5.8,0,1271.8,2.2943,2.6277,2.5329,-0.33340000000000014,13.857589681966036,-5.69,0.781,1042977.0,2.5641,,
GENERAL SALGADO,General Salgado,2011,286.4,-3.6,33,996.7,37.2,9.1,0,1344.5,2.5641,2.2943,2.3760250000000003,0.26980000000000004,14.211110498259462,42.41,1.405,1485275.0,2.4401,,
GENERAL SALGADO,General Salgado,2012,233.1,-21.5,24,505.1,-30.5,3.5,0,839.1,2.4401,2.5641,2.575925,-0.12399999999999967,14.211988737664736,0.09,1.068,1486580.0,2.6113,,
GENERAL SALGADO,General Salgado,2013,262.6,-11.5,58,693.7,-4.5,6.7,0,1020.6,2.6113,2.4401,2.472425,0.1711999999999998,14.258317050290271,4.74,0.73,1557071.0,2.1593,,
GENERAL SALGADO,General Salgado,2014,214.2,-27.8,40,491.6,-32.3,5.8,0,741.0,2.1593,2.6113,2.55085,-0.45199999999999996,14.683500565873597,52.99,0.793,2382118.0,2.4124,,
GENERAL SALGADO,General Salgado,2015,379.3,27.7,43,639.9,-11.9,8.4,0,1045.8,2.4124,2.1593,2.364625,0.2530999999999999,14.543623257319425,-13.05,1.129,2071168.0,2.8024,,
GENERAL SALGADO,General Salgado,2016,498.0,67.7,42,759.3,4.5,12.7,0,1307.1,2.8024,2.4124,2.5538749999999997,0.3900000000000001,14.56900373329245,2.57,1.221,2124408.0,1.4521,,
GENERAL SALGADO,General Salgado,2017,221.7,-25.3,25,656.9,-9.6,4.4,0,1009.5,1.4521,2.8024,2.4240250000000003,-1.3503,14.533061528921671,-3.53,1.537,2049408.0,2.8668,,
GENERAL SALGADO,General Salgado,2018,409.3,37.8,50,716.6,-1.4,6.3,0,1159.3,2.8668,1.4521,2.259975,1.4147,14.56841987085645,3.6,1.006,2123168.0,2.0039,,
GENERAL SALGADO,General Salgado,2019,430.6,45.0,18,466.3,-35.8,7.1,0,967.4,2.0039,2.8668,2.56715,-0.8629000000000002,14.61258162272107,4.52,1.053,2219032.0,3.0034,,
GENERAL SALGADO,General Salgado,2020,208.2,-29.9,66,695.2,-4.3,4.6,0,954.4,3.0034,2.0039,2.119925,0.9995000000000003,14.427243215341905,-16.92,1.037,1843623.0,2.2083,,
GENERAL SALGADO,General Salgado,2021,121.5,-59.1,69,376.5,-48.2,8.0,0,520.0,2.2083,3.0034,2.7079750000000002,-0.7951000000000001,14.525946424201758,10.37,1.11,2034878.0,1.9611,,
GENERAL SALGADO,General Salgado,2022,297.6,0.2,53,601.1,-17.3,4.9,0,931.8,1.9611,2.2083,2.0191749999999997,-0.24719999999999986,14.441985208675572,-8.05,1.193,1871003.0,2.4217,,
GENERAL SALGADO,General Salgado,2023,223.4,-24.8,47,650.0,-10.5,6.9,0,955.1,2.4217,1.9611,2.6584250000000003,0.4605999999999999,14.425785782298853,-1.61,1.168,1840938.0,2.0636,,
GENERAL SALGADO,General Salgado,2024,225.5,-24.1,74,412.9,-43.2,7.1,0,696.6,2.0636,2.4217,2.0215,-0.35809999999999986,14.340635458037978,-8.16,1.363,1690670.0,1.9019,,
GENERAL SALGADO,General Salgado,2025,296.6,-0.1,55,418.7,-42.4,7.9,0,783.1,1.9019,2.0636,2.473725,-0.16170000000000018,14.423192438468735,8.61,1.518,1836170.0,1.9672,,
GENERAL SALGADO,General Salgado,2026,172.8,-41.8,66,538.3,-25.9,4.8,0,764.3,1.9672,1.9019,2.13395,0.06530000000000014,14.423192438468735,0.0,0.758,1836170.0,,,
ITAPETININGA,Itapetininga,1985,0.0,-100.0,0,0.0,-100.0,,0,0.0,2.6994,2.6611,2.6611,0.0383,13.218522287843982,21.65,,550467.0,2.5721,,
ITAPETININGA,Itapetininga,1986,0.0,-100.0,0,0.0,-100.0,,0,0.0,2.5721,2.6994,2.6994,-0.12729999999999997,13.261643464575478,4.41,,574723.0,2.7682,,
ITAPETININGA,Itapetininga,1987,0.0,-100.0,0,0.0,-100.0,,0,0.0,2.7682,2.5721,2.6166,0.19610000000000039,13.245182599049176,-1.63,,565340.0,2.4104,,
ITAPETININGA,Itapetininga,1988,0.0,-100.0,0,0.0,-100.0,,0,0.0,2.4104,2.7682,2.7338,-0.3578000000000001,13.267052292724728,2.21,,577840.0,2.4015,,
ITAPETININGA,Itapetininga,1989,0.0,-100.0,0,0.0,-100.0,,0,0.0,2.4015,2.4104,2.5478666666666663,-0.00890000000000013,13.32911735033887,6.4,,614840.0,2.8863,,
ITAPETININGA,Itapetininga,1990,0.0,-100.0,0,0.0,-100.0,,0,0.0,2.8863,2.4015,2.6230333333333333,0.4847999999999999,13.442996549995796,12.06,,689000.0,2.4282,,
ITAPETININGA,Itapetininga,1991,0.0,-100.0,0,0.0,-100.0,,0,0.0,2.4282,2.8863,2.632475,-0.45809999999999995,13.150215870358881,-25.38,,514122.0,2.2665,,
ITAPETININGA,Itapetininga,1992,0.0,-100.0,0,0.0,-100.0,,0,0.0,2.2665,2.4282,2.574325,-0.16169999999999973,13.657829319710455,66.13,,854122.0,2.3711,,
ITAPETININGA,Itapetininga,1993,0.0,-100.0,0,0.0,-100.0,,0,0.0,2.3711,2.2665,2.533825,0.10460000000000003,14.379582687358205,105.8,,1757816.0,1.6637,,
ITAPETININGA,Itapetininga,1994,0.0,-100.0,0,0.0,-100.0,,0,0.0,1.6637,2.3711,2.4922500000000003,-0.7074000000000003,14.950496562213399,76.99,,3111130.0,1.61,,
ITAPETININGA,Itapetininga,1995,0.0,-100.0,0,0.0,-100.0,,0,0.0,1.61,1.6637,2.306725,-0.05369999999999986,15.173138948150102,24.94,,3886964.0,1.6433,,
ITAPETININGA,Itapetininga,1996,0.0,-100.0,0,0.0,-100.0,,0,0.0,1.6433,1.61,2.2027,0.033299999999999885,15.429997502556139,29.29,,5025309.0,1.8059,,
ITAPETININGA,Itapetininga,1997,0.0,-100.0,0,0.0,-100.0,,0,0.0,1.8059,1.6433,2.11495,0.16260000000000008,15.423203749257228,-0.68,0.911,4991284.0,1.4251,,
ITAPETININGA,Itapetininga,1998,0.0,-100.0,0,0.0,-100.0,,0,0.0,1.4251,1.8059,2.0538000000000003,-0.3808,15.417706107687605,-0.55,1.269,4963919.0,2.3833,,
ITAPETININGA,Itapetininga,1999,0.0,-100.0,0,0.0,-100.0,,0,0.0,2.3833,1.4251,1.74965,0.9582000000000002,15.419919647035252,0.22,1.483,4974919.0,2.0527,,
ITAPETININGA,Itapetininga,2000,0.0,-100.0,0,512.4,-24.1,,0,520.4,2.0527,2.3833,2.0425750000000003,-0.3306,15.43263922061796,1.28,0.832,5038602.0,2.1349,,
ITAPETININGA,Itapetininga,2001,323.9,2.0,15,700.8,3.7,-0.4,3,1061.3,2.1349,2.0527,1.6962000000000002,0.08219999999999983,15.47334217503573,4.15,0.801,5247919.0,2.0142,,
ITAPETININGA,Itapetininga,2002,337.0,6.1,9,733.4,8.6,1.3,1,1102.2,2.0142,2.1349,1.9835250000000002,-0.12069999999999981,15.44139626083089,-3.14,1.78,5082919.0,2.0434,,
ITAPETININGA,Itapetininga,2003,289.1,-9.0,26,692.1,2.5,5.7,0,1064.6,2.0434,2.0142,1.7838250000000002,0.029199999999999893,15.461016912669967,1.98,1.475,5183634.0,2.0282,,
ITAPETININGA,Itapetininga,2004,287.1,-9.6,9,668.9,-1.0,3.3,0,1050.2,2.0282,2.0434,2.091875,-0.015200000000000102,15.496903297626913,3.65,1.101,5373034.0,2.0489,,
ITAPETININGA,Itapetininga,2005,303.4,-4.5,15,514.5,-23.8,4.5,0,865.0,2.0489,2.0282,1.8800500000000002,0.020700000000000163,15.526782776279642,3.03,0.858,5536000.0,2.4669,,
ITAPETININGA,Itapetininga,2006,462.7,45.7,4,758.1,12.2,5.4,0,1303.5,2.4669,2.0489,2.152625,0.4179999999999997,15.44790298801056,-7.58,0.98,5116100.0,2.583,,
ITAPETININGA,Itapetininga,2007,356.5,12.2,8,774.9,14.7,4.2,0,1199.1,2.583,2.4669,2.1405,0.11610000000000031,15.525966872711583,8.12,1.156,5531485.0,2.446,,
ITAPETININGA,Itapetininga,2008,257.0,-19.1,12,793.2,17.4,3.0,0,1195.5,2.446,2.583,2.20255,-0.137,15.562638703046735,3.74,1.094,5738100.0,2.382,,
ITAPETININGA,Itapetininga,2009,344.2,8.3,5,750.2,11.1,3.4,0,1179.2,2.382,2.446,2.2388250000000003,-0.06400000000000006,15.584359575609223,2.2,0.953,5864100.0,2.3687,,
ITAPETININGA,Itapetininga,2010,478.6,50.7,2,927.1,37.2,3.7,0,1510.9,2.3687,2.382,2.264325,-0.01330000000000009,15.622935349463184,3.93,0.781,6094732.0,2.3091,,
ITAPETININGA,Itapetininga,2011,251.8,-20.7,2,845.9,25.2,4.2,0,1185.8,2.3091,2.3687,2.32745,-0.0596000000000001,15.7496791872306,13.51,1.405,6918290.0,2.4397,,
ITAPETININGA,Itapetininga,2012,276.2,-13.0,5,492.9,-27.0,2.3,0,863.8,2.4397,2.3091,2.33075,0.13060000000000027,15.858749108583835,11.52,1.068,7715556.0,2.165,,
ITAPETININGA,Itapetininga,2013,230.4,-27.5,21,686.3,1.6,5.5,0,1016.7,2.165,2.4397,2.430325,-0.27470000000000017,15.991095909155344,14.15,0.73,8807339.0,2.1039,,
ITAPETININGA,Itapetininga,2014,268.9,-15.4,7,347.7,-48.5,3.4,0,695.8,2.1039,2.165,2.359775,-0.061100000000000154,15.987216281466816,-0.39,0.793,8773236.0,2.3978,,
ITAPETININGA,Itapetininga,2015,220.4,-30.6,22,564.1,-16.5,5.5,0,837.0,2.3978,2.1039,2.339575,0.29390000000000027,15.985509639891227,-0.17,1.129,8758276.0,2.4441,,
ITAPETININGA,Itapetininga,2016,471.5,48.4,17,784.0,16.1,7.5,0,1273.1,2.4441,2.3978,2.313475,0.04630000000000001,16.213233088570846,25.57,1.221,10998100.0,2.4178,,
ITAPETININGA,Itapetininga,2017,228.3,-28.1,5,655.1,-3.0,-0.6,1,1006.5,2.4178,2.4441,2.3391,-0.02629999999999999,16.224489632406364,1.13,1.537,11122600.0,2.484,-0.17740999999999996,
ITAPETININGA,Itapetininga,2018,321.7,1.3,7,651.8,-3.5,5.2,0,997.6,2.484,2.4178,2.322425,0.06619999999999981,16.269459594297,4.6,1.006,11634200.0,2.4216,0.06279000000000001,-0.07301111111111114
ITAPETININGA,Itapetininga,2019,385.0,21.2,8,569.7,-15.7,6.2,0,1054.6,2.4216,2.484,2.367925,-0.06239999999999979,15.865227158602279,-33.25,1.053,7765700.0,2.4335,0.0007899999999999574,0.05958888888888891
ITAPETININGA,Itapetininga,2020,259.1,-18.4,34,599.6,-11.2,1.6,1,875.4,2.4335,2.4216,2.35055,0.0118999999999998,15.859842922530541,-0.54,1.037,7724000.0,2.4925,0.052590000000000026,-0.05151111111111106
ITAPETININGA,Itapetininga,2021,144.0,-54.7,33,421.9,-37.5,5.7,0,616.3,2.4925,2.4335,2.366375,0.05900000000000016,15.86976248857045,1.0,1.11,7801000.0,2.3685,0.05959000000000003,0.013388888888888895
ITAPETININGA,Itapetininga,2022,261.3,-17.7,26,671.0,-0.7,1.0,3,963.0,2.3685,2.4925,2.4324250000000003,-0.12400000000000011,15.846058555131114,-2.34,1.193,7618260.0,2.4903,0.02898999999999996,-0.026311111111111063
ITAPETININGA,Itapetininga,2023,357.1,12.4,2,636.1,-5.8,4.4,0,1092.8,2.4903,2.3685,2.432525,0.12179999999999991,15.79071387065361,-5.38,1.168,7208085.0,2.4341,0.021190000000000042,0.06518888888888885
ITAPETININGA,Itapetininga,2024,396.3,24.8,37,323.9,-52.0,6.4,0,754.8,2.4341,2.4903,2.45555,-0.05620000000000003,15.700317801200734,-8.64,1.363,6585085.0,2.522,-0.10670999999999997,0.010388888888888892
ITAPETININGA,Itapetininga,2025,252.6,-20.5,39,381.0,-43.6,2.4,0,681.4,2.522,2.4341,2.430025,0.08789999999999987,15.785288589369546,8.87,1.518,7169085.0,2.4392,0.07248999999999994,-0.0290111111111111
ITAPETININGA,Itapetininga,2026,193.8,-39.0,21,357.5,-47.1,1.1,1,583.0,2.4392,2.522,2.4816,-0.08279999999999976,15.785288589369546,0.0,0.758,7169085.0,,-0.014310000000000045,0.03128888888888892
ITAPEVA,Itapeva,1985,0.0,-100.0,0,0.0,-100.0,,0,0.0,2.4146,2.4425,2.4425,-0.027899999999999814,12.12973141227345,0.82,,185300.0,2.4071,,
ITAPEVA,Itapeva,1986,0.0,-100.0,0,0.0,-100.0,,0,0.0,2.4071,2.4146,2.4146,-0.007500000000000284,12.153726165157964,2.43,,189800.0,2.3935,,
ITAPEVA,Itapeva,1987,0.0,-100.0,0,0.0,-100.0,,0,0.0,2.3935,2.4071,2.4248,-0.013599999999999834,12.465740971526756,36.62,,259300.0,2.7365,,
ITAPEVA,Itapeva,1988,0.0,-100.0,0,0.0,-100.0,,0,0.0,2.7365,2.3935,2.40405,0.34299999999999997,12.44035394125484,-2.51,,252800.0,2.8655,,
ITAPEVA,Itapeva,1989,0.0,-100.0,0,0.0,-100.0,,0,0.0,2.8655,2.7365,2.5286999999999997,0.129,12.48673010304499,4.75,,264800.0,2.781,,
ITAPEVA,Itapeva,1990,0.0,-100.0,0,0.0,-100.0,,0,0.0,2.781,2.8655,2.557866666666667,-0.0844999999999998,12.647438860426142,17.43,,310966.0,2.3441,,
ITAPEVA,Itapeva,1991,0.0,-100.0,0,0.0,-100.0,,0,0.0,2.3441,2.781,2.591775,-0.43690000000000007,12.6080851335325,-3.86,,298966.0,3.2508,,
ITAPEVA,Itapeva,1992,0.0,-100.0,0,0.0,-100.0,,0,0.0,3.2508,2.3441,2.504425,0.9066999999999998,12.61475258054028,0.67,,300966.0,2.897,,
ITAPEVA,Itapeva,1993,0.0,-100.0,0,0.0,-100.0,,0,0.0,2.897,3.2508,2.79385,-0.3538000000000001,12.8223900763349,23.08,,370419.0,2.5369,,
ITAPEVA,Itapeva,1994,0.0,-100.0,0,0.0,-100.0,,0,0.0,2.5369,2.897,2.625025,-0.36009999999999964,13.059144518462775,26.71,,469369.0,2.2339,,
ITAPEVA,Itapeva,1995,0.0,-100.0,0,0.0,-100.0,,0,0.0,2.2339,2.5369,2.8263,-0.30299999999999994,13.577634007048,67.95,,788300.0,2.0225,,
ITAPEVA,Itapeva,1996,0.0,-100.0,0,0.0,-100.0,,0,0.0,2.0225,2.2339,2.585125,-0.21140000000000025,13.600131782600272,2.28,,806236.0,2.1249,,
ITAPEVA,Itapeva,1997,0.0,-100.0,0,0.0,-100.0,,0,0.0,2.1249,2.0225,2.6478,0.10239999999999982,13.3480413144482,-22.28,0.911,626586.0,2.2876,,
ITAPEVA,Itapeva,1998,0.0,-100.0,0,0.0,-100.0,,0,0.0,2.2876,2.1249,2.3999750000000004,0.16270000000000007,12.70076888736628,-47.65,1.269,328000.0,2.6553,,
ITAPEVA,Itapeva,1999,0.0,-100.0,0,0.0,-100.0,,0,0.0,2.6553,2.2876,2.52445,0.36770000000000014,13.351011749352983,91.6,1.483,628450.0,2.3304,,
ITAPEVA,Itapeva,2000,0.0,-100.0,0,604.9,-7.2,,0,609.7,2.3304,2.6553,2.477775,-0.32489999999999997,13.835989427145595,62.41,0.832,1020690.0,2.0935,,
ITAPEVA,Itapeva,2001,457.0,25.9,2,712.9,9.4,-2.4,4,1228.2,2.0935,2.3304,2.29435,-0.2368999999999999,13.827053679059258,-0.89,0.801,1011610.0,2.1118,,
ITAPEVA,Itapeva,2002,346.9,-4.5,1,723.7,11.0,0.3,1,1111.2,2.1118,2.0935,2.2769,0.018299999999999983,13.855452165057223,2.88,1.78,1040750.0,2.1575,,
ITAPEVA,Itapeva,2003,378.1,4.1,17,698.9,7.2,5.5,0,1210.3,2.1575,2.1118,2.1880749999999995,0.045700000000000074,14.107060141942544,28.61,1.475,1338500.0,2.022,,
ITAPEVA,Itapeva,2004,300.4,-17.3,4,679.8,4.3,3.7,0,1067.0,2.022,2.1575,2.2578,-0.1355000000000004,13.979753001358322,-11.95,1.101,1178500.0,2.0584,,
ITAPEVA,Itapeva,2005,309.6,-14.7,7,421.2,-35.4,2.2,0,782.8,2.0584,2.022,2.18795,0.03639999999999999,14.200364712168314,24.68,0.858,1469400.0,2.7006,,
ITAPEVA,Itapeva,2006,487.2,34.2,0,622.4,-4.5,5.0,0,1162.4,2.7006,2.0584,2.241175,0.6422000000000003,14.359693585384262,17.27,0.98,1723200.0,2.7391,,
ITAPEVA,Itapeva,2007,334.7,-7.8,4,721.9,10.8,4.0,0,1143.4,2.7391,2.7006,2.2912,0.03849999999999998,14.340653202325058,-1.89,1.156,1690700.0,3.313,,
ITAPEVA,Itapeva,2008,281.3,-22.5,5,675.2,3.6,2.3,0,1097.2,3.313,2.7391,2.262125,0.5739000000000001,14.426688175656968,8.98,1.094,1842600.0,2.8871,,
ITAPEVA,Itapeva,2009,343.7,-5.3,0,618.6,-5.1,2.3,0,1006.2,2.8871,3.313,2.5368500000000003,-0.42589999999999995,14.520095082037724,9.79,0.953,2023006.0,3.4452,,
ITAPEVA,Itapeva,2010,650.4,79.1,0,834.2,28.0,1.4,1,1602.1,3.4452,2.8871,2.460525,0.5580999999999996,14.47987547469866,-3.94,0.781,1943256.0,1.3171,,
ITAPEVA,Itapeva,2011,314.9,-13.3,0,688.5,5.6,4.8,0,1098.5,1.3171,3.4452,2.8702,-2.1281,14.577782601299937,10.29,1.405,2143140.0,2.0917,,
ITAPEVA,Itapeva,2012,296.5,-18.3,2,478.1,-26.6,0.2,2,847.7,2.0917,1.3171,2.250425,0.7746,14.571687465754499,-0.61,1.068,2130117.0,2.3473,,
ITAPEVA,Itapeva,2013,218.6,-39.8,12,650.6,-0.2,3.7,0,985.9,2.3473,2.0917,2.887625,0.25560000000000027,14.943709803817379,45.07,0.73,3090087.0,2.0934,,
ITAPEVA,Itapeva,2014,335.8,-7.5,0,413.8,-36.5,0.7,1,831.6,2.0934,2.3473,2.3226500000000003,-0.25390000000000024,14.79957656702487,-13.42,0.793,2675312.0,1.927,,
ITAPEVA,Itapeva,2015,292.9,-19.3,10,759.1,16.5,3.5,0,1121.3,1.927,2.0934,2.735825,-0.16639999999999988,14.761515419821821,-3.73,1.129,2575400.0,2.0059,,
ITAPEVA,Itapeva,2016,588.5,62.1,8,855.3,31.2,8.5,0,1483.4,2.0059,1.927,2.119625,0.07889999999999997,14.780698114986043,1.94,1.221,2625280.0,1.9473,,
ITAPEVA,Itapeva,2017,264.9,-27.0,0,616.7,-5.4,-1.2,2,1014.3,1.9473,2.0059,2.4090499999999997,-0.058599999999999985,14.888121044093383,11.34,1.537,2923000.0,2.8295,-0.01466999999999996,
ITAPEVA,Itapeva,2018,388.9,7.1,3,797.1,22.3,2.4,0,1209.2,2.8295,1.9473,1.884675,0.8821999999999999,14.874321164749448,-1.37,1.006,2882940.0,2.0023,0.016430000000000056,-0.029744444444444462
ITAPEVA,Itapeva,2019,340.0,-6.3,1,605.7,-7.1,3.4,0,1043.1,2.0023,2.8295,2.255125,-0.8271999999999999,14.866863510148123,-0.74,1.053,2861520.0,3.4407,0.018530000000000046,0.03445555555555546
ITAPEVA,Itapeva,2020,330.9,-8.9,21,460.4,-29.4,0.3,2,817.8,3.4407,2.0023,2.055975,1.4384000000000001,14.754871123019614,-10.59,1.037,2558345.0,3.4859,-0.013369999999999882,-0.030644444444444474
ITAPEVA,Itapeva,2021,168.4,-53.6,21,435.7,-33.1,3.8,0,631.5,3.4859,3.4407,2.5923749999999997,0.04519999999999991,14.761720803714738,0.69,1.11,2575929.0,2.9109,-0.021869999999999945,-0.00914444444444451
ITAPEVA,Itapeva,2022,340.2,-6.3,10,525.8,-19.3,-0.1,4,908.4,2.9109,3.4859,2.340625,-0.5750000000000002,14.75412192077153,-0.76,1.193,2556429.0,2.9267,0.00503000000000009,-0.0014444444444444704
ITAPEVA,Itapeva,2023,472.7,30.2,0,584.1,-10.4,2.9,0,1141.3,2.9267,2.9109,2.79675,0.015800000000000036,14.553439881296113,-18.18,1.168,2091600.0,2.9581,0.011330000000000062,0.019855555555555515
ITAPEVA,Itapeva,2024,387.1,6.6,20,324.1,-50.3,5.1,0,770.6,2.9581,2.9267,2.59055,0.031400000000000095,12.290413793963925,-89.6,1.363,217600.0,3.284,0.01043000000000005,0.021055555555555494
ITAPEVA,Itapeva,2025,234.0,-35.5,26,419.8,-35.6,2.7,0,712.5,3.284,2.9581,3.0347999999999997,0.32589999999999986,14.714167117742932,1028.81,1.518,2456301.0,3.6361,0.010730000000000017,-0.008844444444444544
ITAPEVA,Itapeva,2026,226.9,-37.5,9,323.3,-50.4,-0.2,1,602.6,3.6361,3.284,2.924725,0.3521000000000001,14.714167117742932,0.0,0.758,2456301.0,,-0.02256999999999998,0.004455555555555546
JABOTICABAL,Jaboticabal,1985,0.0,-100.0,0,0.0,-100.0,,0,0.0,1.8375,1.9406,1.9406,-0.10310000000000019,16.372058258603875,5.63,,12891236.0,1.8434,,
JABOTICABAL,Jaboticabal,1986,0.0,-100.0,0,0.0,-100.0,,0,0.0,1.8434,1.8375,1.8375,0.005900000000000016,16.462623638427377,9.48,,14113236.0,1.3862,,
JABOTICABAL,Jaboticabal,1987,0.0,-100.0,0,0.0,-100.0,,0,0.0,1.3862,1.8434,1.892,-0.45719999999999983,16.595151604007125,14.17,,16113236.0,1.756,,
JABOTICABAL,Jaboticabal,1988,0.0,-100.0,0,0.0,-100.0,,0,0.0,1.756,1.3862,1.61185,0.3697999999999999,16.732916953415753,14.77,,18493261.0,1.7959,,
JABOTICABAL,Jaboticabal,1989,0.0,-100.0,0,0.0,-100.0,,0,0.0,1.7959,1.756,1.8466666666666667,0.03990000000000005,16.74852457269759,1.57,,18784161.0,2.0587,,
JABOTICABAL,Jaboticabal,1990,0.0,-100.0,0,0.0,-100.0,,0,0.0,2.0587,1.7959,1.6732000000000002,0.2627999999999999,16.779808922362054,3.18,,19381100.0,1.9679,,
JABOTICABAL,Jaboticabal,1991,0.0,-100.0,0,0.0,-100.0,,0,0.0,1.9679,2.0587,1.899675,-0.09079999999999999,16.79296174608995,1.32,,19637700.0,2.0556,,
JABOTICABAL,Jaboticabal,1992,0.0,-100.0,0,0.0,-100.0,,0,0.0,2.0556,1.9679,1.7468750000000002,0.08770000000000011,16.781180452503218,-1.17,,19407700.0,2.1543,,
JABOTICABAL,Jaboticabal,1993,0.0,-100.0,0,0.0,-100.0,,0,0.0,2.1543,2.0556,1.928425,0.09870000000000001,16.797635672612035,1.66,,19729700.0,2.1066,,
JABOTICABAL,Jaboticabal,1994,0.0,-100.0,0,0.0,-100.0,,0,0.0,2.1066,2.1543,1.8260750000000003,-0.0477000000000003,16.807018923365042,0.94,,19915700.0,1.7098,,
JABOTICABAL,Jaboticabal,1995,0.0,-100.0,0,0.0,-100.0,,0,0.0,1.7098,2.1066,1.9942250000000001,-0.3967999999999998,16.839183820951735,3.27,,20566700.0,1.7307,,
JABOTICABAL,Jaboticabal,1996,0.0,-100.0,0,0.0,-100.0,,0,0.0,1.7307,1.7098,1.906975,0.02089999999999992,16.833674353182744,-0.55,,20453700.0,1.8777,,
JABOTICABAL,Jaboticabal,1997,0.0,-100.0,0,0.0,-100.0,,0,0.0,1.8777,1.7307,1.9879,0.14700000000000002,16.809515440436975,-2.39,0.911,19965482.0,1.9661,,
JABOTICABAL,Jaboticabal,1998,0.0,-100.0,0,0.0,-100.0,,0,0.0,1.9661,1.8777,1.927425,0.08840000000000003,16.911281903375887,10.71,1.269,22104282.0,1.9106,,
JABOTICABAL,Jaboticabal,1999,0.0,-100.0,0,0.0,-100.0,,0,0.0,1.9106,1.9661,1.96475,-0.05549999999999988,16.922738677486667,1.15,1.483,22358982.0,2.2142,,
JABOTICABAL,Jaboticabal,2000,0.0,-100.0,0,727.0,5.3,,0,733.7,2.2142,1.9106,1.9131,0.30359999999999987,16.948035151535084,2.56,0.832,22931800.0,1.732,,
JABOTICABAL,Jaboticabal,2001,411.6,45.0,34,631.9,-8.5,2.0,1,1075.5,1.732,2.2142,2.0044,-0.48219999999999996,16.899565015691326,-4.73,0.801,21846800.0,1.7102,,
JABOTICABAL,Jaboticabal,2002,379.7,33.8,31,861.2,24.7,5.5,0,1245.2,1.7102,1.732,1.807525,-0.02180000000000004,16.89988537742823,0.03,1.78,21853800.0,1.6948,,
JABOTICABAL,Jaboticabal,2003,216.4,-23.8,53,849.9,23.1,7.0,0,1155.6,1.6948,1.7102,1.9052999999999998,-0.015399999999999858,16.893826922524415,-0.6,1.475,21721800.0,1.7182,,
JABOTICABAL,Jaboticabal,2004,277.2,-2.3,38,805.2,16.6,6.7,0,1184.3,1.7182,1.6948,1.8037750000000001,0.023399999999999865,16.880666276961612,-1.31,1.101,21437800.0,1.8137,,
JABOTICABAL,Jaboticabal,2005,285.0,0.4,47,757.6,9.7,6.8,0,1097.4,1.8137,1.7182,1.902175,0.09550000000000014,16.861831377629077,-1.87,0.858,21037800.0,1.7944,,
JABOTICABAL,Jaboticabal,2006,294.3,3.7,43,769.6,11.5,8.7,0,1106.7,1.7944,1.8137,1.787775,-0.019300000000000095,16.782061158154686,-7.67,0.98,19424800.0,1.6577,,
JABOTICABAL,Jaboticabal,2007,231.0,-18.6,30,915.4,32.6,7.5,0,1188.1,1.6577,1.7944,1.8592499999999998,-0.13670000000000004,16.62892927469231,-14.2,1.156,16666800.0,1.8295,,
JABOTICABAL,Jaboticabal,2008,204.3,-28.0,64,737.4,6.8,4.8,0,1052.7,1.8295,1.6577,1.72455,0.17179999999999995,16.68535132337072,5.8,1.094,17634210.0,1.5842,,
JABOTICABAL,Jaboticabal,2009,194.4,-31.5,41,847.4,22.7,7.9,0,1081.9,1.5842,1.8295,1.7630750000000002,-0.24529999999999985,16.647059282014936,-3.76,0.953,16971725.0,1.5879,,
JABOTICABAL,Jaboticabal,2010,404.1,42.4,12,672.5,-2.6,4.1,0,1143.0,1.5879,1.5842,1.6876,0.0037000000000000366,16.550519614795054,-9.2,0.781,15409883.0,1.4224,,
JABOTICABAL,Jaboticabal,2011,216.1,-23.9,49,838.9,21.5,8.1,0,1139.8,1.4224,1.5879,1.7325,-0.16549999999999998,16.616798611264286,6.85,1.405,16465842.0,1.7361,,
JABOTICABAL,Jaboticabal,2012,258.2,-9.0,37,463.0,-32.9,3.3,0,801.1,1.7361,1.4224,1.6195,0.31369999999999987,16.482547635171063,-12.56,1.068,14397248.0,1.5921,,
JABOTICABAL,Jaboticabal,2013,250.9,-11.6,56,697.3,1.0,6.1,0,1018.3,1.5921,1.7361,1.7369749999999997,-0.1439999999999999,15.674181511873579,-55.44,0.73,6415205.0,1.4301,,
JABOTICABAL,Jaboticabal,2014,267.0,-5.9,39,407.9,-40.9,6.4,0,731.9,1.4301,1.5921,1.5641,-0.16200000000000014,15.706217523327924,3.26,0.793,6624050.0,1.6077,,
JABOTICABAL,Jaboticabal,2015,260.8,-8.1,50,563.2,-18.4,7.9,0,852.8,1.6077,1.4301,1.6459000000000001,0.17759999999999998,15.761410706969587,5.67,1.129,6999930.0,1.3875,,
JABOTICABAL,Jaboticabal,2016,407.9,43.7,44,824.4,19.4,11.6,0,1258.7,1.3875,1.6077,1.5515999999999999,-0.22019999999999995,15.621592305293198,-13.05,1.221,6086552.0,1.4967,,
JABOTICABAL,Jaboticabal,2017,231.5,-18.4,32,546.0,-20.9,3.5,0,903.4,1.4967,1.3875,1.5353999999999999,0.10919999999999996,15.463116514305131,-14.66,1.537,5194529.0,1.6652,0.0011900000000000244,
JABOTICABAL,Jaboticabal,2018,302.4,6.6,54,552.4,-20.0,5.9,0,865.0,1.6652,1.4967,1.529725,0.1685000000000001,15.325077305095059,-12.89,1.006,4524770.0,1.6674,-0.013109999999999955,0.04418888888888883
JABOTICABAL,Jaboticabal,2019,395.3,39.3,24,469.4,-32.0,7.1,0,927.8,1.6674,1.6652,1.554725,0.0021999999999999797,15.34911137340033,2.43,1.053,4634836.0,1.821,0.07369000000000003,0.17628888888888883
JABOTICABAL,Jaboticabal,2020,187.9,-33.8,70,597.0,-13.5,4.8,0,827.2,1.821,1.6674,1.590975,0.15359999999999996,15.317416264995147,-3.12,1.037,4490238.0,1.6454,0.06689,0.10028888888888887
JABOTICABAL,Jaboticabal,2021,144.8,-49.0,66,384.6,-44.3,7.5,0,562.6,1.6454,1.821,1.5759500000000002,-0.17559999999999998,15.452664410563681,14.48,1.11,5140518.0,1.6164,0.06969000000000003,-0.10321111111111114
JABOTICABAL,Jaboticabal,2022,318.8,12.3,49,678.4,-1.7,3.8,0,1029.5,1.6164,1.6454,1.6042999999999998,-0.028999999999999915,15.47848449797868,2.62,1.193,5274975.0,1.7541,-0.11610999999999994,-0.09611111111111115
JABOTICABAL,Jaboticabal,2023,224.0,-21.1,46,618.5,-10.4,6.0,0,890.7,1.7541,1.6164,1.6225250000000002,0.13769999999999993,15.329815914817933,-13.81,1.168,4546262.0,2.0101,-0.06940999999999997,-0.019111111111111134
JABOTICABAL,Jaboticabal,2024,193.7,-31.8,79,262.7,-62.0,6.0,0,480.6,2.0101,1.7541,1.6408999999999998,0.256,15.294310943644852,-3.49,1.363,4387679.0,2.0091,-0.04340999999999995,0.08708888888888888
JABOTICABAL,Jaboticabal,2025,370.2,30.4,50,326.8,-52.7,7.2,0,744.2,2.0091,2.0101,1.778175,-0.0009999999999998899,15.075125427053772,-19.68,1.518,3524064.0,2.0783,0.00939000000000001,-0.12681111111111115
JABOTICABAL,Jaboticabal,2026,152.0,-46.5,62,583.9,-15.4,3.7,0,771.5,2.0783,2.0091,1.769,0.06919999999999993,15.075125427053772,0.0,0.758,3524064.0,,0.021190000000000042,-0.06261111111111117
JALES,Jales,1985,0.0,-100.0,0,0.0,-100.0,,0,0.0,2.1869,2.1062,2.1062,0.08070000000000022,13.240748898196754,-4.85,,562839.0,2.6829,,
JALES,Jales,1986,0.0,-100.0,0,0.0,-100.0,,0,0.0,2.6829,2.1869,2.1869,0.496,13.244297784183189,0.36,,564840.0,1.7663,,
JALES,Jales,1987,0.0,-100.0,0,0.0,-100.0,,0,0.0,1.7663,2.6829,2.3945499999999997,-0.9166000000000001,13.299724317324774,5.7,,597031.0,2.376,,
JALES,Jales,1988,0.0,-100.0,0,0.0,-100.0,,0,0.0,2.376,1.7663,1.9766,0.6096999999999999,13.490515604622658,21.02,,722531.0,2.6849,,
JALES,Jales,1989,0.0,-100.0,0,0.0,-100.0,,0,0.0,2.6849,2.376,2.3883666666666663,0.30889999999999995,13.621202246212384,13.96,,823404.0,2.8788,,
JALES,Jales,1990,0.0,-100.0,0,0.0,-100.0,,0,0.0,2.8788,2.6849,2.2127,0.19390000000000018,13.965222831192602,41.06,,1161500.0,2.5689,,
JALES,Jales,1991,0.0,-100.0,0,0.0,-100.0,,0,0.0,2.5689,2.8788,2.5109749999999997,-0.30989999999999984,14.331323723241304,44.21,,1675000.0,2.569,,
JALES,Jales,1992,0.0,-100.0,0,0.0,-100.0,,0,0.0,2.569,2.5689,2.30175,9.999999999976694e-05,14.645371561840042,36.9,,2293000.0,2.5809,,
JALES,Jales,1993,0.0,-100.0,0,0.0,-100.0,,0,0.0,2.5809,2.569,2.626675,0.011900000000000244,14.818162455486473,18.86,,2725500.0,2.4722,,
JALES,Jales,1994,0.0,-100.0,0,0.0,-100.0,,0,0.0,2.4722,2.5809,2.40025,-0.10870000000000024,14.919442008109984,10.66,,3016000.0,2.8517,,
JALES,Jales,1995,0.0,-100.0,0,0.0,-100.0,,0,0.0,2.8517,2.4722,2.574,0.37950000000000017,15.044548588378378,13.33,,3417940.0,2.0788,,
JALES,Jales,1996,0.0,-100.0,0,0.0,-100.0,,0,0.0,2.0788,2.8517,2.6715999999999998,-0.7728999999999999,15.114273406847648,7.22,,3664760.0,2.3253,,
JALES,Jales,1997,0.0,-100.0,0,0.0,-100.0,,0,0.0,2.3253,2.0788,2.4997,0.24649999999999972,15.145641892035314,3.19,0.911,3781540.0,2.6785,,
JALES,Jales,1998,0.0,-100.0,0,0.0,-100.0,,0,0.0,2.6785,2.3253,2.5816999999999997,0.3532000000000002,15.03449216460521,-10.52,1.269,3383740.0,2.4318,,
JALES,Jales,1999,0.0,-100.0,0,0.0,-100.0,,0,0.0,2.4318,2.6785,2.449625,-0.24670000000000014,15.076451424681137,4.29,1.483,3528740.0,2.4031,,
JALES,Jales,2000,0.0,-100.0,0,835.1,4.7,,0,864.7,2.4031,2.4318,2.547425,-0.02870000000000017,15.03523071925785,-4.04,0.832,3386240.0,2.3423,,
JALES,Jales,2001,324.2,8.1,44,644.5,-19.2,4.3,0,1010.0,2.3423,2.4031,2.40815,-0.060799999999999965,14.915535182150215,-11.28,0.801,3004240.0,2.3519,,
JALES,Jales,2002,369.6,23.2,48,885.7,11.0,5.5,0,1266.4,2.3519,2.3423,2.487775,0.009600000000000275,14.932277057212426,1.69,1.78,3054960.0,2.4861,,
JALES,Jales,2003,290.2,-3.3,55,1007.3,26.3,9.1,0,1429.3,2.4861,2.3519,2.378075,0.13419999999999987,14.84836046577282,-8.05,1.475,2809060.0,1.9422,,
JALES,Jales,2004,196.3,-34.6,58,712.1,-10.7,8.0,0,998.2,1.9422,2.4861,2.396375,-0.5439,14.978926957497881,13.95,1.101,3200850.0,2.3007,,
JALES,Jales,2005,259.2,-13.6,59,819.9,2.8,6.6,0,1096.7,2.3007,1.9422,2.343925,0.35850000000000004,14.92111765912526,-5.62,0.858,3021058.0,2.3518,,
JALES,Jales,2006,347.6,15.9,53,968.8,21.5,10.3,0,1381.5,2.3518,2.3007,2.390225,0.05109999999999992,14.855645916873408,-6.34,0.98,2829600.0,2.4828,,
JALES,Jales,2007,300.7,0.2,38,1123.8,40.9,9.3,0,1463.1,2.4828,2.3518,2.26225,0.13100000000000023,14.894685152739909,3.98,1.156,2942250.0,2.7322,,
JALES,Jales,2008,168.7,-43.8,67,848.3,6.4,7.1,0,1152.8,2.7322,2.4828,2.402975,0.24940000000000007,15.165335417874186,31.08,1.094,3856750.0,3.0881,,
JALES,Jales,2009,220.3,-26.6,54,878.8,10.2,9.3,0,1146.2,3.0881,2.7322,2.344525,0.35589999999999966,15.146093986549273,-1.91,0.953,3783250.0,2.8856,,
JALES,Jales,2010,450.9,50.3,23,973.6,22.1,6.1,0,1468.5,2.8856,3.0881,2.589425,-0.20249999999999968,15.082880607420002,-6.13,0.781,3551500.0,2.7779,,
JALES,Jales,2011,291.4,-2.9,52,1160.7,45.5,9.5,0,1503.0,2.7779,2.8856,2.4779500000000003,-0.10770000000000035,15.154010758738208,7.37,1.405,3813320.0,2.8191,,
JALES,Jales,2012,210.5,-29.8,52,644.0,-19.3,5.3,0,945.3,2.8191,2.7779,2.662375,0.04120000000000035,15.135753253721068,-1.81,1.068,3744330.0,2.4376,,
JALES,Jales,2013,262.8,-12.4,66,657.3,-17.6,7.2,0,995.0,2.4376,2.8191,2.6971750000000005,-0.38149999999999995,15.082906793195693,-5.15,0.73,3551593.0,2.4016,,
JALES,Jales,2014,197.9,-34.0,50,594.7,-25.4,7.4,0,834.8,2.4016,2.4376,2.6966,-0.03600000000000003,15.038676980648676,-4.33,0.793,3397930.0,2.469,,
JALES,Jales,2015,347.9,16.0,55,737.3,-7.6,10.2,0,1124.3,2.469,2.4016,2.7096250000000004,0.06739999999999968,14.93341880964818,-9.99,1.129,3058450.0,2.5643,,
JALES,Jales,2016,415.7,38.6,55,655.4,-17.8,12.7,0,1120.9,2.5643,2.469,2.69315,0.09529999999999994,14.881548000700205,-5.05,1.221,2903850.0,1.6529,,
JALES,Jales,2017,227.6,-24.1,47,803.4,0.7,5.3,0,1130.8,1.6529,2.5643,2.66765,-0.9113999999999998,14.858881417731556,-2.24,1.537,2838770.0,2.5841,,
JALES,Jales,2018,394.7,31.6,54,672.9,-15.6,7.3,0,1130.6,2.5841,1.6529,2.3343499999999997,0.9311999999999998,14.81813934019455,-3.99,1.006,2725437.0,2.1314,,
JALES,Jales,2019,466.8,55.6,24,533.3,-33.1,8.3,0,1084.0,2.1314,2.5841,2.592275,-0.45269999999999966,14.808243677978824,-0.98,1.053,2698600.0,2.8052,,
JALES,Jales,2020,257.2,-14.3,68,629.9,-21.0,4.7,0,917.2,2.8052,2.1314,2.172725,0.6738,14.784093125517645,-2.39,1.037,2634208.0,2.7666,,
JALES,Jales,2021,161.3,-46.2,73,348.0,-56.4,9.4,0,535.3,2.7666,2.8052,2.5888,-0.03860000000000019,14.77783642430108,-0.62,1.11,2617778.0,2.7652,,
JALES,Jales,2022,357.7,19.2,54,667.6,-16.3,5.2,0,1052.6,2.7652,2.7666,2.254975,-0.0013999999999998458,14.775334996342114,-0.25,1.193,2611238.0,2.8964,,
JALES,Jales,2023,199.0,-33.7,61,915.6,14.8,7.0,0,1222.7,2.8964,2.7652,2.6797,0.13119999999999976,14.771216214900587,-0.41,1.168,2600505.0,3.0422,,
JALES,Jales,2024,238.9,-20.4,82,463.4,-41.9,7.8,0,761.7,3.0422,2.8964,2.361825,0.14579999999999993,14.831472854054773,6.21,1.363,2762020.0,2.9945,,
JALES,Jales,2025,290.3,-3.2,57,412.4,-48.3,9.2,0,751.1,2.9945,3.0422,2.799175,-0.047699999999999854,14.83228714361407,0.08,1.518,2764270.0,3.0412,,
JALES,Jales,2026,124.2,-58.6,81,579.5,-27.3,6.3,0,739.1,3.0412,2.9945,2.6972250000000004,0.046699999999999964,14.83228714361407,0.0,0.758,2764270.0,,,
JAU,Jaú,1985,0.0,-100.0,0,0.0,-100.0,,0,0.0,2.4621,2.4687,2.4687,-0.006600000000000161,13.385235205347376,9.24,,650330.0,2.4216,,
JAU,Jaú,1986,0.0,-100.0,0,0.0,-100.0,,0,0.0,2.4216,2.4621,2.4621,-0.04049999999999976,13.460120502488417,7.78,,700900.0,2.3911,,
JAU,Jaú,1987,0.0,-100.0,0,0.0,-100.0,,0,0.0,2.3911,2.4216,2.44515,-0.030500000000000416,13.915912299197284,57.74,,1105615.0,1.916,,
JAU,Jaú,1988,0.0,-100.0,0,0.0,-100.0,,0,0.0,1.916,2.3911,2.4265999999999996,-0.47509999999999986,13.896468231544198,-1.93,,1084325.0,1.8307,,
JAU,Jaú,1989,0.0,-100.0,0,0.0,-100.0,,0,0.0,1.8307,1.916,2.2687666666666666,-0.08529999999999993,14.570573291436316,96.23,,2127745.0,1.5326,,
JAU,Jaú,1990,0.0,-100.0,0,0.0,-100.0,,0,0.0,1.5326,1.8307,2.2279666666666667,-0.29810000000000003,14.602487277265821,3.24,,2196745.0,1.6766,,
JAU,Jaú,1991,0.0,-100.0,0,0.0,-100.0,,0,0.0,1.6766,1.5326,2.084725,0.14400000000000013,14.738639058920795,14.59,,2517153.0,1.7168,,
JAU,Jaú,1992,0.0,-100.0,0,0.0,-100.0,,0,0.0,1.7168,1.6766,2.090125,0.040200000000000014,15.014343676705849,31.75,,3316245.0,1.6978,,
JAU,Jaú,1993,0.0,-100.0,0,0.0,-100.0,,0,0.0,1.6978,1.7168,1.89675,-0.019000000000000128,15.095054549137284,8.41,,3595000.0,2.0834,,
JAU,Jaú,1994,0.0,-100.0,0,0.0,-100.0,,0,0.0,2.0834,1.6978,1.89905,0.38560000000000016,15.240256105458418,15.63,,4156800.0,3.2714,,
JAU,Jaú,1995,0.0,-100.0,0,0.0,-100.0,,0,0.0,3.2714,2.0834,1.8122000000000003,1.1879999999999997,15.636796466450651,48.67,,6179800.0,2.3776,,
JAU,Jaú,1996,0.0,-100.0,0,0.0,-100.0,,0,0.0,2.3776,3.2714,2.119125,-0.8937999999999997,15.302292129455745,-28.43,,4422838.0,2.2221,,
JAU,Jaú,1997,0.0,-100.0,0,0.0,-100.0,,0,0.0,2.2221,2.3776,1.9276,-0.15549999999999997,15.242941584090469,-5.76,0.911,4167978.0,2.2291,,
JAU,Jaú,1998,0.0,-100.0,0,0.0,-100.0,,0,0.0,2.2291,2.2221,2.216975,0.006999999999999673,15.406283355889144,17.74,1.269,4907540.0,1.9962,,
JAU,Jaú,1999,0.0,-100.0,0,0.0,-100.0,,0,0.0,1.9962,2.2291,2.101725,-0.23289999999999988,15.58920788437392,20.07,1.483,5892600.0,2.214,,
JAU,Jaú,2000,0.0,-100.0,0,612.6,-9.7,,0,620.3,2.214,1.9962,2.296875,0.2178,15.533192823796014,-5.45,0.832,5571600.0,1.9307,,
JAU,Jaú,2001,447.4,45.0,26,706.9,4.2,-0.7,2,1178.7,1.9307,2.214,2.226025,-0.2832999999999999,15.535612895428098,0.24,0.801,5585100.0,1.7457,,
JAU,Jaú,2002,369.4,19.7,21,814.2,20.0,3.4,0,1207.0,1.7457,1.9307,2.3551,-0.18500000000000005,15.5232577846631,-1.23,1.78,5516520.0,1.9295,,
JAU,Jaú,2003,230.0,-25.5,40,843.0,24.2,6.1,0,1173.2,1.9295,1.7457,2.1416,0.18379999999999996,15.485384839202204,-3.72,1.475,5311500.0,1.9581,,
JAU,Jaú,2004,372.6,20.8,25,703.1,3.6,4.4,0,1192.2,1.9581,1.9295,2.019625,0.02859999999999996,15.740707665422045,29.09,1.101,6856500.0,1.9714,,
JAU,Jaú,2005,368.6,19.5,27,631.5,-7.0,6.2,0,1045.8,1.9714,1.9581,2.0367249999999997,0.01330000000000009,15.724978986031019,-1.56,0.858,6749500.0,1.971,,
JAU,Jaú,2006,350.1,13.5,23,706.3,4.1,5.9,0,1109.7,1.971,1.9714,1.95695,-0.00039999999999995595,15.724534409852978,-0.04,0.98,6746500.0,1.8531,,
JAU,Jaú,2007,249.4,-19.2,26,906.0,33.5,6.0,0,1215.9,1.8531,1.971,1.9722,-0.11790000000000012,15.822408288168397,10.28,1.156,7440200.0,1.9795,,
JAU,Jaú,2008,269.3,-12.7,29,732.3,7.9,3.5,0,1140.4,1.9795,1.8531,1.9211749999999999,0.12640000000000007,15.8889591779077,6.88,1.094,7952200.0,1.9785,,
JAU,Jaú,2009,263.6,-14.6,20,761.1,12.1,5.7,0,1068.1,1.9785,1.9795,1.913575,-0.001000000000000112,15.948717959720188,6.16,0.953,8441900.0,1.9816,,
JAU,Jaú,2010,415.7,34.7,13,742.4,9.4,3.0,0,1227.4,1.9816,1.9785,1.933125,0.0031000000000001027,16.04608286697952,10.23,0.781,9305190.0,1.7663,,
JAU,Jaú,2011,183.1,-40.7,36,839.7,23.7,6.9,0,1099.6,1.7663,1.9816,1.97255,-0.21530000000000005,15.892355230696815,-14.25,1.405,7979252.0,2.0199,,
JAU,Jaú,2012,300.6,-2.6,26,499.1,-26.5,1.6,1,887.2,2.0199,1.7663,1.8923249999999998,0.2535999999999998,15.848118582491798,-4.33,1.068,7633970.0,2.1149,,
JAU,Jaú,2013,256.3,-16.9,53,826.2,21.7,4.9,0,1177.1,2.1149,2.0199,1.988,0.0950000000000002,15.568605599283716,-24.38,0.73,5772441.0,2.0315,,
JAU,Jaú,2014,262.7,-14.8,20,389.2,-42.7,5.0,0,724.4,2.0315,2.1149,1.9282,-0.08340000000000014,15.492195819346863,-7.36,0.793,5347800.0,2.2509,,
JAU,Jaú,2015,257.5,-16.5,43,624.3,-8.0,6.1,0,929.0,2.2509,2.0315,2.003125,0.21940000000000026,15.482802198007224,-0.93,1.129,5297800.0,1.8805,,
JAU,Jaú,2016,504.2,63.4,34,803.5,18.4,8.8,0,1334.0,1.8805,2.2509,2.02765,-0.37040000000000006,15.260592560567254,-19.93,1.221,4242200.0,1.5257,,
JAU,Jaú,2017,179.2,-41.9,19,609.7,-10.2,2.8,0,892.7,1.5257,1.8805,1.978375,-0.3548,15.588946505479965,38.87,1.537,5891060.0,2.3515,0.08577000000000001,
JAU,Jaú,2018,305.7,-0.9,39,627.4,-7.6,4.9,0,953.9,2.3515,1.5257,1.9144500000000002,0.8258000000000001,15.717646442168064,13.73,1.006,6700190.0,2.0582,0.005070000000000019,0.02468888888888887
JAU,Jaú,2019,391.5,26.9,22,406.1,-40.2,4.4,0,884.2,2.0582,2.3515,2.07085,-0.29330000000000034,15.520983841733202,-17.85,1.053,5503990.0,2.1523,0.061269999999999936,0.07228888888888885
JAU,Jaú,2020,193.6,-37.2,59,401.8,-40.8,4.1,0,606.4,2.1523,2.0582,1.987425,0.09410000000000007,15.494437218917986,-2.62,1.037,5359800.0,2.2249,0.07606999999999997,0.08128888888888885
JAU,Jaú,2021,108.3,-64.9,59,334.6,-50.7,5.0,0,476.1,2.2249,2.1523,2.1039499999999998,0.0726,15.462359855396521,-3.16,1.11,5190600.0,2.2691,0.04526999999999992,-0.033811111111111125
JAU,Jaú,2022,260.4,-15.6,47,633.9,-6.6,2.0,1,911.2,2.2691,2.2249,2.014925,0.04420000000000002,15.498971310357025,3.73,1.193,5384157.0,2.3127,-0.03973000000000004,-0.04121111111111114
JAU,Jaú,2023,231.3,-25.0,35,530.1,-21.9,4.8,0,802.1,2.3127,2.2691,2.16335,0.04360000000000008,15.56555388303941,6.88,1.168,5754852.0,2.3314,0.04006999999999994,0.037288888888888816
JAU,Jaú,2024,276.2,-10.5,64,251.4,-63.0,5.5,0,565.5,2.3314,2.3127,2.030375,0.01869999999999994,15.21479517912241,-29.58,1.363,4052300.0,1.9006,-0.11433000000000004,0.13788888888888884
JAU,Jaú,2025,285.5,-7.5,56,271.0,-60.1,5.2,0,590.5,1.9006,2.3314,2.276075,-0.43079999999999985,15.083902188764661,-12.27,1.518,3555130.0,1.9575,-0.18553000000000003,-0.21781111111111112
JAU,Jaú,2026,187.1,-39.4,41,422.8,-37.7,1.3,1,644.7,1.9575,1.9006,2.1241,0.05689999999999995,15.083902188764661,0.0,0.758,3555130.0,,0.026069999999999927,-0.060611111111111116
LIMEIRA,Limeira,1985,0.0,-100.0,0,0.0,-100.0,,0,0.0,1.9414,2.0255,2.0255,-0.08410000000000006,16.269581898622373,8.43,,11635623.0,2.0711,,
LIMEIRA,Limeira,1986,0.0,-100.0,0,0.0,-100.0,,0,0.0,2.0711,1.9414,1.9414,0.12969999999999993,16.277287005213395,0.77,,11725623.0,1.9002,,
LIMEIRA,Limeira,1987,0.0,-100.0,0,0.0,-100.0,,0,0.0,1.9002,2.0711,2.0483000000000002,-0.17090000000000005,16.278601891355578,0.13,,11741051.0,1.9791,,
LIMEIRA,Limeira,1988,0.0,-100.0,0,0.0,-100.0,,0,0.0,1.9791,1.9002,1.9207999999999998,0.07890000000000019,16.27685435465991,-0.17,,11720551.0,1.9069,,
LIMEIRA,Limeira,1989,0.0,-100.0,0,0.0,-100.0,,0,0.0,1.9069,1.9791,2.0252333333333334,-0.07220000000000004,16.29887435149476,2.23,,11981500.0,2.1756,,
LIMEIRA,Limeira,1990,0.0,-100.0,0,0.0,-100.0,,0,0.0,2.1756,1.9069,1.9161666666666666,0.26870000000000016,16.127798426419705,-15.72,,10097500.0,2.0142,,
LIMEIRA,Limeira,1991,0.0,-100.0,0,0.0,-100.0,,0,0.0,2.0142,2.1756,2.062825,-0.1614,16.342158779331914,23.91,,12511500.0,1.9945,,
LIMEIRA,Limeira,1992,0.0,-100.0,0,0.0,-100.0,,0,0.0,1.9945,2.0142,1.940675,-0.019700000000000273,16.30552911963845,-3.6,,12061500.0,2.0344,,
LIMEIRA,Limeira,1993,0.0,-100.0,0,0.0,-100.0,,0,0.0,2.0344,1.9945,2.055075,0.03990000000000027,16.300583860531596,-0.49,,12002000.0,1.9008,,
LIMEIRA,Limeira,1994,0.0,-100.0,0,0.0,-100.0,,0,0.0,1.9008,2.0344,1.9639250000000001,-0.13360000000000016,16.275270325330318,-2.5,,11702000.0,1.9167,,
LIMEIRA,Limeira,1995,0.0,-100.0,0,0.0,-100.0,,0,0.0,1.9167,1.9008,2.0125,0.015900000000000025,16.439853009992998,17.89,,13795500.0,1.9586,,
LIMEIRA,Limeira,1996,0.0,-100.0,0,0.0,-100.0,,0,0.0,1.9586,1.9167,1.9680500000000003,0.041899999999999826,16.475607144891512,3.64,,14297670.0,1.8648,,
LIMEIRA,Limeira,1997,0.0,-100.0,0,0.0,-100.0,,0,0.0,1.8648,1.9586,2.0073749999999997,-0.09379999999999988,16.476132896542648,0.05,0.911,14305189.0,1.9498,,
LIMEIRA,Limeira,1998,0.0,-100.0,0,0.0,-100.0,,0,0.0,1.9498,1.8648,1.9575250000000004,0.08499999999999996,16.75884455844551,32.67,1.269,18979017.0,1.8071,,
LIMEIRA,Limeira,1999,0.0,-100.0,0,0.0,-100.0,,0,0.0,1.8071,1.9498,1.9509249999999998,-0.14270000000000005,16.75990685200919,0.11,1.483,18999189.0,1.9156,,
LIMEIRA,Limeira,2000,0.0,-100.0,0,644.3,-11.4,,0,648.2,1.9156,1.8071,1.9057499999999998,0.10850000000000004,16.76416112959573,0.43,0.832,19080189.0,1.8464,,
LIMEIRA,Limeira,2001,408.7,27.3,21,778.2,7.1,2.0,1,1218.5,1.8464,1.9156,1.9312,-0.06919999999999993,16.692526241485567,-6.91,0.801,17761189.0,1.6579,,
LIMEIRA,Limeira,2002,371.3,15.7,16,884.7,21.7,5.9,0,1267.6,1.6579,1.8464,1.8587500000000001,-0.1885000000000001,16.652316792792647,-3.94,1.78,17061189.0,1.9215,,
LIMEIRA,Limeira,2003,301.9,-5.9,38,818.5,12.6,6.3,0,1183.9,1.9215,1.6579,1.8704749999999999,0.26360000000000006,16.62039638085296,-3.14,1.475,16525189.0,1.6251,,
LIMEIRA,Limeira,2004,326.7,1.8,26,770.0,5.9,5.6,0,1203.1,1.6251,1.9215,1.85995,-0.2964,16.601458953529818,-1.88,1.101,16215189.0,1.7304,,
LIMEIRA,Limeira,2005,316.8,-1.3,23,704.8,-3.0,5.9,0,1079.3,1.7304,1.6251,1.7871,0.10529999999999995,16.586547389143803,-1.48,0.858,15975189.0,1.7098,,
LIMEIRA,Limeira,2006,398.1,24.0,13,849.1,16.8,7.7,0,1286.7,1.7098,1.7304,1.8263500000000001,-0.02059999999999995,16.586359580303352,-0.02,0.98,15972189.0,1.7989,,
LIMEIRA,Limeira,2007,319.9,-0.3,13,927.0,27.5,6.3,0,1296.9,1.7989,1.7098,1.7271,0.08909999999999996,16.57058358463491,-1.57,1.156,15722189.0,1.8805,,
LIMEIRA,Limeira,2008,203.0,-36.7,32,760.5,4.6,5.1,0,1079.8,1.8805,1.7989,1.8243,0.08160000000000012,16.637019733504538,6.87,1.094,16802189.0,1.6503,,
LIMEIRA,Limeira,2009,248.4,-22.6,19,794.3,9.3,6.7,0,1098.4,1.6503,1.8805,1.7183249999999999,-0.23019999999999996,16.622028916902014,-1.49,0.953,16552189.0,1.5847,,
LIMEIRA,Limeira,2010,448.6,39.8,4,866.9,19.3,4.8,0,1382.4,1.5847,1.6503,1.7752750000000002,-0.0656000000000001,16.5668772397675,-5.37,0.781,15664025.0,1.5257,,
LIMEIRA,Limeira,2011,189.8,-40.9,31,774.1,6.5,5.7,0,1038.2,1.5257,1.5847,1.7000250000000001,-0.05899999999999994,16.617749825809863,5.22,1.405,16481512.0,1.5516,,
LIMEIRA,Limeira,2012,339.9,5.9,20,527.0,-27.5,2.7,0,986.2,1.5516,1.5257,1.6763249999999998,0.025900000000000034,16.49881714517557,-11.21,1.068,14633400.0,1.4717,,
LIMEIRA,Limeira,2013,256.1,-20.2,36,785.6,8.1,6.4,0,1151.9,1.4717,1.5516,1.6816499999999999,-0.07990000000000008,16.311542260890214,-17.08,0.73,12134246.0,1.2383,,
LIMEIRA,Limeira,2014,301.4,-6.1,7,353.1,-51.4,6.0,0,711.2,1.2383,1.4717,1.61165,-0.23340000000000005,15.944932507573274,-30.69,0.793,8410004.0,1.1791,,
LIMEIRA,Limeira,2015,255.0,-20.6,37,662.8,-8.8,6.6,0,958.9,1.1791,1.2383,1.5637750000000001,-0.05919999999999992,15.833506257906382,-10.54,1.129,7523231.0,1.2425,,
LIMEIRA,Limeira,2016,459.2,43.0,25,824.1,13.4,9.0,0,1290.1,1.2425,1.1791,1.4567,0.0633999999999999,15.816634954414335,-1.67,1.221,7397369.0,1.2038,,
LIMEIRA,Limeira,2017,262.6,-18.2,13,628.4,-13.5,3.2,0,1001.3,1.2038,1.2425,1.404275,-0.03869999999999996,15.78903587405256,-2.72,1.537,7196000.0,1.5161,0.006979999999999986,
LIMEIRA,Limeira,2018,320.3,-0.2,35,568.4,-21.8,5.4,0,915.1,1.5161,1.2038,1.345075,0.3123,15.767061908338192,-2.17,1.006,7039600.0,1.4296,0.015880000000000005,-0.024155555555555597
LIMEIRA,Limeira,2019,427.4,33.2,10,565.0,-22.3,5.8,0,1116.1,1.4296,1.5161,1.3871250000000002,-0.08650000000000002,15.637709509482498,-12.13,1.053,6185445.0,1.6328,-0.0014199999999999768,0.0620444444444444
LIMEIRA,Limeira,2020,264.6,-17.6,47,695.0,-4.4,4.4,0,965.4,1.6328,1.4296,1.32105,0.20320000000000005,15.504129268272816,-12.5,1.037,5412000.0,1.6377,0.028179999999999983,0.1346444444444444
LIMEIRA,Limeira,2021,122.8,-61.8,55,431.7,-40.6,6.1,0,572.9,1.6377,1.6328,1.407425,0.004899999999999904,15.430950422594009,-7.06,1.11,5030100.0,1.5212,-0.012220000000000009,-0.02345555555555562
LIMEIRA,Limeira,2022,274.3,-14.5,44,637.4,-12.3,1.8,1,938.3,1.5212,1.6377,1.36255,-0.11649999999999983,15.40384740049032,-2.67,1.193,4895600.0,1.5455,-0.06841999999999993,-0.1381555555555556
LIMEIRA,Limeira,2023,304.8,-5.1,17,740.6,1.9,4.3,0,1136.2,1.5455,1.5212,1.4781499999999999,0.02429999999999999,15.361816958958258,-4.12,1.168,4694100.0,1.5509,-0.01961999999999997,-0.006955555555555604
LIMEIRA,Limeira,2024,356.4,11.0,48,413.1,-43.2,6.1,0,788.7,1.5509,1.5455,1.45415,0.005399999999999849,15.182685808137453,-16.4,1.363,3924250.0,1.5095,0.0037800000000000056,0.10364444444444437
LIMEIRA,Limeira,2025,330.4,2.9,43,401.7,-44.7,4.6,0,766.9,1.5095,1.5509,1.55525,-0.04139999999999988,15.088916137005548,-8.95,1.518,3573000.0,1.3259,0.02848000000000006,-0.07785555555555557
LIMEIRA,Limeira,2026,193.2,-39.8,33,594.4,-18.2,2.7,0,827.7,1.3259,1.5095,1.530575,-0.18359999999999999,15.088916137005548,0.0,0.758,3573000.0,,0.018380000000000063,-0.02975555555555559
LINS,Lins,1985,0.0,-100.0,0,0.0,-100.0,,0,0.0,2.7366,2.7335,2.7335,0.0031000000000003247,12.774532070121813,7.26,,353109.0,2.7281,,
LINS,Lins,1986,0.0,-100.0,0,0.0,-100.0,,0,0.0,2.7281,2.7366,2.7366,-0.008500000000000174,12.703992344976562,-6.81,,329059.0,2.2395,,
LINS,Lins,1987,0.0,-100.0,0,0.0,-100.0,,0,0.0,2.2395,2.7281,2.7308,-0.4885999999999999,12.666054347609787,-3.72,,316809.0,2.3488,,
LINS,Lins,1988,0.0,-100.0,0,0.0,-100.0,,0,0.0,2.3488,2.2395,2.4880500000000003,0.10930000000000017,12.788601065617753,13.04,,358112.0,2.2167,,
LINS,Lins,1989,0.0,-100.0,0,0.0,-100.0,,0,0.0,2.2167,2.3488,2.6034666666666664,-0.13210000000000033,13.011780359300971,25.0,,447656.0,2.4564,,
LINS,Lins,1990,0.0,-100.0,0,0.0,-100.0,,0,0.0,2.4564,2.2167,2.3976,0.23970000000000002,13.32439605403981,36.7,,611944.0,2.0181,,
LINS,Lins,1991,0.0,-100.0,0,0.0,-100.0,,0,0.0,2.0181,2.4564,2.5667,-0.4382999999999999,13.368232339342622,4.48,,639366.0,2.0704,,
LINS,Lins,1992,0.0,-100.0,0,0.0,-100.0,,0,0.0,2.0704,2.0181,2.3027249999999997,0.05229999999999979,13.492418210078382,13.22,,723907.0,2.3431,,
LINS,Lins,1993,0.0,-100.0,0,0.0,-100.0,,0,0.0,2.3431,2.0704,2.400925,0.2727000000000004,13.739802691276937,28.07,,927087.0,1.8521,,
LINS,Lins,1994,0.0,-100.0,0,0.0,-100.0,,0,0.0,1.8521,2.3431,2.20435,-0.4910000000000001,13.901419410730709,17.54,,1089707.0,2.4398,,
LINS,Lins,1995,0.0,-100.0,0,0.0,-100.0,,0,0.0,2.4398,1.8521,2.181925,0.5876999999999999,14.069454858431197,18.3,,1289100.0,2.4393,,
LINS,Lins,1996,0.0,-100.0,0,0.0,-100.0,,0,0.0,2.4393,2.4398,2.254425,-0.000500000000000167,14.19766200229499,13.68,,1465434.0,2.4188,,
LINS,Lins,1997,0.0,-100.0,0,0.0,-100.0,,0,0.0,2.4188,2.4393,2.20455,-0.02049999999999974,14.336582706337493,14.9,0.911,1683832.0,2.6227,,
LINS,Lins,1998,0.0,-100.0,0,0.0,-100.0,,0,0.0,2.6227,2.4188,2.3049500000000003,0.20389999999999997,14.567314307347132,25.95,1.269,2120822.0,2.4883,,
LINS,Lins,1999,0.0,-100.0,0,0.0,-100.0,,0,0.0,2.4883,2.6227,2.2461249999999997,-0.13439999999999985,14.579964863393183,1.27,1.483,2147822.0,2.591,,
LINS,Lins,2000,0.0,-100.0,0,708.9,3.2,,0,717.5,2.591,2.4883,2.4225,0.10270000000000001,14.678156601510757,10.32,0.832,2369422.0,2.4546,,
LINS,Lins,2001,408.0,43.9,27,638.3,-7.1,3.6,0,1084.2,2.4546,2.591,2.376275,-0.13640000000000008,14.667351084800876,-1.07,0.801,2343957.0,2.3061,,
LINS,Lins,2002,388.9,37.2,26,860.3,25.2,7.3,0,1253.4,2.3061,2.4546,2.450375,-0.1485000000000003,14.81382357531582,15.77,1.78,2713700.0,2.9939,,
LINS,Lins,2003,227.7,-19.7,39,863.4,25.7,8.6,0,1178.7,2.9939,2.3061,2.489775,0.6878000000000002,15.190155072371706,45.69,1.475,3953671.0,2.099,,
LINS,Lins,2004,265.3,-6.4,28,809.8,17.9,7.9,0,1180.7,2.099,2.9939,2.5888999999999998,-0.8948999999999998,15.24530755746606,5.67,1.101,4177851.0,2.2381,,
LINS,Lins,2005,294.5,3.9,37,745.2,8.5,7.6,0,1098.9,2.2381,2.099,2.4047,0.1391,15.314306476701066,7.14,0.858,4476296.0,2.3095,,
LINS,Lins,2006,295.9,4.4,27,764.5,11.3,9.7,0,1101.8,2.3095,2.2381,2.5437250000000002,0.07139999999999969,15.365653139682914,5.27,0.98,4712142.0,2.4523,,
LINS,Lins,2007,231.7,-18.3,20,926.2,34.8,8.6,0,1199.1,2.4523,2.3095,2.3264,0.14280000000000026,15.364831094910766,-0.08,1.156,4708270.0,2.5085,,
LINS,Lins,2008,200.9,-29.1,45,733.2,6.7,6.7,0,1048.0,2.5085,2.4523,2.534725,0.05620000000000003,15.553675842170911,20.79,1.094,5686900.0,2.2048,,
LINS,Lins,2009,194.0,-31.6,34,842.8,22.7,8.4,0,1074.3,2.2048,2.5085,2.3057749999999997,-0.3037000000000001,15.5171038609021,-3.59,0.953,5482676.0,1.9968,,
LINS,Lins,2010,406.1,43.3,6,653.1,-4.9,5.8,0,1120.9,1.9968,2.2048,2.472275,-0.20800000000000018,15.748365862145787,26.02,0.781,6909210.0,2.0624,,
LINS,Lins,2011,213.9,-24.5,33,824.5,20.0,9.3,0,1120.4,2.0624,1.9968,2.22845,0.06559999999999988,15.801510410623143,5.46,1.405,7286329.0,2.1531,,
LINS,Lins,2012,254.1,-10.4,26,452.0,-34.2,5.0,0,784.6,2.1531,2.0624,2.2394,0.0907,15.753080019994428,-4.73,1.068,6941858.0,2.1994,,
LINS,Lins,2013,248.3,-12.4,48,680.3,-1.0,7.4,0,996.3,2.1994,2.1531,2.241975,0.04630000000000001,15.703297676826338,-4.86,0.73,6604737.0,1.8102,,
LINS,Lins,2014,256.1,-9.7,27,395.3,-42.5,7.8,0,702.9,1.8102,2.1994,2.229725,-0.38919999999999977,15.805055838101028,10.71,0.793,7312208.0,1.6699,,
LINS,Lins,2015,261.2,-7.8,45,566.3,-17.6,8.7,0,857.7,1.6699,1.8102,2.11715,-0.1403000000000001,15.774607802380764,-3.0,1.129,7092921.0,1.7249,,
LINS,Lins,2016,406.6,43.4,37,819.4,19.3,12.5,0,1254.2,1.7249,1.6699,2.034125,0.05500000000000016,15.697424971880373,-7.43,1.221,6566063.0,1.6549,,
LINS,Lins,2017,223.9,-21.0,21,529.8,-22.9,5.3,0,869.6,1.6549,1.7249,1.9212500000000001,-0.07000000000000006,15.671993374998399,-2.51,1.537,6401183.0,1.691,,
LINS,Lins,2018,304.2,7.3,46,560.6,-18.4,7.8,0,874.8,1.691,1.6549,1.8966499999999997,0.03610000000000002,15.657383283942584,-1.45,1.006,6308341.0,1.9324,,
LINS,Lins,2019,399.9,41.1,19,479.0,-30.3,7.8,0,938.7,1.9324,1.691,1.8448000000000002,0.24139999999999984,15.611786479317058,-4.46,1.053,6027160.0,1.9557,,
LINS,Lins,2020,188.1,-33.7,59,594.4,-13.5,6.2,0,822.8,1.9557,1.9324,1.86415,0.0233000000000001,15.543539535066925,-6.6,1.037,5629547.0,2.2071,,
LINS,Lins,2021,130.4,-54.0,61,377.6,-45.0,8.8,0,539.0,2.2071,1.9557,1.79545,0.25140000000000007,15.389227402337294,-14.3,1.11,4824547.0,1.9809,,
LINS,Lins,2022,299.5,5.7,46,637.8,-7.2,5.4,0,969.7,1.9809,2.2071,1.866075,-0.22619999999999996,15.542741283784734,16.59,1.193,5625055.0,2.1641,,
LINS,Lins,2023,223.8,-21.1,37,620.2,-9.7,7.5,0,894.5,2.1641,1.9809,1.838125,0.1831999999999998,15.003980308566103,-41.65,1.168,3282055.0,2.2023,,
LINS,Lins,2024,201.2,-29.0,73,275.3,-59.9,8.2,0,505.2,2.2023,2.1641,1.9896249999999998,0.038200000000000234,15.027021379913458,2.33,1.363,3358555.0,2.1538,,
LINS,Lins,2025,363.9,28.4,47,329.9,-52.0,8.5,0,742.3,2.1538,2.2023,1.957475,-0.04850000000000021,14.890074659688528,-12.8,1.518,2928716.0,2.402,,
LINS,Lins,2026,156.1,-44.9,47,591.6,-13.9,5.3,0,784.8,2.402,2.1538,2.11435,0.2482000000000002,14.890074659688528,0.0,0.758,2928716.0,,,
MOGI MIRIM,Mogi Mirim,1985,0.0,-100.0,0,0.0,-100.0,,0,0.0,2.5123,2.3226,2.3226,0.1897000000000002,16.07904292369462,4.27,,9617000.0,2.1175,,
MOGI MIRIM,Mogi Mirim,1986,0.0,-100.0,0,0.0,-100.0,,0,0.0,2.1175,2.5123,2.5123,-0.39480000000000004,15.95933435857338,-11.28,,8532000.0,2.2161,,
MOGI MIRIM,Mogi Mirim,1987,0.0,-100.0,0,0.0,-100.0,,0,0.0,2.2161,2.1175,2.22005,0.0985999999999998,16.260723049208075,35.17,,11533000.0,2.2528,,
MOGI MIRIM,Mogi Mirim,1988,0.0,-100.0,0,0.0,-100.0,,0,0.0,2.2528,2.2161,2.3642000000000003,0.03670000000000018,16.381459415758894,12.83,,13013000.0,2.572,,
MOGI MIRIM,Mogi Mirim,1989,0.0,-100.0,0,0.0,-100.0,,0,0.0,2.572,2.2528,2.2309666666666668,0.31919999999999993,16.55706000760689,19.2,,15511000.0,2.4964,,
MOGI MIRIM,Mogi Mirim,1990,0.0,-100.0,0,0.0,-100.0,,0,0.0,2.4964,2.572,2.4334666666666664,-0.07560000000000011,16.62491325332677,7.02,,16600000.0,2.5241,,
MOGI MIRIM,Mogi Mirim,1991,0.0,-100.0,0,0.0,-100.0,,0,0.0,2.5241,2.4964,2.297325,0.027699999999999836,16.70588231586044,8.43,,18000000.0,2.4667,,
MOGI MIRIM,Mogi Mirim,1992,0.0,-100.0,0,0.0,-100.0,,0,0.0,2.4667,2.5241,2.456125,-0.057399999999999896,16.701985845581316,-0.39,,17930000.0,2.5259,,
MOGI MIRIM,Mogi Mirim,1993,0.0,-100.0,0,0.0,-100.0,,0,0.0,2.5259,2.4667,2.33335,0.05920000000000014,16.734910070972546,3.35,,18530157.0,2.2706,,
MOGI MIRIM,Mogi Mirim,1994,0.0,-100.0,0,0.0,-100.0,,0,0.0,2.2706,2.5259,2.459525,-0.2553000000000001,16.849126112245845,12.1,,20772200.0,2.2722,,
MOGI MIRIM,Mogi Mirim,1995,0.0,-100.0,0,0.0,-100.0,,0,0.0,2.2722,2.2706,2.371625,0.0016000000000002679,16.83847854913751,-1.06,,20552200.0,2.3436,,
MOGI MIRIM,Mogi Mirim,1996,0.0,-100.0,0,0.0,-100.0,,0,0.0,2.3436,2.2722,2.47355,0.07139999999999969,16.88552436003878,4.82,,21542200.0,2.0381,,
MOGI MIRIM,Mogi Mirim,1997,0.0,-100.0,0,0.0,-100.0,,0,0.0,2.0381,2.3436,2.394325,-0.3054999999999999,16.53534834502679,-29.54,0.911,15177860.0,2.1204,,
MOGI MIRIM,Mogi Mirim,1998,0.0,-100.0,0,0.0,-100.0,,0,0.0,2.1204,2.0381,2.3400749999999997,0.08230000000000004,16.470845612220376,-6.25,1.269,14229753.0,2.3291,,
MOGI MIRIM,Mogi Mirim,1999,0.0,-100.0,0,0.0,-100.0,,0,0.0,2.3291,2.1204,2.300325,0.20869999999999989,16.559544057957602,9.28,1.483,15549578.0,1.9716,,
MOGI MIRIM,Mogi Mirim,2000,0.0,-100.0,0,684.4,-9.3,,0,693.4,1.9716,2.3291,2.291325,-0.35749999999999993,16.396706302202666,-15.03,0.832,13212928.0,1.9602,,
MOGI MIRIM,Mogi Mirim,2001,408.4,20.1,18,760.5,0.7,2.3,0,1204.1,1.9602,1.9716,2.17655,-0.011400000000000077,16.325185264651125,-6.9,0.801,12300928.0,1.8382,,
MOGI MIRIM,Mogi Mirim,2002,427.2,25.6,5,904.6,19.8,6.0,0,1350.8,1.8382,1.9602,2.1499,-0.12199999999999989,16.36401778916187,3.96,1.78,12788000.0,2.1034,,
MOGI MIRIM,Mogi Mirim,2003,326.5,-4.0,32,827.2,9.6,5.4,0,1213.9,2.1034,1.8382,2.06845,0.2652000000000001,16.336829493783828,-2.68,1.475,12445000.0,2.1912,,
MOGI MIRIM,Mogi Mirim,2004,326.7,-4.0,20,808.6,7.1,4.9,0,1260.4,2.1912,2.1034,2.1077,0.08779999999999966,16.351981298804432,1.53,1.101,12635000.0,2.0578,,
MOGI MIRIM,Mogi Mirim,2005,352.8,3.7,11,765.2,1.4,5.6,0,1190.0,2.0578,2.1912,2.03035,-0.13339999999999996,16.394742053789837,4.37,0.858,13187000.0,2.1714,,
MOGI MIRIM,Mogi Mirim,2006,417.0,22.6,10,867.4,14.9,6.9,0,1323.0,2.1714,2.0578,2.112625,0.11360000000000037,16.401920293082796,0.72,0.98,13282000.0,2.0809,,
MOGI MIRIM,Mogi Mirim,2007,359.7,5.7,7,922.0,22.1,6.6,0,1341.2,2.0809,2.1714,2.0431000000000004,-0.09050000000000002,16.439236677153765,3.8,1.156,13787000.0,1.9213,,
MOGI MIRIM,Mogi Mirim,2008,230.6,-32.2,23,805.1,6.6,5.0,0,1171.2,1.9213,2.0809,2.0505750000000003,-0.1596000000000002,16.489382065542273,5.14,1.094,14495982.0,1.8841,,
MOGI MIRIM,Mogi Mirim,2009,275.7,-19.0,12,798.8,5.8,6.6,0,1130.0,1.8841,1.9213,2.0305250000000004,-0.0371999999999999,16.36955311345379,-11.29,0.953,12858982.0,1.9263,,
MOGI MIRIM,Mogi Mirim,2010,452.7,33.1,1,885.8,17.3,4.3,0,1416.4,1.9263,1.8841,2.03155,0.04219999999999979,16.37079645111481,0.12,0.781,12874980.0,1.8112,,
MOGI MIRIM,Mogi Mirim,2011,253.4,-25.5,21,852.3,12.9,5.6,0,1196.5,1.8112,1.9263,2.05255,-0.11509999999999998,16.452700430681105,8.54,1.405,13973880.0,1.925,,
MOGI MIRIM,Mogi Mirim,2012,373.6,9.8,15,605.3,-19.8,2.7,0,1116.5,1.925,1.8112,1.9585,0.11380000000000012,16.45606676370327,0.34,1.068,14021000.0,1.9123,,
MOGI MIRIM,Mogi Mirim,2013,251.7,-26.0,27,893.6,18.4,6.0,0,1244.6,1.9123,1.925,1.9860000000000002,-0.012699999999999934,16.36425235658153,-8.77,0.73,12791000.0,1.5888,,
MOGI MIRIM,Mogi Mirim,2014,342.9,0.8,4,387.6,-48.7,5.1,0,797.6,1.5888,1.9123,1.9221249999999999,-0.3235000000000001,16.319729518784648,-4.35,0.793,12234000.0,1.4228,,
MOGI MIRIM,Mogi Mirim,2015,265.7,-21.9,29,661.1,-12.4,7.3,0,972.2,1.4228,1.5888,1.84035,-0.16599999999999993,16.4269558748273,11.32,1.129,13618720.0,1.3417,,
MOGI MIRIM,Mogi Mirim,2016,449.8,32.2,26,833.5,10.4,8.7,0,1290.4,1.3417,1.4228,1.7576,-0.08110000000000017,16.334828376773196,-8.8,1.221,12420121.0,1.5206,,
MOGI MIRIM,Mogi Mirim,2017,272.0,-20.0,12,636.2,-15.7,1.4,1,1012.8,1.5206,1.3417,1.6954500000000001,0.17890000000000006,16.25718354012369,-7.47,1.537,11492251.0,1.9931,-0.018079999999999985,
MOGI MIRIM,Mogi Mirim,2018,325.5,-4.3,32,577.1,-23.6,6.0,0,929.2,1.9931,1.5206,1.666725,0.47250000000000014,16.272622060190443,1.56,1.006,11671051.0,1.8827,0.006920000000000037,-0.06342222222222227
MOGI MIRIM,Mogi Mirim,2019,420.2,23.5,7,599.6,-20.6,5.8,0,1141.6,1.8827,1.9931,1.71215,-0.11040000000000005,16.24770255283307,-2.46,1.053,11383808.0,1.7547,0.008720000000000061,0.056677777777777716
MOGI MIRIM,Mogi Mirim,2020,271.8,-20.1,39,706.9,-6.4,3.9,0,984.7,1.7547,1.8827,1.6846,-0.1280000000000001,16.284779574812735,3.78,1.037,11813808.0,2.0354,0.0017200000000000548,0.1867777777777777
MOGI MIRIM,Mogi Mirim,2021,134.6,-60.4,53,468.2,-38.0,5.6,0,617.7,2.0354,1.7547,1.6695749999999998,0.28070000000000017,16.23710531178014,-4.66,1.11,11263808.0,1.9315,-0.030079999999999885,-0.07072222222222224
MOGI MIRIM,Mogi Mirim,2022,279.2,-17.9,37,641.7,-15.0,1.7,1,950.4,1.9315,2.0354,1.7153749999999999,-0.1039000000000001,16.269528354718528,3.3,1.193,11635000.0,1.8577,0.05082000000000009,-0.12492222222222227
MOGI MIRIM,Mogi Mirim,2023,318.8,-6.3,11,766.9,1.6,3.2,0,1174.7,1.8577,1.9315,1.7552499999999998,-0.07380000000000009,16.302290452133956,3.33,1.168,12022500.0,1.3974,-0.0043799999999999395,0.03007777777777776
MOGI MIRIM,Mogi Mirim,2024,373.7,9.8,43,444.1,-41.2,4.9,0,835.2,1.3974,1.8577,1.8241,-0.46029999999999993,16.15792118117288,-13.44,1.363,10406292.0,1.177,-0.009679999999999911,0.09957777777777777
MOGI MIRIM,Mogi Mirim,2025,325.7,-4.3,41,427.8,-43.3,4.0,0,792.2,1.177,1.3974,1.769175,-0.22039999999999993,16.117348171665267,-3.98,1.518,9992528.0,1.1831,0.006920000000000037,-0.08082222222222224
MOGI MIRIM,Mogi Mirim,2026,199.2,-41.4,28,597.0,-20.9,3.3,0,836.4,1.1831,1.177,1.7382,0.006099999999999994,16.117348171665267,0.0,0.758,9992528.0,,-0.012879999999999892,-0.033222222222222264
OURINHOS,Ourinhos,1985,0.0,-100.0,0,0.0,-100.0,,0,0.0,1.1807,1.1853,1.1853,-0.0045999999999999375,11.752107706101917,27.89,,127021.0,1.1559,,
OURINHOS,Ourinhos,1986,0.0,-100.0,0,0.0,-100.0,,0,0.0,1.1559,1.1807,1.1807,-0.024800000000000155,11.935713003043361,20.15,,152621.0,1.2185,,
OURINHOS,Ourinhos,1987,0.0,-100.0,0,0.0,-100.0,,0,0.0,1.2185,1.1559,1.1705999999999999,0.06259999999999999,10.936494084106243,-63.18,,56190.0,1.9263,,
OURINHOS,Ourinhos,1988,0.0,-100.0,0,0.0,-100.0,,0,0.0,1.9263,1.2185,1.1996,0.7078,11.063351717236001,13.53,,63790.0,1.747,,
OURINHOS,Ourinhos,1989,0.0,-100.0,0,0.0,-100.0,,0,0.0,1.747,1.9263,1.4225,-0.1792999999999998,11.094223130080044,3.14,,65790.0,1.7547,,
OURINHOS,Ourinhos,1990,0.0,-100.0,0,0.0,-100.0,,0,0.0,1.7547,1.747,1.3820666666666668,0.007699999999999818,11.124169970425012,3.04,,67790.0,1.7324,,
OURINHOS,Ourinhos,1991,0.0,-100.0,0,0.0,-100.0,,0,0.0,1.7324,1.7547,1.50555,-0.022299999999999986,11.1212153220944,-0.3,,67590.0,1.7464,,
OURINHOS,Ourinhos,1992,0.0,-100.0,0,0.0,-100.0,,0,0.0,1.7464,1.7324,1.46965,0.014000000000000012,11.006091862473776,-10.87,,60240.0,1.7246,,
OURINHOS,Ourinhos,1993,0.0,-100.0,0,0.0,-100.0,,0,0.0,1.7246,1.7464,1.645825,-0.02180000000000004,12.715717572548002,452.69,,332940.0,1.9667,,
OURINHOS,Ourinhos,1994,0.0,-100.0,0,0.0,-100.0,,0,0.0,1.9667,1.7246,1.6056249999999999,0.24209999999999998,13.359551835639124,90.38,,633840.0,1.8161,,
OURINHOS,Ourinhos,1995,0.0,-100.0,0,0.0,-100.0,,0,0.0,1.8161,1.9667,1.848525,-0.15059999999999985,13.210081171489305,-13.88,,545840.0,1.6756,,
OURINHOS,Ourinhos,1996,0.0,-100.0,0,0.0,-100.0,,0,0.0,1.6756,1.8161,1.755025,-0.14050000000000007,13.692087899488039,61.93,,883890.0,2.6753,,
OURINHOS,Ourinhos,1997,0.0,-100.0,0,0.0,-100.0,,0,0.0,2.6753,1.6756,1.78585,0.9997,13.745399204066153,5.48,0.911,932290.0,2.5959,,
OURINHOS,Ourinhos,1998,0.0,-100.0,0,0.0,-100.0,,0,0.0,2.5959,2.6753,1.9871,-0.07940000000000014,13.982464637627107,26.75,1.269,1181700.0,2.7472,,
OURINHOS,Ourinhos,1999,0.0,-100.0,0,0.0,-100.0,,0,0.0,2.7472,2.5959,1.9961499999999996,0.1513,13.96695787270498,-1.54,1.483,1163517.0,2.3335,,
OURINHOS,Ourinhos,2000,0.0,-100.0,0,566.7,-13.0,,0,573.9,2.3335,2.7472,2.2408,-0.41369999999999996,13.9728706535313,0.59,0.832,1170417.0,2.7351,,
OURINHOS,Ourinhos,2001,434.1,28.4,18,690.9,6.0,-0.8,3,1164.5,2.7351,2.3335,2.142925,0.4016000000000002,13.770426368180775,-18.33,0.801,955917.0,2.2487,,
OURINHOS,Ourinhos,2002,339.5,0.5,14,776.7,19.2,2.4,0,1136.4,2.2487,2.7351,2.4934250000000002,-0.48640000000000017,13.751416737932507,-1.88,1.78,937917.0,2.2394,,
OURINHOS,Ourinhos,2003,334.3,-1.1,28,738.5,13.4,6.1,0,1175.3,2.2394,2.2487,2.213425,-0.009300000000000086,14.163558395202488,51.0,1.475,1416300.0,1.9159,,
OURINHOS,Ourinhos,2004,363.6,7.6,16,619.3,-4.9,5.0,0,1094.2,1.9159,2.2394,2.59925,-0.3234999999999999,14.144077342969494,-1.93,1.101,1388976.0,1.5099,,
OURINHOS,Ourinhos,2005,374.7,10.9,21,528.2,-18.9,5.5,0,957.1,1.5099,1.9159,2.2735,-0.4059999999999999,14.16474106068415,2.09,0.858,1417976.0,2.2497,,
OURINHOS,Ourinhos,2006,395.8,17.1,8,611.3,-6.2,5.4,0,1068.4,2.2497,1.5099,2.3079,0.7397999999999998,14.177355315358719,1.27,0.98,1435976.0,2.7726,,
OURINHOS,Ourinhos,2007,280.6,-17.0,20,889.4,36.5,6.1,0,1237.8,2.7726,2.2497,2.1869499999999995,0.5229000000000004,14.663940348904875,62.68,1.156,2335976.0,2.4895,,
OURINHOS,Ourinhos,2008,255.2,-24.5,21,698.0,7.1,3.8,0,1121.2,2.4895,2.7726,2.3142500000000004,-0.28310000000000013,14.814661931097381,16.27,1.094,2715976.0,2.4725,,
OURINHOS,Ourinhos,2009,299.8,-11.3,12,664.1,1.9,5.3,0,989.4,2.4725,2.4895,2.22595,-0.016999999999999904,14.814477818266626,-0.02,0.953,2715476.0,2.4744,,
OURINHOS,Ourinhos,2010,501.7,48.4,5,696.6,6.9,3.5,0,1269.5,2.4744,2.4725,2.2486,0.0019000000000000128,15.237158549316634,52.6,0.781,4143944.0,1.6085,,
OURINHOS,Ourinhos,2011,222.5,-34.2,17,673.7,3.4,5.9,0,969.6,1.6085,2.4744,2.282375,-0.8659000000000001,15.3508174210553,12.04,1.405,4642750.0,1.6642,,
OURINHOS,Ourinhos,2012,317.2,-6.1,16,452.5,-30.5,1.8,1,856.9,1.6642,1.6085,2.090875,0.05569999999999986,15.341465334566513,-0.93,1.068,4599533.0,1.6223,,
OURINHOS,Ourinhos,2013,225.2,-33.4,37,717.5,10.1,4.9,0,1056.9,1.6223,1.6642,2.21945,-0.041899999999999826,15.538193759370857,21.74,0.73,5599533.0,1.6801,,
OURINHOS,Ourinhos,2014,288.2,-14.7,7,438.8,-32.6,5.2,0,809.5,1.6801,1.6223,2.1189750000000003,0.05779999999999985,15.593328460275982,5.67,0.793,5916931.0,1.9031,,
OURINHOS,Ourinhos,2015,279.5,-17.3,32,655.6,0.6,6.5,0,988.4,1.9031,1.6801,2.07705,0.2230000000000001,15.593919808264156,0.06,1.129,5920431.0,2.0434,,
OURINHOS,Ourinhos,2016,583.8,72.7,21,874.8,34.3,8.7,0,1495.8,2.0434,1.9031,1.9016000000000002,0.1403000000000001,15.594426399790494,0.05,1.221,5923431.0,1.4183,,
OURINHOS,Ourinhos,2017,220.0,-34.9,5,635.9,-2.4,1.9,1,982.8,1.4183,2.0434,1.965525,-0.6251000000000002,15.845012231067777,28.48,1.537,7610293.0,2.159,-0.040059999999999985,
OURINHOS,Ourinhos,2018,373.2,10.4,16,695.7,6.8,5.3,0,1090.4,2.159,1.4183,1.63805,0.7406999999999999,15.85713249448045,1.22,1.006,7703093.0,2.2086,-0.017160000000000064,-0.026488888888888895
OURINHOS,Ourinhos,2019,403.9,19.5,7,510.9,-21.6,5.7,0,990.5,2.2086,2.159,1.886675,0.04960000000000031,15.856093410952065,-0.1,1.053,7695093.0,2.2347,0.03183999999999998,0.09091111111111116
OURINHOS,Ourinhos,2020,266.6,-21.1,50,460.8,-29.3,2.6,0,751.7,2.2347,2.2086,1.788075,0.026100000000000012,15.855963449562111,-0.01,1.037,7694093.0,2.2349,-0.022460000000000035,0.0019111111111110857
OURINHOS,Ourinhos,2021,186.4,-44.9,46,473.0,-27.4,5.7,0,680.1,2.2349,2.2347,2.0293,0.00019999999999997797,15.873792301808484,1.8,1.11,7832500.0,2.3191,-0.0031600000000000517,-0.04828888888888888
OURINHOS,Ourinhos,2022,299.5,-11.4,36,597.0,-8.4,1.8,1,937.5,2.3191,2.2349,1.9412250000000002,0.08420000000000005,15.897710790953711,2.42,1.193,8022100.0,2.3116,-0.02076,-0.11118888888888889
OURINHOS,Ourinhos,2023,351.6,4.0,5,636.9,-2.2,4.7,0,1045.2,2.3116,2.3191,2.18905,-0.007500000000000284,15.73049010715092,-15.4,1.168,6786800.0,2.3947,-0.012460000000000027,0.10581111111111108
OURINHOS,Ourinhos,2024,338.2,0.1,49,317.9,-51.2,7.0,0,710.1,2.3947,2.3116,2.04335,0.08309999999999995,15.870211048380606,15.0,1.363,7804500.0,2.3756,0.022139999999999938,0.027211111111111186
OURINHOS,Ourinhos,2025,256.3,-24.2,46,357.7,-45.1,4.8,0,664.4,2.3756,2.3947,2.276875,-0.019099999999999895,15.870211048380606,0.0,1.518,7804500.0,2.5697,0.033239999999999936,0.015411111111111153
OURINHOS,Ourinhos,2026,226.7,-32.9,28,432.4,-33.6,1.6,1,716.0,2.5697,2.3756,2.2826750000000002,0.19410000000000016,15.870211048380606,0.0,0.758,7804500.0,,0.028839999999999977,-0.05528888888888889
PIRACICABA,Piracicaba,1985,0.0,-100.0,0,0.0,-100.0,,0,0.0,1.9562,2.3185,2.3185,-0.36229999999999984,13.646310536060291,-8.72,,844340.0,1.9159,,
PIRACICABA,Piracicaba,1986,0.0,-100.0,0,0.0,-100.0,,0,0.0,1.9159,1.9562,1.9562,-0.0403,13.650930682646477,0.46,,848250.0,1.7177,,
PIRACICABA,Piracicaba,1987,0.0,-100.0,0,0.0,-100.0,,0,0.0,1.7177,1.9159,2.1172,-0.19819999999999993,13.650930682646477,0.0,,848250.0,1.6284,,
PIRACICABA,Piracicaba,1988,0.0,-100.0,0,0.0,-100.0,,0,0.0,1.6284,1.7177,1.8369499999999999,-0.08929999999999993,13.648156428292106,-0.28,,845900.0,1.8274,,
PIRACICABA,Piracicaba,1989,0.0,-100.0,0,0.0,-100.0,,0,0.0,1.8274,1.6284,1.9542666666666666,0.19899999999999984,13.641276211352938,-0.69,,840100.0,1.8198,,
PIRACICABA,Piracicaba,1990,0.0,-100.0,0,0.0,-100.0,,0,0.0,1.8198,1.8274,1.8337666666666665,-0.007599999999999829,13.677856392665479,3.73,,871400.0,1.6747,,
PIRACICABA,Piracicaba,1991,0.0,-100.0,0,0.0,-100.0,,0,0.0,1.6747,1.8198,1.9206499999999997,-0.1451,13.76305869796185,8.89,,948900.0,1.8024,,
PIRACICABA,Piracicaba,1992,0.0,-100.0,0,0.0,-100.0,,0,0.0,1.8024,1.6747,1.794,0.12769999999999992,13.656983649736036,-10.06,,853400.0,1.8635,,
PIRACICABA,Piracicaba,1993,0.0,-100.0,0,0.0,-100.0,,0,0.0,1.8635,1.8024,1.791625,0.06109999999999993,13.720540320373047,6.56,,909400.0,1.7949,,
PIRACICABA,Piracicaba,1994,0.0,-100.0,0,0.0,-100.0,,0,0.0,1.7949,1.8635,1.7708249999999999,-0.0686,13.722078613171721,0.15,,910800.0,1.8677,,
PIRACICABA,Piracicaba,1995,0.0,-100.0,0,0.0,-100.0,,0,0.0,1.8677,1.7949,1.761375,0.07279999999999998,13.731639698927127,0.96,,919550.0,1.8649,,
PIRACICABA,Piracicaba,1996,0.0,-100.0,0,0.0,-100.0,,0,0.0,1.8649,1.8677,1.808325,-0.0027999999999999137,13.505855504702085,-20.21,,733700.0,1.9543,,
PIRACICABA,Piracicaba,1997,0.0,-100.0,0,0.0,-100.0,,0,0.0,1.9543,1.8649,1.8204999999999998,0.08939999999999992,13.911965536781537,50.1,0.911,1101260.0,1.7711,,
PIRACICABA,Piracicaba,1998,0.0,-100.0,0,0.0,-100.0,,0,0.0,1.7711,1.9543,1.8400500000000002,-0.18320000000000003,13.903814432652107,-0.81,1.269,1092320.0,1.7684,,
PIRACICABA,Piracicaba,1999,0.0,-100.0,0,0.0,-100.0,,0,0.0,1.7684,1.7711,1.808325,-0.0026999999999999247,13.842464027524532,-5.95,1.483,1027320.0,1.7888,,
PIRACICABA,Piracicaba,2000,0.0,-100.0,0,566.9,-18.5,,0,572.6,1.7888,1.7684,1.863475,0.020399999999999974,13.9160072644559,7.63,0.832,1105720.0,1.7721,,
PIRACICABA,Piracicaba,2001,344.9,10.5,23,734.2,5.5,2.0,1,1109.9,1.7721,1.7888,1.804925,-0.016699999999999937,13.847706656180591,-6.6,0.801,1032720.0,1.802,,
PIRACICABA,Piracicaba,2002,340.8,9.2,17,774.6,11.3,4.5,0,1136.8,1.802,1.7721,1.840625,0.029900000000000038,14.13084670719787,32.73,1.78,1370720.0,1.7275,,
PIRACICABA,Piracicaba,2003,276.8,-11.3,33,720.6,3.5,7.7,0,1056.2,1.7275,1.802,1.8066999999999998,-0.07450000000000001,14.101140526289925,-2.93,1.475,1330600.0,1.7165,,
PIRACICABA,Piracicaba,2004,301.3,-3.5,24,651.0,-6.5,5.8,0,1048.3,1.7165,1.7275,1.805575,-0.01100000000000012,14.11642963344805,1.54,1.101,1351100.0,1.7132,,
PIRACICABA,Piracicaba,2005,306.8,-1.7,24,620.2,-10.9,6.3,0,986.0,1.7132,1.7165,1.7695999999999998,-0.0032999999999998586,14.063775898052263,-5.13,0.858,1281800.0,1.9783,,
PIRACICABA,Piracicaba,2006,419.8,34.5,9,811.7,16.6,7.8,0,1290.3,1.9783,1.7132,1.7452999999999999,0.2650999999999999,14.063229641844526,-0.05,0.98,1281100.0,1.9785,,
PIRACICABA,Piracicaba,2007,344.8,10.5,12,829.1,19.1,5.7,0,1233.8,1.9785,1.9783,1.8214000000000001,0.00019999999999997797,14.13781142481167,7.74,1.156,1380300.0,2.0163,,
PIRACICABA,Piracicaba,2008,215.2,-31.1,26,763.5,9.7,5.1,0,1093.2,2.0163,1.9785,1.797825,0.03780000000000028,14.232187906653133,9.9,1.094,1516913.0,1.9753,,
PIRACICABA,Piracicaba,2009,311.9,-0.1,12,748.3,7.5,6.6,0,1131.8,1.9753,2.0163,1.878275,-0.04100000000000015,14.24462708640372,1.25,0.953,1535900.0,1.7387,,
PIRACICABA,Piracicaba,2010,435.9,39.7,5,919.6,32.1,5.5,0,1443.1,1.7387,1.9753,1.848625,-0.23660000000000014,14.173547873453302,-6.86,0.781,1430519.0,1.6851,,
PIRACICABA,Piracicaba,2011,219.5,-29.7,15,809.6,16.3,5.7,0,1109.6,1.6851,1.7387,1.86245,-0.05359999999999987,14.433545108024111,29.69,1.405,1855278.0,1.6204,,
PIRACICABA,Piracicaba,2012,303.7,-2.7,17,516.4,-25.8,3.8,0,926.0,1.6204,1.6851,1.838025,-0.06469999999999998,14.385133252238722,-4.73,1.068,1767600.0,1.6853,,
PIRACICABA,Piracicaba,2013,239.6,-23.2,34,738.3,6.1,6.1,0,1093.0,1.6853,1.6204,1.838425,0.06489999999999996,14.550135517970528,17.94,0.73,2084700.0,1.9162,,
PIRACICABA,Piracicaba,2014,269.7,-13.6,12,350.8,-49.6,6.4,0,688.2,1.9162,1.6853,1.8310499999999998,0.23089999999999988,14.534203645491958,-1.58,0.793,2051750.0,1.7096,,
PIRACICABA,Piracicaba,2015,229.0,-26.6,33,609.9,-12.4,7.9,0,885.7,1.7096,1.9162,1.8229,-0.2065999999999999,14.334155530782397,-18.13,1.129,1679750.0,2.0561,,
PIRACICABA,Piracicaba,2016,456.0,46.1,22,796.8,14.5,9.1,0,1259.9,2.0561,1.7096,1.763825,0.3464999999999998,14.42241879040731,9.23,1.221,1834750.0,1.5883,,
PIRACICABA,Piracicaba,2017,245.9,-21.2,10,649.9,-6.6,2.7,0,1009.7,1.5883,2.0561,1.8328499999999999,-0.46779999999999977,14.403074975949155,-1.92,1.537,1799600.0,1.7379,-0.05686000000000002,
PIRACICABA,Piracicaba,2018,310.4,-0.6,28,539.8,-22.4,6.1,0,877.0,1.7379,1.5883,1.667075,0.14959999999999996,14.39940075258727,-0.37,1.006,1793000.0,1.7308,0.029240000000000044,-0.005300000000000027
PIRACICABA,Piracicaba,2019,406.6,30.3,14,610.3,-12.3,6.3,0,1143.2,1.7308,1.7379,1.83265,-0.007100000000000106,14.39940075258727,0.0,1.053,1793000.0,1.749,0.0048399999999999554,0.07719999999999999
PIRACICABA,Piracicaba,2020,264.0,-15.4,44,723.7,4.0,4.0,0,999.2,1.749,1.7308,1.6784999999999999,0.018200000000000216,14.379175280745983,-2.0,1.037,1757100.0,1.7297,0.07764000000000004,0.024199999999999944
PIRACICABA,Piracicaba,2021,130.7,-58.1,49,431.7,-38.0,6.2,0,590.6,1.7297,1.749,1.8648,-0.019300000000000095,14.407233908386255,2.85,1.11,1807100.0,1.6403,-0.017260000000000053,-0.039000000000000035
PIRACICABA,Piracicaba,2022,241.8,-22.5,39,655.3,-5.8,2.2,0,921.4,1.6403,1.7297,1.6896,-0.08939999999999992,14.407233908386255,0.0,1.193,1807100.0,1.6403,-0.06776000000000004,-0.038900000000000046
PIRACICABA,Piracicaba,2023,321.1,2.9,14,726.8,4.4,5.4,0,1143.8,1.6403,1.6403,1.795825,0.0,13.718007976603035,-49.8,1.168,907100.0,1.7795,-0.05076000000000003,-0.0023000000000000242
PIRACICABA,Piracicaba,2024,392.5,25.7,41,363.6,-47.8,6.7,0,780.2,1.7795,1.6403,1.672275,0.1392,13.592367006650065,-11.81,1.363,800000.0,1.75,0.001040000000000041,0.0822
PIRACICABA,Piracicaba,2025,272.9,-12.6,48,391.6,-43.7,4.3,0,699.0,1.75,1.7795,1.7266750000000002,-0.02950000000000008,13.718007976603035,13.39,1.518,907100.0,1.7795,0.006140000000000034,-0.05540000000000006
PIRACICABA,Piracicaba,2026,186.1,-40.4,30,512.2,-26.4,2.7,0,733.7,1.7795,1.75,1.7127,0.02950000000000008,13.718007976603035,0.0,0.758,907100.0,,0.07374000000000003,-0.042700000000000016
RIBEIRAO PRETO,Ribeirão Preto,1985,0.0,-100.0,0,0.0,-100.0,,0,0.0,1.5506,1.351,1.351,0.1996,14.944199314214853,39.16,,3091600.0,1.7237,,
RIBEIRAO PRETO,Ribeirão Preto,1986,0.0,-100.0,0,0.0,-100.0,,0,0.0,1.7237,1.5506,1.5506,0.17310000000000003,14.694680769734989,-22.08,,2408900.0,1.5893,,
RIBEIRAO PRETO,Ribeirão Preto,1987,0.0,-100.0,0,0.0,-100.0,,0,0.0,1.5893,1.7237,1.53735,-0.13440000000000007,14.690520856918013,-0.42,,2398900.0,1.6279,,
RIBEIRAO PRETO,Ribeirão Preto,1988,0.0,-100.0,0,0.0,-100.0,,0,0.0,1.6279,1.5893,1.56995,0.03859999999999997,14.693018880615945,0.25,,2404900.0,1.5869,,
RIBEIRAO PRETO,Ribeirão Preto,1989,0.0,-100.0,0,0.0,-100.0,,0,0.0,1.5869,1.6279,1.5675333333333334,-0.040999999999999925,14.713596585183582,2.08,,2454900.0,1.5797,,
RIBEIRAO PRETO,Ribeirão Preto,1990,0.0,-100.0,0,0.0,-100.0,,0,0.0,1.5797,1.5869,1.5756,-0.007199999999999873,14.850756971010565,14.7,,2815800.0,1.5941,,
RIBEIRAO PRETO,Ribeirão Preto,1991,0.0,-100.0,0,0.0,-100.0,,0,0.0,1.5941,1.5797,1.570575,0.014399999999999968,15.026200750037734,19.18,,3355800.0,1.5909,,
RIBEIRAO PRETO,Ribeirão Preto,1992,0.0,-100.0,0,0.0,-100.0,,0,0.0,1.5909,1.5941,1.580225,-0.0032000000000000917,14.947622095172788,-7.56,,3102200.0,1.5834,,
RIBEIRAO PRETO,Ribeirão Preto,1993,0.0,-100.0,0,0.0,-100.0,,0,0.0,1.5834,1.5909,1.6305500000000002,-0.007500000000000062,14.981158247968542,3.41,,3208000.0,1.6822,,
RIBEIRAO PRETO,Ribeirão Preto,1994,0.0,-100.0,0,0.0,-100.0,,0,0.0,1.6822,1.5834,1.588425,0.0988,15.006337330620195,2.55,,3289800.0,1.6424,,
RIBEIRAO PRETO,Ribeirão Preto,1995,0.0,-100.0,0,0.0,-100.0,,0,0.0,1.6424,1.6822,1.6201750000000001,-0.039799999999999836,15.035159841675217,2.92,,3386000.0,1.6709,,
RIBEIRAO PRETO,Ribeirão Preto,1996,0.0,-100.0,0,0.0,-100.0,,0,0.0,1.6709,1.6424,1.6017000000000001,0.02849999999999997,15.008826782101682,-2.6,,3298000.0,1.6634,,
RIBEIRAO PRETO,Ribeirão Preto,1997,0.0,-100.0,0,0.0,-100.0,,0,0.0,1.6634,1.6709,1.630925,-0.007500000000000062,15.046095107776186,3.8,0.911,3423230.0,1.7171,,
RIBEIRAO PRETO,Ribeirão Preto,1998,0.0,-100.0,0,0.0,-100.0,,0,0.0,1.7171,1.6634,1.620825,0.05370000000000008,14.9534236847807,-8.85,1.269,3120250.0,1.8022,,
RIBEIRAO PRETO,Ribeirão Preto,1999,0.0,-100.0,0,0.0,-100.0,,0,0.0,1.8022,1.7171,1.6652749999999998,0.08509999999999995,14.95149891074834,-0.19,1.483,3114250.0,1.9536,,
RIBEIRAO PRETO,Ribeirão Preto,2000,0.0,-100.0,0,726.6,-4.7,,0,733.7,1.9536,1.8022,1.6728500000000002,0.15139999999999998,14.871041356929933,-7.73,0.832,2873500.0,1.8107,,
RIBEIRAO PRETO,Ribeirão Preto,2001,403.4,24.3,25,704.7,-7.5,2.3,0,1147.7,1.8107,1.9536,1.75595,-0.14290000000000003,14.734603360369439,-12.75,0.801,2507015.0,1.631,,
RIBEIRAO PRETO,Ribeirão Preto,2002,446.2,37.4,15,1001.0,31.3,4.8,0,1457.3,1.631,1.8107,1.729675,-0.17969999999999997,14.81116684521917,7.96,1.78,2706500.0,1.8402,,
RIBEIRAO PRETO,Ribeirão Preto,2003,302.2,-6.9,40,1011.2,32.7,6.5,0,1395.3,1.8402,1.631,1.74315,0.20920000000000005,14.855257093765347,4.51,1.475,2828500.0,1.6766,,
RIBEIRAO PRETO,Ribeirão Preto,2004,289.7,-10.8,32,950.4,24.7,6.0,0,1359.6,1.6766,1.8402,1.779125,-0.16359999999999997,14.87486213267908,1.98,1.101,2884500.0,1.9133,,
RIBEIRAO PRETO,Ribeirão Preto,2005,321.2,-1.1,36,752.1,-1.3,5.6,0,1158.2,1.9133,1.6766,1.744575,0.2366999999999999,14.856013392461618,-1.87,0.858,2830640.0,1.529,,
RIBEIRAO PRETO,Ribeirão Preto,2006,348.4,7.3,21,863.4,13.3,8.3,0,1249.5,1.529,1.9133,1.8416,-0.3843000000000001,14.86790437283077,1.2,0.98,2864500.0,1.5889,,
RIBEIRAO PRETO,Ribeirão Preto,2007,345.2,6.3,16,990.9,30.0,7.2,0,1379.9,1.5889,1.529,1.69755,0.059900000000000064,14.998617169608826,13.96,1.156,3264500.0,1.7147,,
RIBEIRAO PRETO,Ribeirão Preto,2008,203.8,-37.2,47,767.6,0.7,5.1,0,1103.5,1.7147,1.5889,1.788275,0.1257999999999999,15.062864064524126,6.64,1.094,3481118.0,1.7907,,
RIBEIRAO PRETO,Ribeirão Preto,2009,198.0,-39.0,30,896.4,17.6,7.8,0,1142.8,1.7907,1.7147,1.6378249999999999,0.07600000000000007,14.87837994554051,-16.85,0.953,2894665.0,1.965,,
RIBEIRAO PRETO,Ribeirão Preto,2010,476.2,46.7,8,740.0,-2.9,4.3,0,1260.0,1.965,1.7907,1.783275,0.17430000000000012,14.592431170690523,-24.87,0.781,2174765.0,1.5458,,
RIBEIRAO PRETO,Ribeirão Preto,2011,234.6,-27.7,38,916.9,20.3,6.6,0,1226.2,1.5458,1.965,1.7213250000000002,-0.4192,14.639446498568011,4.81,1.405,2279454.0,1.6563,,
RIBEIRAO PRETO,Ribeirão Preto,2012,346.7,6.8,26,583.9,-23.4,3.8,0,1032.0,1.6563,1.5458,1.7096749999999998,0.11050000000000004,14.164341820504847,-37.82,1.068,1417410.0,1.6867,,
RIBEIRAO PRETO,Ribeirão Preto,2013,307.8,-5.2,44,758.0,-0.5,5.5,0,1126.4,1.6867,1.6563,1.71625,0.030399999999999983,14.349843702132304,20.38,0.73,1706310.0,1.6597,,
RIBEIRAO PRETO,Ribeirão Preto,2014,316.2,-2.6,25,311.5,-59.1,6.0,0,677.9,1.6597,1.6867,1.653025,-0.027000000000000135,14.294372337692858,-5.4,0.793,1614236.0,1.9201,,
RIBEIRAO PRETO,Ribeirão Preto,2015,255.9,-21.2,38,636.8,-16.4,7.8,0,942.1,1.9201,1.6597,1.7489249999999998,0.26039999999999996,14.332322627155703,3.87,1.129,1676674.0,1.7427,,
RIBEIRAO PRETO,Ribeirão Preto,2016,414.8,27.8,41,842.5,10.6,10.3,0,1265.3,1.7427,1.9201,1.735825,-0.1774,14.369781803528577,3.82,1.221,1740672.0,1.7739,,
RIBEIRAO PRETO,Ribeirão Preto,2017,264.5,-18.5,28,563.7,-26.0,2.8,0,905.3,1.7739,1.7427,1.755925,0.031200000000000117,13.933357591572745,-35.37,1.537,1125072.0,2.2731,-0.020070000000000032,
RIBEIRAO PRETO,Ribeirão Preto,2018,256.7,-21.0,46,685.1,-10.1,6.9,0,967.7,2.2731,1.7739,1.731625,0.49919999999999987,13.921735499898029,-1.16,1.006,1112072.0,1.9155,-0.02817000000000003,-0.036133333333333295
RIBEIRAO PRETO,Ribeirão Preto,2019,453.8,39.8,17,548.8,-28.0,6.7,0,1155.1,1.9155,2.2731,1.8329499999999999,-0.3575999999999999,13.974073773933377,5.37,1.053,1171826.0,1.8995,-0.003669999999999951,0.013066666666666671
RIBEIRAO PRETO,Ribeirão Preto,2020,308.1,-5.1,52,717.4,-5.9,3.5,0,1041.6,1.8995,1.9155,1.82405,-0.016000000000000014,13.502305528281408,-37.61,1.037,731100.0,1.9181,0.016430000000000056,0.03176666666666672
RIBEIRAO PRETO,Ribeirão Preto,2021,125.6,-61.3,61,477.8,-37.3,6.2,0,620.8,1.9181,1.8995,1.89375,0.01859999999999995,13.390556773272248,-10.57,1.11,653800.0,1.9293,0.01473000000000002,-0.0557333333333333
RIBEIRAO PRETO,Ribeirão Preto,2022,358.1,10.3,33,679.1,-10.9,2.5,0,1082.4,1.9293,1.9181,1.8819,0.011200000000000099,13.639727578009902,28.3,1.193,838800.0,1.9753,-0.018869999999999942,-0.07833333333333331
RIBEIRAO PRETO,Ribeirão Preto,2023,338.3,4.2,24,823.4,8.0,4.2,0,1239.2,1.9753,1.9293,1.9611500000000002,0.04600000000000004,13.277313737402151,-30.4,1.168,583800.0,1.9774,0.017730000000000024,0.025966666666666693
RIBEIRAO PRETO,Ribeirão Preto,2024,308.0,-5.1,61,461.6,-39.4,5.3,0,787.8,1.9774,1.9753,1.8957,0.0020999999999999908,13.699857252821015,52.58,1.363,890784.0,1.5151,-0.04316999999999993,0.0803666666666667
RIBEIRAO PRETO,Ribeirão Preto,2025,444.4,36.9,46,374.3,-50.9,6.1,0,875.2,1.5151,1.9774,2.019825,-0.46230000000000016,13.384946079551034,-27.01,1.518,650142.0,2.6202,0.021930000000000005,-0.023833333333333317
RIBEIRAO PRETO,Ribeirão Preto,2026,215.9,-33.5,44,671.2,-11.9,3.5,0,913.0,2.6202,1.5151,1.831,1.1051000000000002,13.384946079551034,0.0,0.758,650142.0,,0.04313,0.04286666666666672
SOROCABA,Sorocaba,1985,0.0,-100.0,0,0.0,-100.0,,0,0.0,2.8226,2.7965,2.7965,0.026100000000000012,14.133818823957816,10.34,,1374800.0,2.8269,,
SOROCABA,Sorocaba,1986,0.0,-100.0,0,0.0,-100.0,,0,0.0,2.8269,2.8226,2.8226,0.0043000000000001926,14.102792550394716,-3.05,,1332800.0,2.281,,
SOROCABA,Sorocaba,1987,0.0,-100.0,0,0.0,-100.0,,0,0.0,2.281,2.8269,2.8117,-0.5459,14.171785421881667,7.14,,1428000.0,2.4405,,
SOROCABA,Sorocaba,1988,0.0,-100.0,0,0.0,-100.0,,0,0.0,2.4405,2.281,2.5518,0.15949999999999998,14.020897387689224,-14.01,,1228000.0,2.5155,,
SOROCABA,Sorocaba,1989,0.0,-100.0,0,0.0,-100.0,,0,0.0,2.5155,2.4405,2.6879666666666666,0.07499999999999973,14.129006565309036,11.42,,1368200.0,2.7426,,
SOROCABA,Sorocaba,1990,0.0,-100.0,0,0.0,-100.0,,0,0.0,2.7426,2.5155,2.5397,0.22710000000000008,14.106312757752299,-2.24,,1337500.0,2.674,,
SOROCABA,Sorocaba,1991,0.0,-100.0,0,0.0,-100.0,,0,0.0,2.674,2.7426,2.701625,-0.0686,14.325816046483377,24.55,,1665800.0,2.835,,
SOROCABA,Sorocaba,1992,0.0,-100.0,0,0.0,-100.0,,0,0.0,2.835,2.674,2.5732749999999998,0.16100000000000003,14.107433624673309,-19.62,,1339000.0,2.9044,,
SOROCABA,Sorocaba,1993,0.0,-100.0,0,0.0,-100.0,,0,0.0,2.9044,2.835,2.71125,0.0693999999999999,14.221508857234097,12.08,,1500800.0,2.6825,,
SOROCABA,Sorocaba,1994,0.0,-100.0,0,0.0,-100.0,,0,0.0,2.6825,2.9044,2.593725,-0.22189999999999976,14.1398379146128,-7.84,,1383100.0,2.9273,,
SOROCABA,Sorocaba,1995,0.0,-100.0,0,0.0,-100.0,,0,0.0,2.9273,2.6825,2.67515,0.24479999999999968,14.235272970773263,10.01,,1521600.0,2.7213,,
SOROCABA,Sorocaba,1996,0.0,-100.0,0,0.0,-100.0,,0,0.0,2.7213,2.9273,2.7552999999999996,-0.20599999999999996,13.993238245748001,-21.5,,1194500.0,2.684,,
SOROCABA,Sorocaba,1997,0.0,-100.0,0,0.0,-100.0,,0,0.0,2.684,2.7213,2.74535,-0.03729999999999967,13.832072646263253,-14.88,0.911,1016700.0,2.5883,,
SOROCABA,Sorocaba,1998,0.0,-100.0,0,0.0,-100.0,,0,0.0,2.5883,2.684,2.7974249999999996,-0.09570000000000034,14.10230473635476,31.03,1.269,1332150.0,2.7309,,
SOROCABA,Sorocaba,1999,0.0,-100.0,0,0.0,-100.0,,0,0.0,2.7309,2.5883,2.706775,0.14260000000000028,13.888296227689922,-19.27,1.483,1075500.0,2.6224,,
SOROCABA,Sorocaba,2000,0.0,-100.0,0,526.2,-24.2,,0,536.7,2.6224,2.7309,2.81165,-0.10850000000000026,13.969261157770193,8.43,0.832,1166200.0,2.1321,,
SOROCABA,Sorocaba,2001,308.1,-2.4,13,700.7,0.9,0.5,2,1047.4,2.1321,2.6224,2.653625,-0.49029999999999996,14.282008047880723,36.72,0.801,1594400.0,2.4346,,
SOROCABA,Sorocaba,2002,336.6,6.6,5,716.9,3.2,2.2,0,1094.5,2.4346,2.1321,2.618575,0.3025000000000002,14.283136362424045,0.11,1.78,1596200.0,2.9391,,
SOROCABA,Sorocaba,2003,285.3,-9.6,24,677.2,-2.5,6.5,0,1032.3,2.9391,2.4346,2.59165,0.5044999999999997,14.255248260014534,-2.75,1.475,1552300.0,2.1962,,
SOROCABA,Sorocaba,2004,278.5,-11.8,9,662.4,-4.6,4.4,0,1040.0,2.1962,2.9391,2.621525,-0.7428999999999997,14.241366355720173,-1.38,1.101,1530900.0,2.2286,,
SOROCABA,Sorocaba,2005,307.2,-2.7,11,601.1,-13.4,5.2,0,973.5,2.2286,2.1962,2.460375,0.032399999999999984,14.162781421827713,-7.56,0.858,1415200.0,2.2035,,
SOROCABA,Sorocaba,2006,455.3,44.2,2,800.6,15.3,6.7,0,1343.1,2.2035,2.2286,2.507675,-0.025100000000000122,14.147257361578156,-1.54,0.98,1393400.0,2.6168,,
SOROCABA,Sorocaba,2007,375.9,19.1,3,746.8,7.5,4.3,0,1192.9,2.6168,2.2035,2.3641750000000004,0.4133,14.030944466208432,-10.98,1.156,1240400.0,2.3531,,
SOROCABA,Sorocaba,2008,253.1,-19.8,11,777.8,12.0,4.3,0,1157.4,2.3531,2.6168,2.4791499999999997,-0.26370000000000005,14.214890522416491,20.2,1.094,1490900.0,2.3742,,
SOROCABA,Sorocaba,2009,334.7,6.0,2,783.7,12.9,4.2,0,1214.5,2.3742,2.3531,2.29685,0.02110000000000012,14.190241506702577,-2.43,0.953,1454600.0,2.4585,,
SOROCABA,Sorocaba,2010,464.8,47.2,0,972.9,40.1,4.6,0,1548.7,2.4585,2.3742,2.539675,0.08429999999999982,13.855767272744037,-28.43,0.781,1041078.0,2.723,,
SOROCABA,Sorocaba,2011,254.3,-19.5,1,865.4,24.6,4.7,0,1208.2,2.723,2.4585,2.3028250000000003,0.26449999999999996,13.917786420969122,6.4,1.405,1107689.0,2.7784,,
SOROCABA,Sorocaba,2012,278.6,-11.7,4,504.2,-27.4,3.4,0,884.1,2.7784,2.723,2.48565,0.055400000000000116,13.927186091854864,0.94,1.068,1118150.0,2.7961,,
SOROCABA,Sorocaba,2013,231.1,-26.8,16,708.2,2.0,5.5,0,1041.4,2.7961,2.7784,2.448375,0.01770000000000005,13.920005699293721,-0.72,0.73,1110150.0,2.4197,,
SOROCABA,Sorocaba,2014,284.1,-10.0,4,352.8,-49.2,4.8,0,714.5,2.4197,2.7961,2.627525,-0.37639999999999985,13.901825859416194,-1.8,0.793,1090150.0,2.1137,,
SOROCABA,Sorocaba,2015,211.0,-33.2,20,587.5,-15.4,6.1,0,852.5,2.1137,2.4197,2.502425,-0.30600000000000005,13.929151694453322,2.77,1.129,1120350.0,2.1715,,
SOROCABA,Sorocaba,2016,488.3,54.7,14,766.0,10.3,7.9,0,1261.6,2.1715,2.1137,2.5017500000000004,0.05779999999999985,13.99749872585699,7.07,1.221,1199600.0,1.6443,,
SOROCABA,Sorocaba,2017,249.1,-21.1,6,683.7,-1.5,0.5,1,1057.4,1.6443,2.1715,2.457025,-0.5271999999999999,13.95718371628042,-3.95,1.537,1152200.0,2.4844,,
SOROCABA,Sorocaba,2018,286.7,-9.2,7,546.1,-21.4,5.9,0,864.0,2.4844,1.6443,2.319275,0.8400999999999998,13.958051244746384,0.09,1.006,1153200.0,2.369,,
SOROCABA,Sorocaba,2019,365.3,15.7,4,675.2,-2.8,5.6,0,1159.7,2.369,2.4844,2.4635,-0.11539999999999973,13.972334803484701,1.44,1.053,1169790.0,2.4618,,
SOROCABA,Sorocaba,2020,266.2,-15.7,26,759.5,9.4,2.7,0,1047.1,2.4618,2.369,2.2307750000000004,0.0928,13.999996437587605,2.8,1.037,1202600.0,2.4494,,
SOROCABA,Sorocaba,2021,159.9,-49.3,30,455.8,-34.4,5.5,0,662.2,2.4494,2.4618,2.38435,-0.01240000000000041,13.997998767537549,-0.2,1.11,1200200.0,2.4606,,
SOROCABA,Sorocaba,2022,234.7,-25.7,19,742.7,7.0,1.1,2,1011.8,2.4606,2.4494,2.1441000000000003,0.011200000000000099,14.18231799438156,20.24,1.193,1443120.0,2.8152,,
SOROCABA,Sorocaba,2023,387.6,22.8,3,820.0,18.1,4.2,0,1305.9,2.8152,2.4606,2.3945749999999997,0.3546,13.889388146438858,-25.39,1.168,1076675.0,2.4893,,
SOROCABA,Sorocaba,2024,404.2,28.0,24,412.6,-40.6,5.9,0,849.7,2.4893,2.8152,2.3194749999999997,-0.32589999999999986,13.685373398407767,-18.45,1.363,877975.0,2.0911,,
SOROCABA,Sorocaba,2025,254.2,-19.5,29,428.7,-38.3,2.7,0,738.4,2.0911,2.4893,2.474025,-0.3982000000000001,13.813683890622867,13.69,1.518,998175.0,2.4817,,
SOROCABA,Sorocaba,2026,207.7,-34.2,15,467.4,-32.7,2.1,0,710.6,2.4817,2.0911,2.431175,0.39060000000000006,13.813683890622867,0.0,0.758,998175.0,,,
SAO JOSE DO RIO PRETO,São José do Rio Preto,1985,0.0,-100.0,0,0.0,-100.0,,0,0.0,2.3783,2.5772,2.5772,-0.19890000000000008,15.668081298255377,11.41,,6376190.0,2.5527,,
SAO JOSE DO RIO PRETO,São José do Rio Preto,1986,0.0,-100.0,0,0.0,-100.0,,0,0.0,2.5527,2.3783,2.3783,0.17440000000000033,15.616426313502616,-5.03,,6055190.0,2.0646,,
SAO JOSE DO RIO PRETO,São José do Rio Preto,1987,0.0,-100.0,0,0.0,-100.0,,0,0.0,2.0646,2.5527,2.56495,-0.4881000000000002,15.810372762845763,21.4,,7351190.0,2.3251,,
SAO JOSE DO RIO PRETO,São José do Rio Preto,1988,0.0,-100.0,0,0.0,-100.0,,0,0.0,2.3251,2.0646,2.22145,0.26049999999999995,15.928722892771265,12.56,,8274780.0,2.3576,,
SAO JOSE DO RIO PRETO,São José do Rio Preto,1989,0.0,-100.0,0,0.0,-100.0,,0,0.0,2.3576,2.3251,2.485,0.032500000000000195,15.995443831988863,6.9,,8845716.0,2.3785,,
SAO JOSE DO RIO PRETO,São José do Rio Preto,1990,0.0,-100.0,0,0.0,-100.0,,0,0.0,2.3785,2.3576,2.266833333333333,0.020899999999999697,16.14178004815324,15.76,,10239671.0,2.2893,,
SAO JOSE DO RIO PRETO,São José do Rio Preto,1991,0.0,-100.0,0,0.0,-100.0,,0,0.0,2.2893,2.3785,2.4583749999999998,-0.08919999999999995,16.199569825901232,5.95,,10848852.0,2.2955,,
SAO JOSE DO RIO PRETO,São José do Rio Preto,1992,0.0,-100.0,0,0.0,-100.0,,0,0.0,2.2955,2.2893,2.27245,0.006200000000000205,16.30755831590364,11.4,,12086000.0,2.2302,,
SAO JOSE DO RIO PRETO,São José do Rio Preto,1993,0.0,-100.0,0,0.0,-100.0,,0,0.0,2.2302,2.2955,2.38795,-0.06530000000000014,16.392597494547672,8.88,,13158750.0,2.3016,,
SAO JOSE DO RIO PRETO,São José do Rio Preto,1994,0.0,-100.0,0,0.0,-100.0,,0,0.0,2.3016,2.2302,2.235425,0.07140000000000013,16.484022662218994,9.57,,14418500.0,2.2225,,
SAO JOSE DO RIO PRETO,São José do Rio Preto,1995,0.0,-100.0,0,0.0,-100.0,,0,0.0,2.2225,2.3016,2.3251749999999998,-0.07909999999999995,16.503305737455428,1.95,,14699231.0,1.9405,,
SAO JOSE DO RIO PRETO,São José do Rio Preto,1996,0.0,-100.0,0,0.0,-100.0,,0,0.0,1.9405,2.2225,2.2749,-0.28200000000000025,16.57654472013802,7.6,,15816191.0,1.9109,,
SAO JOSE DO RIO PRETO,São José do Rio Preto,1997,0.0,-100.0,0,0.0,-100.0,,0,0.0,1.9109,1.9405,2.229025,-0.02959999999999985,16.541669665244804,-3.43,0.911,15274108.0,2.0173,,
SAO JOSE DO RIO PRETO,São José do Rio Preto,1998,0.0,-100.0,0,0.0,-100.0,,0,0.0,2.0173,1.9109,2.1632249999999997,0.10640000000000005,16.56995688520921,2.87,1.269,15712339.0,1.9449,,
SAO JOSE DO RIO PRETO,São José do Rio Preto,1999,0.0,-100.0,0,0.0,-100.0,,0,0.0,1.9449,2.0173,2.138725,-0.07240000000000002,16.547252741111752,-2.24,1.483,15359623.0,2.1021,,
SAO JOSE DO RIO PRETO,São José do Rio Preto,2000,0.0,-100.0,0,779.1,8.7,,0,789.1,2.1021,1.9449,2.077125,0.1572,16.306131268037525,-21.43,0.832,12068765.0,1.8074,,
SAO JOSE DO RIO PRETO,São José do Rio Preto,2001,383.2,35.4,36,615.5,-14.1,2.7,0,1044.3,1.8074,2.1021,2.0903750000000003,-0.2947000000000002,16.16566487961304,-13.1,0.801,10487188.0,1.707,,
SAO JOSE DO RIO PRETO,São José do Rio Preto,2002,392.0,38.5,41,874.3,22.0,5.4,0,1270.5,1.707,1.8074,1.971425,-0.10039999999999982,16.276201356493157,11.69,1.78,11712900.0,1.7796,,
SAO JOSE DO RIO PRETO,São José do Rio Preto,2003,249.8,-11.7,52,884.7,23.5,7.4,0,1244.3,1.7796,1.707,1.941725,0.0726,16.249160140778677,-2.67,1.475,11400413.0,1.6694,,
SAO JOSE DO RIO PRETO,São José do Rio Preto,2004,212.5,-24.9,35,791.2,10.4,6.8,0,1113.1,1.6694,1.7796,1.8607,-0.11020000000000008,16.251964874011716,0.28,1.101,11432433.0,1.8119,,
SAO JOSE DO RIO PRETO,São José do Rio Preto,2005,244.9,-13.5,52,749.0,4.5,7.1,0,1039.3,1.8119,1.6694,1.8739500000000002,0.14250000000000007,16.17673524508673,-7.25,0.858,10603930.0,1.8813,,
SAO JOSE DO RIO PRETO,São José do Rio Preto,2006,288.9,2.1,48,814.4,13.6,9.0,0,1161.8,1.8813,1.8119,1.83595,0.0693999999999999,16.10479762281433,-6.94,0.98,9867900.0,2.0245,,
SAO JOSE DO RIO PRETO,São José do Rio Preto,2007,278.0,-1.8,28,997.4,39.2,8.1,0,1308.8,2.0245,1.8813,1.83995,0.14320000000000022,16.033555436312206,-6.88,1.156,9189347.0,2.0076,,
SAO JOSE DO RIO PRETO,São José do Rio Preto,2008,170.2,-39.9,64,783.2,9.3,5.3,0,1067.0,2.0076,2.0245,1.8558500000000002,-0.016900000000000137,16.049143242938424,1.57,1.094,9333711.0,1.9553,,
SAO JOSE DO RIO PRETO,São José do Rio Preto,2009,171.4,-39.5,48,887.8,23.9,8.4,0,1099.8,1.9553,2.0076,1.816325,-0.05230000000000001,16.058416450839918,0.93,0.953,9420667.0,1.7831,,
SAO JOSE DO RIO PRETO,São José do Rio Preto,2010,375.8,32.7,17,677.8,-5.4,5.0,0,1105.9,1.7831,1.9553,1.8928250000000002,-0.17220000000000013,15.925141285676307,-12.48,0.781,8245196.0,1.5967,,
SAO JOSE DO RIO PRETO,São José do Rio Preto,2011,248.9,-12.1,47,882.5,23.1,8.3,0,1214.8,1.5967,1.7831,1.83535,-0.1863999999999999,15.950078220608482,2.53,1.405,8453391.0,1.7394,,
SAO JOSE DO RIO PRETO,São José do Rio Preto,2012,253.5,-10.4,37,529.4,-26.1,3.8,0,873.0,1.7394,1.5967,1.8471000000000002,0.14270000000000005,15.883842364441392,-6.41,1.068,7911614.0,1.6785,,
SAO JOSE DO RIO PRETO,São José do Rio Preto,2013,266.0,-6.0,58,694.7,-3.1,6.6,0,1027.9,1.6785,1.7394,1.85285,-0.060899999999999954,15.721272443824738,-15.0,0.73,6724529.0,1.5327,,
SAO JOSE DO RIO PRETO,São José do Rio Preto,2014,295.6,4.4,39,469.4,-34.5,6.5,0,828.9,1.5327,1.6785,1.8137500000000002,-0.14580000000000015,15.664859773920798,-5.49,0.793,6355682.0,1.6584,,
SAO JOSE DO RIO PRETO,São José do Rio Preto,2015,269.5,-4.8,57,530.5,-26.0,8.2,0,836.0,1.6584,1.5327,1.7657,0.12570000000000014,15.722906909656736,5.98,1.129,6735529.0,1.6694,,
SAO JOSE DO RIO PRETO,São José do Rio Preto,2016,380.1,34.3,49,804.7,12.3,11.9,0,1208.8,1.6694,1.6584,1.7222250000000001,0.010999999999999899,15.650523144138203,-6.98,1.221,6265213.0,1.1065,,
SAO JOSE DO RIO PRETO,São José do Rio Preto,2017,224.2,-20.8,37,548.8,-23.4,3.3,0,897.4,1.1065,1.6694,1.68115,-0.5629,15.694984004522745,4.55,1.537,6550055.0,1.7802,0.11112,
SAO JOSE DO RIO PRETO,São José do Rio Preto,2018,349.2,23.4,54,629.2,-12.2,6.4,0,992.3,1.7802,1.1065,1.5100250000000002,0.6737,15.704268478034463,0.93,1.006,6611152.0,1.7699,0.13922,0.11637777777777775
SAO JOSE DO RIO PRETO,São José do Rio Preto,2019,408.0,44.1,25,465.0,-35.1,7.3,0,943.3,1.7699,1.7802,1.680425,-0.010299999999999976,15.7785557739359,7.71,1.053,7120979.0,1.7834,0.057719999999999994,0.007777777777777772
SAO JOSE DO RIO PRETO,São José do Rio Preto,2020,199.6,-29.5,70,702.6,-2.0,4.7,0,948.7,1.7834,1.7699,1.553325,0.013500000000000068,15.77319864542235,-0.53,1.037,7082933.0,1.7316,-0.0045800000000000285,-0.025622222222222213
SAO JOSE DO RIO PRETO,São José do Rio Preto,2021,165.9,-41.4,67,447.7,-37.5,7.9,0,648.5,1.7316,1.7834,1.6914250000000002,-0.05180000000000007,15.543662805594021,-20.51,1.11,5630241.0,1.5095,-0.07287999999999994,-0.04202222222222224
SAO JOSE DO RIO PRETO,São José do Rio Preto,2022,371.8,31.3,47,667.4,-6.9,4.4,0,1070.5,1.5095,1.7316,1.5666000000000002,-0.22209999999999996,15.629841041189682,9.0,1.193,6136966.0,1.5928,-0.11558000000000002,-0.12032222222222222
SAO JOSE DO RIO PRETO,São José do Rio Preto,2023,216.7,-23.4,52,733.1,2.3,6.3,0,1019.0,1.5928,1.5095,1.685625,0.08329999999999993,15.510302341149844,-11.27,1.168,5445512.0,1.6717,-0.08638000000000001,0.0397777777777778
SAO JOSE DO RIO PRETO,São José do Rio Preto,2024,249.4,-11.9,80,374.2,-47.8,6.3,0,642.4,1.6717,1.5928,1.5501999999999998,0.07889999999999997,15.493765513095017,-1.64,1.363,5356201.0,2.1967,-0.06847999999999999,0.12767777777777783
SAO JOSE DO RIO PRETO,São José do Rio Preto,2025,381.1,34.6,50,403.9,-43.6,8.2,0,840.3,2.1967,1.6717,1.6862,0.5249999999999999,15.571107473100158,8.04,1.518,5786901.0,2.4786,0.04752000000000001,-0.14322222222222222
SAO JOSE DO RIO PRETO,São José do Rio Preto,2026,158.2,-44.1,65,674.9,-5.8,3.9,0,871.3,2.4786,2.1967,1.8227499999999999,0.28190000000000026,15.571107473100158,0.0,0.758,5786901.0,,-0.00768000000000002,0.03957777777777777
SAO JOAO DA BOA VISTA,São João da Boa Vista,1985,0.0,-100.0,0,0.0,-100.0,,0,0.0,2.35,2.1142,2.1142,0.23580000000000023,15.218724226940397,13.68,,4068253.0,2.2557,,
SAO JOAO DA BOA VISTA,São João da Boa Vista,1986,0.0,-100.0,0,0.0,-100.0,,0,0.0,2.2557,2.35,2.35,-0.09430000000000005,15.16857925963152,-4.89,,3869281.0,1.8664,,
SAO JOAO DA BOA VISTA,São João da Boa Vista,1987,0.0,-100.0,0,0.0,-100.0,,0,0.0,1.8664,2.2557,2.1849499999999997,-0.3893,15.23328614413096,6.68,,4127928.0,2.914,,
SAO JOAO DA BOA VISTA,São João da Boa Vista,1988,0.0,-100.0,0,0.0,-100.0,,0,0.0,2.914,1.8664,2.1082,1.0476,15.277490610270128,4.52,,4314494.0,2.9186,,
SAO JOAO DA BOA VISTA,São João da Boa Vista,1989,0.0,-100.0,0,0.0,-100.0,,0,0.0,2.9186,2.914,2.427966666666667,0.0045999999999999375,15.280806469556982,0.33,,4328824.0,2.7144,,
SAO JOAO DA BOA VISTA,São João da Boa Vista,1990,0.0,-100.0,0,0.0,-100.0,,0,0.0,2.7144,2.9186,2.3783333333333334,-0.20420000000000016,15.299618100129328,1.9,,4411027.0,2.7114,,
SAO JOAO DA BOA VISTA,São João da Boa Vista,1991,0.0,-100.0,0,0.0,-100.0,,0,0.0,2.7114,2.7144,2.499575,-0.0030000000000001137,15.329163958116185,3.0,,4543299.0,2.6956,,
SAO JOAO DA BOA VISTA,São João da Boa Vista,1992,0.0,-100.0,0,0.0,-100.0,,0,0.0,2.6956,2.7114,2.4616,-0.015799999999999592,15.35323740797542,2.44,,4653999.0,2.6283,,
SAO JOAO DA BOA VISTA,São João da Boa Vista,1993,0.0,-100.0,0,0.0,-100.0,,0,0.0,2.6283,2.6956,2.6449249999999997,-0.06730000000000036,15.562307528157223,23.25,,5736200.0,2.1775,,
SAO JOAO DA BOA VISTA,São João da Boa Vista,1994,0.0,-100.0,0,0.0,-100.0,,0,0.0,2.1775,2.6283,2.531175,-0.45079999999999965,15.627350393693183,6.72,,6121700.0,2.4156,,
SAO JOAO DA BOA VISTA,São João da Boa Vista,1995,0.0,-100.0,0,0.0,-100.0,,0,0.0,2.4156,2.1775,2.625375,0.23809999999999976,15.721454001397388,9.87,,6725750.0,2.4185,,
SAO JOAO DA BOA VISTA,São João da Boa Vista,1996,0.0,-100.0,0,0.0,-100.0,,0,0.0,2.4185,2.4156,2.668475,0.0028999999999999027,15.967879437623505,27.94,,8605219.0,2.1639,,
SAO JOAO DA BOA VISTA,São João da Boa Vista,1997,0.0,-100.0,0,0.0,-100.0,,0,0.0,2.1639,2.4185,2.5015,-0.25459999999999994,16.089101246414426,12.89,0.911,9714219.0,2.6002,,
SAO JOAO DA BOA VISTA,São João da Boa Vista,1998,0.0,-100.0,0,0.0,-100.0,,0,0.0,2.6002,2.1639,2.4797999999999996,0.43630000000000013,16.281913396629083,21.27,1.269,11779996.0,2.2091,,
SAO JOAO DA BOA VISTA,São João da Boa Vista,1999,0.0,-100.0,0,0.0,-100.0,,0,0.0,2.2091,2.6002,2.47295,-0.3911000000000002,16.257939589971663,-2.37,1.483,11500943.0,2.2148,,
SAO JOAO DA BOA VISTA,São João da Boa Vista,2000,0.0,-100.0,0,763.5,-0.8,,0,773.4,2.2148,2.2091,2.3542249999999996,0.005700000000000038,16.40968438247065,16.39,0.832,13385524.0,2.1185,,
SAO JOAO DA BOA VISTA,São João da Boa Vista,2001,413.5,21.9,22,718.5,-6.6,2.2,0,1165.4,2.1185,2.2148,2.35275,-0.09629999999999983,16.400716587441057,-0.89,0.801,13266022.0,2.1351,,
SAO JOAO DA BOA VISTA,São João da Boa Vista,2002,448.8,32.3,6,917.6,19.2,5.8,0,1382.4,2.1351,2.1185,2.226775,0.016599999999999948,16.42231864004796,2.18,1.78,13555713.0,2.3335,,
SAO JOAO DA BOA VISTA,São João da Boa Vista,2003,323.4,-4.6,31,902.4,17.2,5.7,0,1303.5,2.3335,2.1351,2.34215,0.1983999999999999,16.415991361179117,-0.63,1.475,13470213.0,1.3051,,
SAO JOAO DA BOA VISTA,São João da Boa Vista,2004,302.5,-10.8,23,919.1,19.4,5.6,0,1356.7,1.3051,2.3335,2.20625,-1.0284,16.424829995730974,0.89,1.101,13589799.0,1.9722,,
SAO JOAO DA BOA VISTA,São João da Boa Vista,2005,344.6,1.6,14,776.8,0.9,6.0,0,1179.4,1.9722,1.3051,2.0637999999999996,0.6671,16.4473727790416,2.28,0.858,13899630.0,1.7755,,
SAO JOAO DA BOA VISTA,São João da Boa Vista,2006,395.6,16.6,11,865.1,12.4,7.0,0,1298.9,1.7755,1.9722,2.158325,-0.19669999999999987,16.47129829342978,2.42,0.98,14236196.0,1.9621,,
SAO JOAO DA BOA VISTA,São João da Boa Vista,2007,349.9,3.2,10,1005.5,30.6,6.4,0,1403.7,1.9621,1.7755,1.857625,0.18659999999999988,16.54586782932502,7.74,1.156,15338366.0,1.9488,,
SAO JOAO DA BOA VISTA,São João da Boa Vista,2008,227.7,-32.9,33,795.4,3.3,5.1,0,1178.2,1.9488,1.9621,2.0965749999999996,-0.013299999999999867,16.57187900237497,2.64,1.094,15742569.0,1.8814,,
SAO JOAO DA BOA VISTA,São João da Boa Vista,2009,249.3,-26.5,19,873.1,13.4,7.3,0,1192.1,1.8814,1.9488,1.791125,-0.06740000000000013,16.579160006185624,0.73,0.953,15857609.0,1.9331,,
SAO JOAO DA BOA VISTA,São João da Boa Vista,2010,466.4,37.5,0,830.2,7.9,4.4,0,1355.2,1.9331,1.8814,2.0373,0.05170000000000008,16.44377824531735,-12.66,0.781,13849757.0,1.8683,,
SAO JOAO DA BOA VISTA,São João da Boa Vista,2011,262.6,-22.6,23,893.2,16.0,5.5,0,1233.2,1.8683,1.9331,1.740625,-0.06479999999999997,16.558493960630596,12.16,1.405,15533258.0,2.0208,,
SAO JOAO DA BOA VISTA,São João da Boa Vista,2012,372.8,9.9,17,621.8,-19.2,3.9,0,1122.0,2.0208,1.8683,1.921,0.15249999999999986,16.491541710232,-6.48,1.068,14527322.0,2.103,,
SAO JOAO DA BOA VISTA,São João da Boa Vista,2013,280.1,-17.4,29,931.3,21.0,5.2,0,1302.6,2.103,2.0208,1.91955,0.08220000000000027,16.503039763005237,1.16,0.73,14695321.9,1.7926,,
SAO JOAO DA BOA VISTA,São João da Boa Vista,2014,347.0,2.3,6,350.3,-54.5,4.7,0,763.7,1.7926,2.103,1.9537,-0.31040000000000023,16.48387145614216,-1.9,0.793,14416320.0,1.7085,,
SAO JOAO DA BOA VISTA,São João da Boa Vista,2015,286.7,-15.5,28,664.8,-13.6,7.8,0,997.9,1.7085,1.7926,1.923825,-0.08410000000000006,16.474344394086387,-0.95,1.129,14279627.0,1.894,,
SAO JOAO DA BOA VISTA,São João da Boa Vista,2016,430.7,27.0,31,847.9,10.2,9.4,0,1285.4,1.894,1.7085,1.8903,0.1855,16.4362659964724,-3.74,1.221,13746104.0,1.812,,
SAO JOAO DA BOA VISTA,São João da Boa Vista,2017,268.7,-20.8,18,558.0,-27.5,2.6,0,920.2,1.812,1.894,1.9101249999999999,-0.08199999999999985,16.454382156046783,1.83,1.537,13997400.0,2.0785,0.031830000000000025,
SAO JOAO DA BOA VISTA,São João da Boa Vista,2018,297.0,-12.4,34,622.8,-19.1,6.6,0,944.4,2.0785,1.812,1.87295,0.26649999999999996,16.46909753347092,1.48,1.006,14204900.0,2.1552,0.06342999999999999,-0.018866666666666698
SAO JOAO DA BOA VISTA,São João da Boa Vista,2019,430.3,26.8,8,558.4,-27.4,6.1,0,1126.3,2.1552,2.0785,1.946475,0.07669999999999977,16.452111301211996,-1.68,1.053,13965650.0,2.15,0.047030000000000016,0.03903333333333331
SAO JOAO DA BOA VISTA,São João da Boa Vista,2020,286.1,-15.7,42,742.0,-3.6,3.0,0,1037.7,2.15,2.1552,1.9446750000000002,-0.005199999999999871,16.457040542333278,0.49,1.037,14034660.0,2.1401,0.03232999999999997,0.11983333333333335
SAO JOAO DA BOA VISTA,São João da Boa Vista,2021,135.2,-60.1,49,499.7,-35.1,5.6,0,648.9,2.1401,2.15,1.9787750000000002,-0.00990000000000002,16.453415581072182,-0.36,1.11,13983877.0,2.2863,0.06382999999999994,-0.05456666666666665
SAO JOAO DA BOA VISTA,São João da Boa Vista,2022,323.4,-4.6,32,692.4,-10.0,2.0,1,1052.5,2.2863,2.1401,1.9539499999999999,0.14620000000000033,16.4338913070689,-1.93,1.193,13713500.0,2.3047,-0.15347,-0.11776666666666669
SAO JOAO DA BOA VISTA,São João da Boa Vista,2023,337.2,-0.6,11,836.6,8.7,3.1,0,1255.5,2.3047,2.2863,2.1022,0.01839999999999975,16.107388533814632,-27.86,1.168,9893500.0,2.3986,-0.05986999999999998,0.007933333333333348
SAO JOAO DA BOA VISTA,São João da Boa Vista,2024,327.1,-3.5,44,466.3,-39.4,5.3,0,811.0,2.3986,2.3047,2.1029999999999998,0.0939000000000001,16.47444054043507,44.35,1.363,14281000.0,2.3267,-0.02127000000000001,0.031733333333333336
SAO JOAO DA BOA VISTA,São João da Boa Vista,2025,390.3,15.1,43,386.0,-49.9,5.2,0,827.5,2.3267,2.3986,2.2283500000000003,-0.07189999999999985,15.787366888964172,-49.7,1.518,7184000.0,2.5955,-0.010970000000000035,-0.03556666666666669
SAO JOAO DA BOA VISTA,São João da Boa Vista,2026,207.0,-39.0,26,628.0,-18.4,3.9,0,867.5,2.5955,2.3267,2.231675,0.2687999999999997,15.787366888964172,0.0,0.758,7184000.0,,0.00712999999999997,0.028233333333333333
VOTUPORANGA,Votuporanga,1985,0.0,-100.0,0,0.0,-100.0,,0,0.0,2.0562,2.3421,2.3421,-0.2858999999999998,13.176851562688398,8.65,,528000.0,1.7131,,
VOTUPORANGA,Votuporanga,1986,0.0,-100.0,0,0.0,-100.0,,0,0.0,1.7131,2.0562,2.0562,-0.34309999999999996,13.17020070681849,-0.66,,524500.0,1.5682,,
VOTUPORANGA,Votuporanga,1987,0.0,-100.0,0,0.0,-100.0,,0,0.0,1.5682,1.7131,2.0276,-0.14490000000000003,13.251635713108469,8.48,,569000.0,2.2707,,
VOTUPORANGA,Votuporanga,1988,0.0,-100.0,0,0.0,-100.0,,0,0.0,2.2707,1.5682,1.8122,0.7025000000000001,13.258640995696876,0.7,,573000.0,1.8063,,
VOTUPORANGA,Votuporanga,1989,0.0,-100.0,0,0.0,-100.0,,0,0.0,1.8063,2.2707,2.1086333333333336,-0.46440000000000015,13.282780098810234,2.44,,587000.0,2.109,,
VOTUPORANGA,Votuporanga,1990,0.0,-100.0,0,0.0,-100.0,,0,0.0,2.109,1.8063,1.8102333333333334,0.30269999999999997,13.306017379432062,2.35,,600800.0,2.2006,,
VOTUPORANGA,Votuporanga,1991,0.0,-100.0,0,0.0,-100.0,,0,0.0,2.2006,2.109,2.1087249999999997,0.09160000000000013,13.735926078621432,53.71,,923500.0,2.0111,,
VOTUPORANGA,Votuporanga,1992,0.0,-100.0,0,0.0,-100.0,,0,0.0,2.0111,2.2006,1.9078249999999999,-0.18950000000000022,13.98782386556116,28.65,,1188050.0,2.2037,,
VOTUPORANGA,Votuporanga,1993,0.0,-100.0,0,0.0,-100.0,,0,0.0,2.2037,2.0111,2.0259750000000003,0.1926000000000001,14.162993383534092,19.14,,1415500.0,2.3237,,
VOTUPORANGA,Votuporanga,1994,0.0,-100.0,0,0.0,-100.0,,0,0.0,2.3237,2.2037,1.9447,0.1200000000000001,14.281913964177518,12.63,,1594250.0,2.011,,
VOTUPORANGA,Votuporanga,1995,0.0,-100.0,0,0.0,-100.0,,0,0.0,2.011,2.3237,2.178625,-0.3127,14.342307951239963,6.23,,1693500.0,1.8595,,
VOTUPORANGA,Votuporanga,1996,0.0,-100.0,0,0.0,-100.0,,0,0.0,1.8595,2.011,2.0554,-0.1515000000000002,14.484191362840349,15.24,,1951661.0,2.1017,,
VOTUPORANGA,Votuporanga,1997,0.0,-100.0,0,0.0,-100.0,,0,0.0,2.1017,1.8595,2.075825,0.2422000000000002,14.731579265192781,28.07,0.911,2499445.0,2.1629,,
VOTUPORANGA,Votuporanga,1998,0.0,-100.0,0,0.0,-100.0,,0,0.0,2.1629,2.1017,2.12925,0.06119999999999992,14.731859288156494,0.03,1.269,2500145.0,1.9702,,
VOTUPORANGA,Votuporanga,1999,0.0,-100.0,0,0.0,-100.0,,0,0.0,1.9702,2.1629,2.0892999999999997,-0.1927000000000001,14.75018526426349,1.85,1.483,2546385.0,2.0337,,
VOTUPORANGA,Votuporanga,2000,0.0,-100.0,0,854.0,6.2,,0,882.9,2.0337,1.9702,2.07165,0.06350000000000011,14.75453491168808,0.44,0.832,2557485.0,2.0083,,
VOTUPORANGA,Votuporanga,2001,323.9,8.1,37,634.9,-21.1,4.2,0,998.8,2.0083,2.0337,2.09495,-0.025399999999999867,14.619277848235674,-12.65,0.801,2233941.0,2.0477,,
VOTUPORANGA,Votuporanga,2002,375.2,25.2,43,898.9,11.7,6.5,0,1284.8,2.0477,2.0083,2.0228,0.03939999999999966,14.62541402503183,0.62,1.78,2247691.0,2.3608,,
VOTUPORANGA,Votuporanga,2003,292.8,-2.3,53,1029.0,27.9,9.4,0,1460.6,2.3608,2.0477,2.0259500000000004,0.31309999999999993,14.659033158158989,3.42,1.475,2324541.0,2.0158,,
VOTUPORANGA,Votuporanga,2004,191.4,-36.2,39,725.4,-9.8,8.2,0,1005.8,2.0158,2.3608,2.1102499999999997,-0.34499999999999975,14.800345153869952,15.18,1.101,2677369.0,2.2007,,
VOTUPORANGA,Votuporanga,2005,246.9,-17.6,56,852.6,6.0,7.6,0,1114.9,2.2007,2.0158,2.065025,0.18489999999999984,14.800991101931306,0.06,0.858,2679099.0,2.2896,,
VOTUPORANGA,Votuporanga,2006,348.0,16.1,48,963.0,19.7,10.4,0,1380.7,2.2896,2.2007,2.135,0.0889000000000002,14.84625113212828,4.63,0.98,2803141.0,2.4639,,
VOTUPORANGA,Votuporanga,2007,304.1,1.5,29,1134.5,41.0,9.4,0,1476.5,2.4639,2.2896,2.0967000000000002,0.17430000000000012,14.843035282808463,-0.32,1.156,2794141.0,2.36,,
VOTUPORANGA,Votuporanga,2008,166.7,-44.4,62,860.2,6.9,7.3,0,1161.7,2.36,2.4639,2.258425,-0.10390000000000033,14.916183388922914,7.59,1.094,3006188.0,2.2981,,
VOTUPORANGA,Votuporanga,2009,211.7,-29.4,49,899.4,11.8,9.9,0,1162.0,2.2981,2.36,2.178275,-0.061900000000000066,14.87416436806378,-4.11,0.953,2882488.0,2.2543,,
VOTUPORANGA,Votuporanga,2010,439.2,46.5,19,963.5,19.8,6.3,0,1446.7,2.2543,2.2981,2.330875,-0.04379999999999962,14.777722962865717,-9.19,0.781,2617481.0,2.2937,,
VOTUPORANGA,Votuporanga,2011,293.7,-2.0,47,1151.2,43.1,9.9,0,1497.3,2.2937,2.2543,2.229925,0.03939999999999966,14.821604698810043,4.49,1.405,2734898.0,2.2589,,
VOTUPORANGA,Votuporanga,2012,216.4,-27.8,37,658.5,-18.1,6.2,0,971.5,2.2589,2.2937,2.3141,-0.03479999999999972,14.718208525370837,-9.82,1.068,2466248.0,2.0179,,
VOTUPORANGA,Votuporanga,2013,263.8,-12.0,60,654.3,-18.7,7.6,0,992.2,2.0179,2.2589,2.2907,-0.2410000000000001,14.466315317908446,-22.27,0.73,1917083.0,1.7116,,
VOTUPORANGA,Votuporanga,2014,206.3,-31.2,46,599.3,-25.5,8.0,0,848.3,1.7116,2.0179,2.2684,-0.3063,14.605687348352054,14.96,0.793,2203786.0,1.9225,,
VOTUPORANGA,Votuporanga,2015,350.3,16.9,50,741.1,-7.9,10.8,0,1131.7,1.9225,1.7116,2.1462,0.2109000000000001,14.576817196151632,-2.85,1.129,2141072.0,1.9656,,
VOTUPORANGA,Votuporanga,2016,421.1,40.5,52,673.8,-16.2,12.8,0,1142.8,1.9656,1.9225,2.13305,0.043099999999999916,14.666216888625584,9.35,1.221,2341300.0,1.2095,,
VOTUPORANGA,Votuporanga,2017,234.7,-21.7,46,803.8,-0.1,5.9,0,1143.7,1.2095,1.9656,2.0476,-0.7561,14.63672900173563,-2.91,1.537,2273268.0,1.8938,0.03572999999999993,
VOTUPORANGA,Votuporanga,2018,389.9,30.1,52,676.1,-15.9,8.0,0,1127.2,1.8938,1.2095,1.8609,0.6842999999999999,14.723093083229436,9.02,1.006,2478324.0,1.9995,0.03262999999999994,0.07933333333333331
VOTUPORANGA,Votuporanga,2019,460.4,53.6,23,528.7,-34.3,8.8,0,1075.6,1.9995,1.8938,1.957475,0.10570000000000013,15.073966718017163,42.03,1.053,3519983.0,1.5414,0.011730000000000018,0.06193333333333334
VOTUPORANGA,Votuporanga,2020,258.2,-13.8,63,639.5,-20.5,5.4,0,928.6,1.5414,1.9995,1.78735,-0.45809999999999995,14.699354128300355,-31.24,1.037,2420184.0,2.1211,0.06002999999999992,0.06063333333333332
VOTUPORANGA,Votuporanga,2021,171.2,-42.9,67,359.8,-55.3,10.1,0,558.3,2.1211,1.5414,1.7781,0.5797000000000001,14.611705632131883,-8.39,1.11,2217089.0,2.0941,0.02912999999999999,-0.03196666666666664
VOTUPORANGA,Votuporanga,2022,358.3,19.5,50,675.0,-16.1,5.6,0,1060.1,2.0941,2.1211,1.8131500000000003,-0.027000000000000135,14.400392452547496,-19.05,1.193,1794779.0,2.2057,-0.06917000000000006,-0.11106666666666665
VOTUPORANGA,Votuporanga,2023,198.2,-33.9,58,964.9,20.0,7.0,0,1267.6,2.2057,2.0941,1.873725,0.11160000000000014,14.306719629121117,-8.94,1.168,1634291.0,2.3664,-0.07887,-0.008966666666666678
VOTUPORANGA,Votuporanga,2024,249.0,-16.9,81,468.5,-41.8,8.2,0,770.9,2.3664,2.2057,1.8839500000000002,0.16069999999999984,14.233498921737729,-7.06,1.363,1518903.0,2.2688,0.010830000000000006,0.04043333333333332
VOTUPORANGA,Votuporanga,2025,291.1,-2.9,55,419.7,-47.8,9.9,0,758.2,2.2688,2.3664,1.973925,-0.09759999999999991,14.158732818968772,-7.2,1.518,1409482.0,2.35,-0.054669999999999996,-0.05886666666666668
VOTUPORANGA,Votuporanga,2026,125.8,-58.0,77,618.9,-23.1,6.8,0,780.0,2.35,2.2688,2.148775,0.08119999999999994,14.158732818968772,0.0,0.758,1409482.0,,0.022629999999999928,-0.03146666666666664
