edr_chave,edr,ano,chuva_critica_mm,anom_critica_pct,dias_tmax33_critica,chuva_secundaria_mm,anom_secundaria_pct,tmin_fria,dias_frio_fria,chuva_ciclo_mm,rendimento_a1,rendimento_a2,ancora_bienal,delta_bienal,log_capacidade,var_capacidade_pct,razao_preco,capacidade,alvo,anom_ndvi_florada,anom_ndvi_enchimento
ANDRADINA,Andradina,1992,0.0,-100.0,0,0.0,-100.0,,0,0.0,2084.3,,2084.3,,2.995732273553991,-94.78,,20.0,1800.0,,
ANDRADINA,Andradina,1993,0.0,-100.0,0,0.0,-100.0,,0,0.0,1800.0,2084.3,1942.15,-284.3000000000002,5.472270673671475,1090.0,,238.0,2273.9,,
ANDRADINA,Andradina,1994,0.0,-100.0,0,0.0,-100.0,,0,0.0,2273.9,1800.0,2052.7333333333336,473.9000000000001,7.057897937411856,388.24,,1162.0,2528.3,,
ANDRADINA,Andradina,1995,0.0,-100.0,0,0.0,-100.0,,0,0.0,2528.3,2273.9,2200.7333333333336,254.4000000000001,6.144185634125646,-59.9,,466.0,3213.7,,
ANDRADINA,Andradina,1996,0.0,-100.0,0,0.0,-100.0,,0,0.0,3213.7,2528.3,2671.9666666666667,685.3999999999996,6.824373670043086,97.42,,920.0,3078.3,,
ANDRADINA,Andradina,1997,0.0,-100.0,0,0.0,-100.0,,0,0.0,3078.3,3213.7,2940.1,-135.39999999999964,7.265429723253953,55.43,1.053,1430.0,2898.9,,
ANDRADINA,Andradina,1998,0.0,-100.0,0,0.0,-100.0,,0,0.0,2898.9,3078.3,3063.6333333333337,-179.4000000000001,7.80710329012598,71.89,1.026,2458.0,2759.4,,
ANDRADINA,Andradina,1999,0.0,-100.0,0,0.0,-100.0,,0,0.0,2759.4,2898.9,2912.2000000000003,-139.5,7.888334500738654,8.46,1.057,2666.0,2711.5,,
ANDRADINA,Andradina,2000,486.6,42.7,1,48.2,-68.1,2.3,0,644.1,2711.5,2759.4,2789.933333333333,-47.90000000000009,8.338305731356565,56.83,1.245,4181.0,2734.5,,
ANDRADINA,Andradina,2001,418.6,22.7,1,190.7,26.3,4.9,0,711.4,2734.5,2711.5,2735.133333333333,23.0,7.700747794511798,-47.14,1.106,2210.0,4077.8,,
ANDRADINA,Andradina,2002,277.0,-18.8,31,109.5,-27.4,8.1,0,575.4,4077.8,2734.5,3174.6,1343.3000000000002,7.3901814282264295,-26.7,0.936,1620.0,3444.4,,
ANDRADINA,Andradina,2003,425.7,24.8,3,137.8,-8.8,7.4,0,805.8,3444.4,4077.8,3418.9,-633.4000000000001,7.615791072035833,25.31,1.398,2030.0,3384.2,,
ANDRADINA,Andradina,2004,296.7,-13.0,12,234.1,55.0,5.0,0,618.9,3384.2,3444.4,3635.466666666667,-60.20000000000027,8.422882511944996,124.14,1.12,4550.0,2868.1,,
ANDRADINA,Andradina,2005,88.5,-74.1,53,147.1,-2.5,7.5,0,457.3,2868.1,3384.2,3232.233333333333,-516.0999999999999,8.027150106832774,-32.68,0.958,3063.0,3918.8,,
ANDRADINA,Andradina,2006,549.4,61.1,1,114.1,-24.4,7.8,0,803.7,3918.8,2868.1,3390.3666666666663,1050.7000000000003,7.138866999945524,-58.86,0.962,1260.0,3238.1,,
ANDRADINA,Andradina,2007,232.5,-31.8,0,111.8,-25.9,6.1,0,742.1,3238.1,3918.8,3341.6666666666665,-680.7000000000003,7.352441100243583,23.81,1.008,1560.0,3100.0,,
ANDRADINA,Andradina,2008,440.4,29.1,0,191.6,26.9,8.5,0,734.4,3100.0,3238.1,3418.966666666667,-138.0999999999999,7.6362696033793735,32.82,1.229,2072.0,3373.6,,
ANDRADINA,Andradina,2009,337.1,-1.2,7,131.4,-13.0,5.9,0,800.0,3373.6,3100.0,3237.2333333333336,273.5999999999999,7.250990310554167,-31.97,1.074,1409.5,5193.8,,
ANDRADINA,Andradina,2010,356.0,4.4,0,69.8,-53.7,8.4,0,736.0,5193.8,3373.6,3889.133333333333,1820.2000000000003,7.484368643286131,26.29,0.836,1780.0,5779.2,,
ANDRADINA,Andradina,2011,642.9,88.5,0,139.9,-7.4,2.7,0,989.0,5779.2,5193.8,4782.2,585.3999999999996,7.037027614686276,-36.07,1.011,1138.0,3540.4,,
ANDRADINA,Andradina,2012,220.8,-35.3,21,328.9,117.9,6.5,0,664.1,3540.4,5779.2,4837.8,-2238.7999999999997,7.025538314638521,-1.14,1.221,1125.0,3850.7,,
ANDRADINA,Andradina,2013,361.4,6.0,3,185.1,22.6,3.8,0,647.4,3850.7,3540.4,4390.099999999999,310.2999999999997,7.62657020629066,82.4,1.08,2052.0,5297.7,,
ANDRADINA,Andradina,2014,293.1,-14.1,16,82.7,-45.2,7.9,0,450.8,5297.7,3850.7,4229.599999999999,1447.0,6.633318433280377,-62.96,0.899,760.0,2119.7,,
ANDRADINA,Andradina,2015,403.8,18.4,2,105.3,-30.2,12.3,0,583.4,2119.7,5297.7,3756.033333333333,-3178.0,7.4815557019095165,133.55,0.965,1775.0,5370.8,,
ANDRADINA,Andradina,2016,329.9,-3.3,8,237.6,57.4,3.8,0,729.2,5370.8,2119.7,4262.733333333334,3251.1000000000004,7.506591780070841,2.54,1.16,1820.0,2116.8,,
ANDRADINA,Andradina,2017,311.4,-8.7,1,232.9,54.3,6.0,0,727.2,2116.8,5370.8,3202.433333333333,-3254.0,7.611347717403621,11.04,1.265,2021.0,5219.0,,
ANDRADINA,Andradina,2018,262.3,-23.1,1,62.6,-58.5,7.3,0,501.6,5219.0,2116.8,4235.533333333334,3102.2,6.895682697747868,-51.11,0.849,988.0,3814.7,,
ANDRADINA,Andradina,2019,352.9,3.5,13,131.1,-13.2,3.9,0,501.8,3814.7,5219.0,3716.8333333333335,-1404.3000000000002,7.5251007461258,87.65,1.065,1854.0,6705.6,,
ANDRADINA,Andradina,2020,221.0,-35.2,21,75.4,-50.0,7.7,0,461.1,6705.6,3814.7,5246.433333333333,2890.9000000000005,7.719573989259581,21.47,1.144,2252.0,7146.3,,
ANDRADINA,Andradina,2021,140.6,-58.8,59,42.6,-71.8,4.4,0,262.6,7146.3,6705.6,5888.866666666668,440.6999999999998,7.799753318287247,8.35,1.204,2440.0,6253.3,,
ANDRADINA,Andradina,2022,250.0,-26.7,35,105.7,-30.0,6.7,0,528.2,6253.3,7146.3,6701.733333333334,-893.0,7.652070746116482,-13.73,1.521,2105.0,7679.6,,
ANDRADINA,Andradina,2023,438.7,28.6,0,226.7,50.2,6.7,0,699.3,7679.6,6253.3,7026.400000000001,1426.3000000000002,7.286191714702382,-30.64,1.242,1460.0,7347.9,,
ANDRADINA,Andradina,2024,286.6,-16.0,52,104.6,-30.7,9.4,0,414.5,7347.9,7679.6,7093.599999999999,-331.7000000000007,6.733401891837359,-42.47,0.787,840.0,4714.3,,
ANDRADINA,Andradina,2025,238.2,-30.2,53,166.4,10.2,4.2,0,387.4,4714.3,7347.9,6580.600000000001,-2633.5999999999995,6.946975992135418,23.81,0.932,1040.0,4624.0,,
ANDRADINA,Andradina,2026,230.5,-32.4,51,227.8,50.9,8.6,0,479.7,4624.0,4714.3,5562.066666666666,-90.30000000000018,6.946975992135418,0.0,1.037,1040.0,,,
ARARAQUARA,Araraquara,1992,0.0,-100.0,0,0.0,-100.0,,0,0.0,2109.5,1849.1,1979.3,260.4000000000001,5.19295685089021,-97.09,,180.0,2566.7,,
ARARAQUARA,Araraquara,1993,0.0,-100.0,0,0.0,-100.0,,0,0.0,2566.7,2109.5,2175.1,457.1999999999998,6.684611727667927,344.44,,800.0,2287.5,,
ARARAQUARA,Araraquara,1994,0.0,-100.0,0,0.0,-100.0,,0,0.0,2287.5,2566.7,2321.233333333333,-279.1999999999998,6.993932975223189,36.25,,1090.0,2361.5,,
ARARAQUARA,Araraquara,1995,0.0,-100.0,0,0.0,-100.0,,0,0.0,2361.5,2287.5,2405.233333333333,74.0,6.709304340258298,-24.77,,820.0,2290.2,,
ARARAQUARA,Araraquara,1996,0.0,-100.0,0,0.0,-100.0,,0,0.0,2290.2,2361.5,2313.0666666666666,-71.30000000000018,7.098375638590786,47.56,,1210.0,2429.8,,
ARARAQUARA,Araraquara,1997,0.0,-100.0,0,0.0,-100.0,,0,0.0,2429.8,2290.2,2360.5,139.60000000000036,6.520621127558696,-43.88,1.053,679.0,2110.2,,
ARARAQUARA,Araraquara,1998,0.0,-100.0,0,0.0,-100.0,,0,0.0,2110.2,2429.8,2276.733333333333,-319.60000000000036,7.288244401020124,115.46,1.026,1463.0,2421.7,,
ARARAQUARA,Araraquara,1999,0.0,-100.0,0,0.0,-100.0,,0,0.0,2421.7,2110.2,2320.5666666666666,311.5,7.222566018822171,-6.36,1.057,1370.0,2443.4,,
ARARAQUARA,Araraquara,2000,430.6,22.2,0,22.0,-85.4,0.9,1,721.6,2443.4,2421.7,2325.1,21.700000000000273,7.222566018822171,0.0,1.245,1370.0,1563.5,,
ARARAQUARA,Araraquara,2001,293.6,-16.7,0,135.3,-10.5,5.4,0,605.0,1563.5,2443.4,2142.866666666667,-879.9000000000001,8.016317898503415,121.17,1.106,3030.0,2542.6,,
ARARAQUARA,Araraquara,2002,382.4,8.6,0,87.0,-42.5,5.7,0,794.3,2542.6,1563.5,2183.1666666666665,979.0999999999999,7.471363088187097,-42.01,0.936,1757.0,2547.0,,
ARARAQUARA,Araraquara,2003,363.3,3.1,0,152.6,0.9,5.8,0,852.2,2547.0,2542.6,2217.7000000000003,4.400000000000091,7.307872780763706,-15.08,1.398,1492.0,2702.3,,
ARARAQUARA,Araraquara,2004,451.3,28.1,0,275.1,81.9,6.0,0,908.7,2702.3,2547.0,2597.2999999999997,155.30000000000018,7.200424892944957,-10.19,1.12,1340.0,3035.8,,
ARARAQUARA,Araraquara,2005,325.2,-7.7,0,160.7,6.3,8.1,0,732.2,3035.8,2702.3,2761.7000000000003,333.5,6.937314081223682,-23.13,0.958,1030.0,3040.8,,
ARARAQUARA,Araraquara,2006,414.5,17.7,0,59.1,-60.9,7.2,0,662.6,3040.8,3035.8,2926.3000000000006,5.0,6.429719478039138,-39.81,0.962,620.0,1930.6,,
ARARAQUARA,Araraquara,2007,331.5,-5.9,0,127.9,-15.4,4.5,0,807.1,1930.6,3040.8,2669.0666666666666,-1110.2000000000003,6.709304340258298,32.26,1.008,820.0,2465.9,,
ARARAQUARA,Araraquara,2008,473.7,34.5,0,202.0,33.6,7.4,0,784.6,2465.9,1930.6,2479.1,535.3000000000002,6.214608098422191,-39.02,1.229,500.0,2940.0,,
ARARAQUARA,Araraquara,2009,411.9,16.9,0,136.2,-9.9,3.4,0,757.3,2940.0,2465.9,2445.5,474.0999999999999,6.363028103540465,16.0,1.074,580.0,2782.8,,
ARARAQUARA,Araraquara,2010,272.4,-22.7,0,108.6,-28.2,6.5,0,552.9,2782.8,2940.0,2729.566666666667,-157.19999999999982,5.298317366548036,-65.52,0.836,200.0,2250.0,,
ARARAQUARA,Araraquara,2011,428.3,21.6,0,119.5,-21.0,3.9,0,798.2,2250.0,2782.8,2657.6,-532.8000000000002,4.605170185988092,-50.0,1.011,100.0,1500.0,,
ARARAQUARA,Araraquara,2012,197.7,-43.9,5,271.5,79.6,5.9,0,643.5,1500.0,2250.0,2177.6,-750.0,6.684611727667927,700.0,1.221,800.0,3746.2,,
ARARAQUARA,Araraquara,2013,414.4,17.6,0,271.8,79.7,6.4,0,862.5,3746.2,1500.0,2498.733333333333,2246.2,5.393627546352362,-72.5,1.08,220.0,3490.9,,
ARARAQUARA,Araraquara,2014,226.1,-35.8,23,89.9,-40.5,7.3,0,339.3,3490.9,3746.2,2912.366666666667,-255.29999999999973,6.272877006546167,140.91,0.899,530.0,4098.1,,
ARARAQUARA,Araraquara,2015,355.8,1.0,0,119.9,-20.7,10.1,0,581.1,4098.1,3490.9,3778.4,607.2000000000003,5.720311776607412,-42.45,0.965,305.0,5936.1,,
ARARAQUARA,Araraquara,2016,340.8,-3.3,0,205.2,35.7,3.1,0,873.8,5936.1,4098.1,4508.366666666667,1838.0,7.038783541388542,273.77,1.16,1140.0,3821.1,,
ARARAQUARA,Araraquara,2017,320.5,-9.0,0,259.1,71.4,5.2,0,729.3,3821.1,5936.1,4618.433333333333,-2115.0000000000005,6.912742820493176,-11.84,1.265,1005.0,4014.9,,
ARARAQUARA,Araraquara,2018,312.1,-11.4,0,30.5,-79.8,7.0,0,516.1,4014.9,3821.1,4590.7,193.80000000000018,6.745236349484363,-15.42,0.849,850.0,4482.4,,
ARARAQUARA,Araraquara,2019,362.5,2.9,7,142.2,-6.0,4.4,0,515.2,4482.4,4014.9,4106.133333333333,467.49999999999955,7.696212639346407,158.82,1.065,2200.0,3782.7,,
ARARAQUARA,Araraquara,2020,367.6,4.4,0,70.1,-53.6,6.3,0,587.3,3782.7,4482.4,4093.3333333333326,-699.6999999999998,8.411832675758411,104.55,1.144,4500.0,3511.3,,
ARARAQUARA,Araraquara,2021,165.0,-53.2,30,65.0,-57.0,2.5,0,287.1,3511.3,3782.7,3925.4666666666667,-271.39999999999964,8.122668023346407,-25.11,1.204,3370.0,2262.9,,
ARARAQUARA,Araraquara,2022,271.6,-22.9,0,73.3,-51.5,4.2,0,597.0,2262.9,3511.3,3185.6333333333337,-1248.4,8.113726085970747,-0.89,1.521,3340.0,4879.0,,
ARARAQUARA,Araraquara,2023,309.7,-12.1,0,168.1,11.2,5.5,0,588.1,4879.0,2262.9,3551.066666666667,2616.1,7.644919344958857,-37.43,1.242,2090.0,2305.3,,
ARARAQUARA,Araraquara,2024,198.8,-43.6,50,39.7,-73.7,8.7,0,306.6,2305.3,4879.0,3149.066666666667,-2573.7,7.893572073504902,28.23,0.787,2680.0,1582.8,,
ARARAQUARA,Araraquara,2025,143.2,-59.4,40,77.2,-48.9,2.7,0,278.7,1582.8,2305.3,2922.366666666667,-722.5000000000002,7.996317231796746,10.82,0.932,2970.0,2741.4,,
ARARAQUARA,Araraquara,2026,285.5,-19.0,3,139.3,-7.9,7.5,0,537.1,2741.4,1582.8,2209.8333333333335,1158.6000000000001,7.996317231796746,0.0,1.037,2970.0,,,
ARACATUBA,Araçatuba,1992,0.0,-100.0,0,0.0,-100.0,,0,0.0,2131.3,2232.8,2182.05,-101.5,7.76004068088038,103.91,,2345.0,1860.3,,
ARACATUBA,Araçatuba,1993,0.0,-100.0,0,0.0,-100.0,,0,0.0,1860.3,2131.3,2074.8,-271.0000000000002,8.432941638968646,95.99,,4596.0,2202.3,,
ARACATUBA,Araçatuba,1994,0.0,-100.0,0,0.0,-100.0,,0,0.0,2202.3,1860.3,2064.6333333333337,342.0000000000002,8.737773460327283,35.64,,6234.0,1677.7,,
ARACATUBA,Araçatuba,1995,0.0,-100.0,0,0.0,-100.0,,0,0.0,1677.7,2202.3,1913.4333333333334,-524.6000000000001,8.509161019718974,-20.44,,4960.0,2169.4,,
ARACATUBA,Araçatuba,1996,0.0,-100.0,0,0.0,-100.0,,0,0.0,2169.4,1677.7,2016.466666666667,491.70000000000005,8.786456678344,31.96,,6545.0,2666.1,,
ARACATUBA,Araçatuba,1997,0.0,-100.0,0,0.0,-100.0,,0,0.0,2666.1,2169.4,2171.0666666666666,496.6999999999998,8.70251025718999,-8.05,1.053,6018.0,2857.6,,
ARACATUBA,Araçatuba,1998,0.0,-100.0,0,0.0,-100.0,,0,0.0,2857.6,2666.1,2564.366666666667,191.5,9.374158457205578,95.75,1.026,11780.0,2999.8,,
ARACATUBA,Araçatuba,1999,0.0,-100.0,0,0.0,-100.0,,0,0.0,2999.8,2857.6,2841.1666666666665,142.20000000000027,9.386811515091962,1.27,1.057,11930.0,2922.5,,
ARACATUBA,Araçatuba,2000,457.1,31.6,0,54.2,-67.8,1.3,1,681.8,2922.5,2999.8,2926.633333333333,-77.30000000000018,9.423837546238587,3.77,1.245,12380.0,1428.4,,
ARACATUBA,Araçatuba,2001,438.8,26.3,0,226.7,34.8,4.3,0,762.8,1428.4,2922.5,2450.233333333333,-1494.1,9.596962392282867,18.9,1.106,14720.0,2973.5,,
ARACATUBA,Araçatuba,2002,315.3,-9.2,9,120.3,-28.4,7.4,0,669.4,2973.5,1428.4,2441.4666666666667,1545.1,9.560997243589352,-3.53,0.936,14200.0,1689.1,,
ARACATUBA,Araçatuba,2003,451.2,29.9,0,160.5,-4.6,6.6,0,864.6,1689.1,2973.5,2030.3333333333333,-1284.4,10.023712049842496,58.84,1.398,22555.0,3174.2,,
ARACATUBA,Araçatuba,2004,382.8,10.2,1,303.1,80.2,4.3,0,782.1,3174.2,1689.1,2612.2666666666664,1485.1,9.697348600037742,-27.85,1.12,16274.4,3593.6,,
ARACATUBA,Araçatuba,2005,164.2,-52.7,33,174.1,3.5,6.9,0,613.2,3593.6,3174.2,2818.9666666666667,419.4000000000001,9.799681383810539,10.78,0.958,18028.0,3091.2,,
ARACATUBA,Araçatuba,2006,476.2,37.1,1,98.4,-41.5,7.8,0,698.4,3091.2,3593.6,3286.3333333333335,-502.4000000000001,9.216719978940223,-44.18,0.962,10064.0,2285.7,,
ARACATUBA,Araçatuba,2007,316.4,-8.9,0,114.9,-31.7,5.2,0,811.0,2285.7,3091.2,2990.1666666666665,-805.5,8.104703468371108,-67.11,1.008,3310.0,2206.9,,
ARACATUBA,Araçatuba,2008,451.7,30.1,0,200.9,19.5,6.5,0,782.3,2206.9,2285.7,2527.9333333333334,-78.79999999999973,8.675307434509929,76.93,1.229,5856.5,3299.1,,
ARACATUBA,Araçatuba,2009,354.6,2.1,3,113.6,-32.5,4.8,0,787.4,3299.1,2206.9,2597.233333333333,1092.1999999999998,8.968192374734276,34.03,1.074,7849.4,3773.0,,
ARACATUBA,Araçatuba,2010,238.0,-31.5,0,77.6,-53.8,8.0,0,520.8,3773.0,3299.1,3093.0,473.9000000000001,9.135832319801121,18.25,0.836,9282.0,3214.9,,
ARACATUBA,Araçatuba,2011,484.5,39.5,0,108.8,-35.3,2.6,0,795.9,3214.9,3773.0,3429.0,-558.0999999999999,9.261318616740812,13.37,1.011,10523.0,2000.9,,
ARACATUBA,Araçatuba,2012,187.7,-46.0,42,381.0,126.6,5.8,0,649.8,2000.9,3214.9,2996.2666666666664,-1214.0,9.493788493895902,26.17,1.221,13277.0,4393.6,,
ARACATUBA,Araçatuba,2013,337.0,-3.0,2,251.1,49.3,3.4,0,717.4,4393.6,2000.9,3203.133333333333,2392.7000000000003,9.677571411143855,20.18,1.08,15955.7,4118.9,,
ARACATUBA,Araçatuba,2014,260.5,-25.0,16,84.6,-49.7,7.3,0,390.5,4118.9,4393.6,3504.4666666666667,-274.7000000000007,9.562924961810863,-10.83,0.899,14227.4,3141.9,,
ARACATUBA,Araçatuba,2015,377.2,8.6,0,141.3,-16.0,11.9,0,604.4,3141.9,4118.9,3884.7999999999997,-976.9999999999995,9.773948181181144,23.49,0.965,17570.0,4641.2,,
ARACATUBA,Araçatuba,2016,390.9,12.6,0,225.5,34.1,3.4,0,816.5,4641.2,3141.9,3967.3333333333335,1499.2999999999997,10.074381562931087,35.04,1.16,23727.3,3743.8,,
ARACATUBA,Araçatuba,2017,301.6,-13.2,0,278.4,65.5,5.5,0,728.4,3743.8,4641.2,3842.2999999999997,-897.3999999999996,10.139902646043577,6.77,1.265,25334.0,5293.7,,
ARACATUBA,Araçatuba,2018,306.1,-11.9,0,50.3,-70.1,7.7,0,532.6,5293.7,3743.8,4559.566666666667,1549.8999999999996,10.079623350242997,-5.85,0.849,23852.0,2222.0,,
ARACATUBA,Araçatuba,2019,369.1,6.3,9,106.8,-36.5,4.0,0,512.0,2222.0,5293.7,3753.1666666666665,-3071.7,10.127110988687189,4.86,1.065,25012.0,3653.2,,
ARACATUBA,Araçatuba,2020,342.1,-1.5,7,145.5,-13.5,7.0,0,638.0,3653.2,2222.0,3722.9666666666667,1431.1999999999998,10.043640722719532,-8.01,1.144,23009.0,3746.2,,
ARACATUBA,Araçatuba,2021,205.6,-40.8,39,81.8,-51.4,3.5,0,400.9,3746.2,3653.2,3207.133333333333,93.0,9.947839310106628,-9.14,1.204,20907.0,2472.7,,
ARACATUBA,Araçatuba,2022,258.2,-25.6,13,94.2,-44.0,6.2,0,572.8,2472.7,3746.2,3290.6999999999994,-1273.5,9.240772579096385,-50.69,1.521,10309.0,3622.6,,
ARACATUBA,Araçatuba,2023,297.6,-14.3,2,145.0,-13.8,6.6,0,563.5,3622.6,2472.7,3280.5,1149.9,8.790269111478656,-36.27,1.242,6570.0,3754.8,,
ARACATUBA,Araçatuba,2024,244.5,-29.6,52,95.1,-43.4,7.9,0,382.5,3754.8,3622.6,3283.3666666666663,132.20000000000027,8.602397937430464,-17.13,0.787,5444.7,2645.6,,
ARACATUBA,Araçatuba,2025,198.0,-43.0,53,154.6,-8.1,2.7,0,348.3,2645.6,3754.8,3341.0,-1109.2000000000003,7.0712337479746115,-78.37,0.932,1177.6,5008.3,,
ARACATUBA,Araçatuba,2026,263.2,-24.2,43,227.0,35.0,7.9,0,497.7,5008.3,2645.6,3802.9,2362.7000000000003,7.0712337479746115,0.0,1.037,1177.6,,,
ASSIS,Assis,1992,0.0,-100.0,0,0.0,-100.0,,0,0.0,1855.4,2238.5,2046.95,-383.0999999999999,11.375018800502191,130.14,,87118.0,1995.3,,
ASSIS,Assis,1993,0.0,-100.0,0,0.0,-100.0,,0,0.0,1995.3,1855.4,2029.7333333333333,139.89999999999986,11.565138336417162,20.94,,105360.0,2645.0,,
ASSIS,Assis,1994,0.0,-100.0,0,0.0,-100.0,,0,0.0,2645.0,1995.3,2165.2333333333336,649.7,11.90199692859196,40.05,,147561.0,1786.6,,
ASSIS,Assis,1995,0.0,-100.0,0,0.0,-100.0,,0,0.0,1786.6,2645.0,2142.3,-858.4000000000001,11.942432567558631,4.13,,153650.0,2996.9,,
ASSIS,Assis,1996,0.0,-100.0,0,0.0,-100.0,,0,0.0,2996.9,1786.6,2476.1666666666665,1210.3000000000002,11.895899535242862,-4.55,,146664.0,2027.9,,
ASSIS,Assis,1997,0.0,-100.0,0,0.0,-100.0,,0,0.0,2027.9,2996.9,2270.4666666666667,-969.0,11.902464422528134,0.66,1.053,147630.0,2244.5,,
ASSIS,Assis,1998,0.0,-100.0,0,0.0,-100.0,,0,0.0,2244.5,2027.9,2423.1,216.5999999999999,11.94695859339545,4.55,1.026,154347.0,3723.0,,
ASSIS,Assis,1999,0.0,-100.0,0,0.0,-100.0,,0,0.0,3723.0,2244.5,2665.133333333333,1478.5,11.924737058137257,-2.2,1.057,150955.0,3202.9,,
ASSIS,Assis,2000,405.1,18.0,0,87.3,-59.7,-0.1,2,659.8,3202.9,3723.0,3056.7999999999997,-520.0999999999999,11.910922758230871,-1.37,1.245,148884.0,1887.2,,
ASSIS,Assis,2001,440.3,28.3,0,263.7,21.8,2.4,0,785.3,1887.2,3202.9,2937.7000000000003,-1315.7,11.841012645057,-6.75,1.106,138831.0,2794.2,,
ASSIS,Assis,2002,258.7,-24.6,10,225.8,4.3,6.3,0,735.8,2794.2,1887.2,2628.1,906.9999999999998,11.776949889071334,-6.21,0.936,130216.0,2063.9,,
ASSIS,Assis,2003,385.4,12.3,1,208.2,-3.8,5.6,0,804.5,2063.9,2794.2,2248.4333333333334,-730.2999999999997,11.79973465657234,2.3,1.398,133217.0,3984.5,,
ASSIS,Assis,2004,304.2,-11.4,7,335.2,54.9,4.0,0,711.8,3984.5,2063.9,2947.533333333333,1920.6,11.868212446134113,7.09,1.12,142659.0,2995.8,,
ASSIS,Assis,2005,187.5,-45.4,21,227.2,5.0,5.7,0,692.3,2995.8,3984.5,3014.7333333333336,-988.6999999999998,11.860662585297293,-0.75,0.958,141586.0,2213.8,,
ASSIS,Assis,2006,396.9,15.6,4,85.3,-60.6,7.3,0,564.5,2213.8,2995.8,3064.7000000000003,-782.0,11.665646551987892,-17.72,0.962,116500.0,1758.0,,
ASSIS,Assis,2007,339.7,-1.0,0,122.2,-43.5,4.4,0,742.5,1758.0,2213.8,2322.5333333333333,-455.8000000000002,11.540054132358481,-11.8,1.008,102750.0,3638.0,,
ASSIS,Assis,2008,426.0,24.1,1,235.7,8.9,5.2,0,702.8,3638.0,1758.0,2536.6,1880.0,11.594044516255021,5.55,1.229,108450.0,4391.4,,
ASSIS,Assis,2009,297.0,-13.5,0,139.3,-35.6,3.3,0,772.5,4391.4,3638.0,3262.4666666666667,753.3999999999996,11.58412922397656,-0.99,1.074,107380.0,2663.7,,
ASSIS,Assis,2010,334.0,-2.7,0,132.3,-38.9,6.9,0,670.3,2663.7,4391.4,3564.3666666666663,-1727.6999999999998,11.640614826111118,5.81,0.836,113620.0,4191.3,,
ASSIS,Assis,2011,351.3,2.4,0,125.9,-41.8,1.8,1,641.9,4191.3,2663.7,3748.7999999999997,1527.6000000000004,11.715866308966918,7.82,1.011,122500.0,1913.2,,
ASSIS,Assis,2012,204.9,-40.3,45,386.7,78.7,5.5,0,681.4,1913.2,4191.3,2922.7333333333336,-2278.1000000000004,11.68561747278834,-2.98,1.221,118850.0,4478.3,,
ASSIS,Assis,2013,413.9,20.6,2,399.8,84.7,2.4,0,811.8,4478.3,1913.2,3527.6,2565.1000000000004,11.703958962366205,1.85,1.08,121050.0,4201.4,,
ASSIS,Assis,2014,310.8,-9.4,17,167.9,-22.4,6.7,0,581.3,4201.4,4478.3,3530.966666666667,-276.90000000000055,11.683090091493552,-2.07,0.899,118550.0,4971.6,,
ASSIS,Assis,2015,350.2,2.0,0,184.4,-14.8,8.3,0,632.4,4971.6,4201.4,4550.433333333333,770.2000000000007,11.685196685910682,0.21,0.965,118800.0,5050.9,,
ASSIS,Assis,2016,494.1,43.9,0,334.6,54.6,2.7,0,1032.1,5050.9,4971.6,4741.3,79.29999999999927,11.7550870221202,7.24,1.16,127400.0,3174.1,,
ASSIS,Assis,2017,332.8,-3.0,0,364.6,68.4,5.3,0,841.5,3174.1,5050.9,4398.866666666667,-1876.7999999999997,11.817848061804412,6.48,1.265,135652.0,4855.5,,
ASSIS,Assis,2018,338.7,-1.3,0,62.8,-71.0,7.4,0,669.9,4855.5,3174.1,4360.166666666667,1681.4,11.856798817071752,3.97,0.849,141040.0,2893.3,,
ASSIS,Assis,2019,359.0,4.6,7,134.9,-37.7,3.4,0,592.9,2893.3,4855.5,3640.9666666666667,-1962.1999999999998,11.838156180367786,-1.85,1.065,138435.0,5279.2,,
ASSIS,Assis,2020,339.4,-1.1,6,192.7,-11.0,6.0,0,651.2,5279.2,2893.3,4342.666666666667,2385.8999999999996,11.757008252298094,-7.79,1.144,127645.0,3770.7,,
ASSIS,Assis,2021,205.3,-40.2,16,102.7,-52.6,2.9,0,498.6,3770.7,5279.2,3981.066666666667,-1508.5,11.840032556626465,8.66,1.204,138695.0,2343.7,,
ASSIS,Assis,2022,314.5,-8.4,8,163.8,-24.3,5.9,0,639.9,2343.7,3770.7,3797.8666666666663,-1427.0,11.814399489690393,-2.53,1.521,135185.0,4418.7,,
ASSIS,Assis,2023,473.2,37.9,0,191.5,-11.6,6.6,0,782.5,4418.7,2343.7,3511.033333333333,2075.0,11.824021283831025,0.97,1.242,136492.0,5846.3,,
ASSIS,Assis,2024,300.1,-12.6,48,143.5,-33.7,6.1,0,450.6,5846.3,4418.7,4202.900000000001,1427.6000000000004,11.808017515597022,-1.59,0.787,134325.0,3283.3,,
ASSIS,Assis,2025,221.7,-35.4,50,226.6,4.7,1.5,1,451.5,3283.3,5846.3,4516.099999999999,-2563.0,11.7584174199482,-4.84,0.932,127825.0,4365.3,,
ASSIS,Assis,2026,318.4,-7.3,26,285.0,31.6,6.9,0,605.7,4365.3,3283.3,4498.3,1082.0,11.7584174199482,0.0,1.037,127825.0,,,
AVARE,Avaré,1992,0.0,-100.0,0,0.0,-100.0,,0,0.0,1852.2,2550.0,2201.1,-697.8,8.196987927258897,57.83,,3630.0,2190.1,,
AVARE,Avaré,1993,0.0,-100.0,0,0.0,-100.0,,0,0.0,2190.1,1852.2,2197.4333333333334,337.89999999999986,8.565983355585669,44.63,,5250.0,2057.6,,
AVARE,Avaré,1994,0.0,-100.0,0,0.0,-100.0,,0,0.0,2057.6,2190.1,2033.3,-132.5,8.920656296853728,42.57,,7485.0,2104.0,,
AVARE,Avaré,1995,0.0,-100.0,0,0.0,-100.0,,0,0.0,2104.0,2057.6,2117.2333333333336,46.40000000000009,9.385553389532843,59.19,,11915.0,2283.4,,
AVARE,Avaré,1996,0.0,-100.0,0,0.0,-100.0,,0,0.0,2283.4,2104.0,2148.3333333333335,179.4000000000001,9.312896960301275,-7.01,,11080.0,2181.8,,
AVARE,Avaré,1997,0.0,-100.0,0,0.0,-100.0,,0,0.0,2181.8,2283.4,2189.7333333333336,-101.59999999999991,8.787220328629298,-40.88,1.053,6550.0,2300.6,,
AVARE,Avaré,1998,0.0,-100.0,0,0.0,-100.0,,0,0.0,2300.6,2181.8,2255.2666666666664,118.79999999999973,9.215327913487222,53.44,1.026,10050.0,2901.5,,
AVARE,Avaré,1999,0.0,-100.0,0,0.0,-100.0,,0,0.0,2901.5,2300.6,2461.3,600.9000000000001,9.062999784077473,-14.13,1.057,8630.0,3025.0,,
AVARE,Avaré,2000,365.8,11.6,2,68.7,-70.3,-1.4,4,628.9,3025.0,2901.5,2742.366666666667,123.5,9.249561085129464,20.51,1.245,10400.0,2251.2,,
AVARE,Avaré,2001,392.7,19.9,3,288.8,24.8,1.3,1,785.3,2251.2,3025.0,2725.9,-773.8000000000002,9.302007560502007,5.38,1.106,10960.0,3355.0,,
AVARE,Avaré,2002,264.8,-19.2,5,180.0,-22.2,6.5,0,657.7,3355.0,2251.2,2877.066666666667,1103.8000000000002,9.536040511615484,26.37,0.936,13850.0,2773.9,,
AVARE,Avaré,2003,407.4,24.4,8,213.9,-7.5,5.1,0,800.5,2773.9,3355.0,2793.3666666666663,-581.0999999999999,9.68781601606062,16.39,1.398,16120.0,3708.3,,
AVARE,Avaré,2004,333.5,1.8,1,309.8,33.9,3.8,0,823.0,3708.3,2773.9,3279.066666666667,934.4000000000001,9.568014816247999,-11.29,1.12,14300.0,3405.3,,
AVARE,Avaré,2005,107.0,-67.3,22,190.5,-17.7,4.9,0,486.4,3405.3,3708.3,3295.8333333333335,-303.0,9.143131622282732,-34.62,0.958,9350.0,3143.7,,
AVARE,Avaré,2006,330.9,1.0,8,94.1,-59.3,5.7,0,552.2,3143.7,3405.3,3419.1,-261.60000000000036,8.81744592104187,-27.8,0.962,6751.0,3245.9,,
AVARE,Avaré,2007,380.9,16.3,9,163.1,-29.5,3.1,0,809.0,3245.9,3143.7,3264.966666666667,102.20000000000027,9.272375762895635,57.61,1.008,10640.0,4025.5,,
AVARE,Avaré,2008,433.1,32.2,0,311.8,34.8,3.6,0,760.1,4025.5,3245.9,3471.6999999999994,779.5999999999999,9.045937315684574,-20.26,1.229,8484.0,4464.1,,
AVARE,Avaré,2009,239.9,-26.8,7,173.4,-25.0,2.4,0,689.6,4464.1,4025.5,3911.8333333333335,438.60000000000036,9.202912856147385,17.0,1.074,9926.0,4745.4,,
AVARE,Avaré,2010,336.2,2.6,5,190.9,-17.5,5.2,0,714.2,4745.4,4464.1,4411.666666666667,281.2999999999993,9.243871855184976,4.18,0.836,10341.0,4832.8,,
AVARE,Avaré,2011,310.8,-5.1,2,159.5,-31.1,0.8,1,651.0,4832.8,4745.4,4680.766666666667,87.40000000000055,8.88599431515281,-30.08,1.011,7230.0,4896.3,,
AVARE,Avaré,2012,224.5,-31.5,17,349.1,50.9,4.7,0,704.7,4896.3,4832.8,4824.833333333333,63.5,9.441452092939569,74.27,1.221,12600.0,5261.9,,
AVARE,Avaré,2013,435.9,33.1,2,372.2,60.9,2.4,0,869.3,5261.9,4896.3,4997.0,365.59999999999945,9.445412494155667,0.4,1.08,12650.0,4773.9,,
AVARE,Avaré,2014,293.1,-10.5,16,233.6,1.0,5.1,0,585.7,4773.9,5261.9,4977.366666666666,-488.0,9.550235315874898,11.05,0.899,14048.0,5215.1,,
AVARE,Avaré,2015,432.0,31.9,4,154.9,-33.1,7.9,0,645.6,5215.1,4773.9,5083.633333333333,441.2000000000007,9.847340391913127,34.6,0.965,18908.0,5140.1,,
AVARE,Avaré,2016,361.3,10.3,4,293.9,27.0,0.6,2,874.2,5140.1,5215.1,5043.033333333334,-75.0,10.286366161971497,55.12,1.16,29330.0,4904.8,,
AVARE,Avaré,2017,321.5,-1.9,4,455.0,96.7,4.1,0,946.4,4904.8,5140.1,5086.666666666667,-235.30000000000018,10.208211090842761,-7.52,1.265,27125.0,6352.6,,
AVARE,Avaré,2018,337.7,3.1,3,79.8,-65.5,7.0,0,616.5,6352.6,4904.8,5465.833333333333,1447.8000000000002,10.323841273138044,12.26,0.849,30450.0,4732.2,,
AVARE,Avaré,2019,360.2,9.9,6,216.6,-6.4,1.4,1,645.9,4732.2,6352.6,5329.866666666666,-1620.4000000000005,10.023933705611995,-25.91,1.065,22560.0,5219.5,,
AVARE,Avaré,2020,248.8,-24.1,11,196.2,-15.2,5.5,0,540.9,5219.5,4732.2,5434.766666666667,487.3000000000002,9.902487052202545,-11.44,1.144,19980.0,4347.5,,
AVARE,Avaré,2021,200.5,-38.8,14,124.3,-46.3,0.9,3,463.0,4347.5,5219.5,4766.400000000001,-872.0,9.850772194864133,-5.04,1.204,18973.0,5200.5,,
AVARE,Avaré,2022,259.7,-20.7,8,183.5,-20.7,3.5,0,653.5,5200.5,4347.5,4922.5,853.0,10.285240400684541,54.41,1.521,29297.0,5252.8,,
AVARE,Avaré,2023,385.5,17.7,1,145.1,-37.3,6.1,0,592.5,5252.8,5200.5,4933.599999999999,52.30000000000018,9.652458797732383,-46.89,1.242,15560.0,5556.6,,
AVARE,Avaré,2024,220.9,-32.6,46,108.9,-52.9,5.3,0,365.8,5556.6,5252.8,5336.633333333334,303.8000000000002,9.642122788401721,-1.03,0.787,15400.0,4735.7,,
AVARE,Avaré,2025,166.9,-49.1,42,179.2,-22.6,1.4,1,397.4,4735.7,5556.6,5181.7,-820.9000000000005,10.396352850925126,112.6,0.932,32740.0,5644.3,,
AVARE,Avaré,2026,200.9,-38.7,33,232.8,0.6,7.0,0,444.3,5644.3,4735.7,5312.2,908.6000000000004,10.396352850925126,0.0,1.037,32740.0,,,
BARRETOS,Barretos,1992,0.0,-100.0,0,0.0,-100.0,,0,0.0,2490.5,2309.1,2399.8,181.4000000000001,9.979290515951629,25.99,,21575.0,2438.1,,
BARRETOS,Barretos,1993,0.0,-100.0,0,0.0,-100.0,,0,0.0,2438.1,2490.5,2412.566666666667,-52.40000000000009,10.393293809078044,51.29,,32640.0,1805.9,,
BARRETOS,Barretos,1994,0.0,-100.0,0,0.0,-100.0,,0,0.0,1805.9,2438.1,2244.8333333333335,-632.1999999999998,10.537574511966529,15.52,,37706.0,2143.4,,
BARRETOS,Barretos,1995,0.0,-100.0,0,0.0,-100.0,,0,0.0,2143.4,1805.9,2129.133333333333,337.5,10.476160579628198,-5.96,,35460.0,2149.8,,
BARRETOS,Barretos,1996,0.0,-100.0,0,0.0,-100.0,,0,0.0,2149.8,2143.4,2033.0333333333335,6.400000000000091,10.457343929717506,-1.86,,34799.0,2456.1,,
BARRETOS,Barretos,1997,0.0,-100.0,0,0.0,-100.0,,0,0.0,2456.1,2149.8,2249.7666666666664,306.2999999999997,10.557035948482783,10.48,1.053,38447.0,1446.8,,
BARRETOS,Barretos,1998,0.0,-100.0,0,0.0,-100.0,,0,0.0,1446.8,2456.1,2017.5666666666666,-1009.3,10.615628209588607,6.03,1.026,40767.0,2489.3,,
BARRETOS,Barretos,1999,0.0,-100.0,0,0.0,-100.0,,0,0.0,2489.3,1446.8,2130.7333333333336,1042.5000000000002,10.634123177507066,1.87,1.057,41528.0,1277.6,,
BARRETOS,Barretos,2000,491.2,23.3,0,26.9,-80.4,4.3,0,866.8,1277.6,2489.3,1737.8999999999999,-1211.7000000000003,10.476583502028243,-14.58,1.245,35475.0,684.2,,
BARRETOS,Barretos,2001,308.4,-22.6,0,126.8,-7.5,6.1,0,548.0,684.2,1277.6,1483.7,-593.3999999999999,10.052123051675276,-34.59,1.106,23205.0,894.6,,
BARRETOS,Barretos,2002,441.4,10.8,0,34.7,-74.7,8.2,0,756.5,894.6,684.2,952.1333333333333,210.39999999999998,10.097902357017466,4.68,0.936,24292.0,900.8,,
BARRETOS,Barretos,2003,510.0,28.0,0,190.4,38.8,7.7,0,1038.6,900.8,894.6,826.5333333333334,6.199999999999932,10.054791326627294,-4.22,1.398,23267.0,3016.8,,
BARRETOS,Barretos,2004,495.2,24.3,0,236.9,72.7,7.8,0,838.7,3016.8,900.8,1604.0666666666668,2116.0,10.160529988855798,11.15,1.12,25862.0,3105.6,,
BARRETOS,Barretos,2005,284.1,-28.7,1,184.0,34.1,9.8,0,735.4,3105.6,3016.8,2341.0666666666666,88.79999999999973,10.128389556865201,-3.16,0.958,25044.0,1888.9,,
BARRETOS,Barretos,2006,506.2,27.1,0,120.4,-12.3,8.9,0,795.4,1888.9,3105.6,2670.4333333333334,-1216.6999999999998,9.785773264516571,-29.01,0.962,17779.0,1740.8,,
BARRETOS,Barretos,2007,364.1,-8.6,0,106.7,-22.2,7.2,0,892.9,1740.8,1888.9,2245.1,-148.10000000000014,9.586308009295324,-18.08,1.008,14564.0,3035.3,,
BARRETOS,Barretos,2008,496.5,24.7,0,149.3,8.9,9.5,0,869.7,3035.3,1740.8,2221.6666666666665,1294.5000000000002,9.230142999272362,-29.96,1.229,10200.0,3872.6,,
BARRETOS,Barretos,2009,438.8,10.2,0,112.4,-18.0,5.8,0,761.1,3872.6,3035.3,2882.8999999999996,837.2999999999997,9.446518601560848,24.16,1.074,12664.0,3258.0,,
BARRETOS,Barretos,2010,307.4,-22.8,0,68.1,-50.4,9.5,0,560.7,3258.0,3872.6,3388.6333333333337,-614.5999999999999,9.57692604202343,13.93,0.836,14428.0,3847.0,,
BARRETOS,Barretos,2011,615.1,54.4,0,126.1,-8.1,5.8,0,894.2,3847.0,3258.0,3659.2000000000003,589.0,9.640953273616999,6.61,1.011,15382.0,4747.3,,
BARRETOS,Barretos,2012,294.2,-26.1,0,236.9,72.7,7.2,0,705.9,4747.3,3847.0,3950.7666666666664,900.3000000000002,9.5453830157878,-9.11,1.221,13980.0,4507.1,,
BARRETOS,Barretos,2013,439.5,10.3,0,247.1,80.2,7.0,0,795.5,4507.1,4747.3,4367.133333333334,-240.19999999999982,9.579279798734897,3.45,1.08,14462.0,5323.8,,
BARRETOS,Barretos,2014,370.2,-7.1,12,83.0,-39.5,9.7,0,443.9,5323.8,4507.1,4859.400000000001,816.6999999999998,9.489561753510097,-8.58,0.899,13221.0,4764.9,,
BARRETOS,Barretos,2015,384.0,-3.6,1,150.9,10.0,11.8,0,557.1,4764.9,5323.8,4865.266666666667,-558.9000000000005,9.567595147779924,8.12,0.965,14294.0,5145.0,,
BARRETOS,Barretos,2016,381.1,-4.3,0,150.6,9.8,4.7,0,835.1,5145.0,4764.9,5077.900000000001,380.10000000000036,9.649936338800492,8.58,1.16,15520.8,4317.1,,
BARRETOS,Barretos,2017,331.4,-16.8,0,200.9,46.5,7.6,0,620.6,4317.1,5145.0,4742.333333333333,-827.8999999999996,9.665674427237482,1.59,1.265,15767.0,4536.4,,
BARRETOS,Barretos,2018,306.5,-23.0,0,49.6,-63.9,8.8,0,534.6,4536.4,4317.1,4666.166666666667,219.29999999999927,9.753071556753158,9.13,0.849,17207.0,3892.7,,
BARRETOS,Barretos,2019,377.5,-5.2,10,117.1,-14.6,5.4,0,458.4,3892.7,4536.4,4248.733333333333,-643.6999999999998,9.7469506947159,-0.61,1.065,17102.0,5752.2,,
BARRETOS,Barretos,2020,314.4,-21.1,1,51.2,-62.6,9.0,0,549.3,5752.2,3892.7,4727.099999999999,1859.5,9.70984212201073,-3.64,1.144,16479.0,4675.5,,
BARRETOS,Barretos,2021,191.9,-51.8,34,55.0,-59.9,4.4,0,337.7,4675.5,5752.2,4773.466666666667,-1076.6999999999998,9.726332625693532,1.66,1.204,16753.0,2499.5,,
BARRETOS,Barretos,2022,231.1,-42.0,9,80.0,-41.7,6.3,0,551.5,2499.5,4675.5,4309.066666666667,-2176.0,9.876116355739995,16.16,1.521,19460.0,4287.4,,
BARRETOS,Barretos,2023,382.4,-4.0,0,151.6,10.5,7.6,0,761.2,4287.4,2499.5,3820.7999999999997,1787.8999999999996,8.970813341411448,-59.56,1.242,7870.0,4174.8,,
BARRETOS,Barretos,2024,307.7,-22.8,42,21.6,-84.3,9.9,0,413.6,4174.8,4287.4,3653.9,-112.59999999999945,8.677524730318577,-25.42,0.787,5869.5,3638.6,,
BARRETOS,Barretos,2025,165.0,-58.6,55,83.4,-39.2,5.8,0,294.0,3638.6,4174.8,4033.6,-536.2000000000003,8.253227645581772,-34.58,0.932,3840.0,5503.1,,
BARRETOS,Barretos,2026,408.4,2.5,2,155.2,13.2,10.0,0,681.9,5503.1,3638.6,4438.833333333333,1864.5000000000005,8.253227645581772,0.0,1.037,3840.0,,,
BOTUCATU,Botucatu,1992,0.0,-100.0,0,0.0,-100.0,,0,0.0,1336.4,1600.0,1468.2,-263.5999999999999,5.703782474656201,-45.45,,300.0,1700.0,,
BOTUCATU,Botucatu,1993,0.0,-100.0,0,0.0,-100.0,,0,0.0,1700.0,1336.4,1545.4666666666665,363.5999999999999,5.703782474656201,0.0,,300.0,1650.0,,
BOTUCATU,Botucatu,1994,0.0,-100.0,0,0.0,-100.0,,0,0.0,1650.0,1700.0,1562.1333333333332,-50.0,6.723832440821209,177.33,,832.0,1606.7,,
BOTUCATU,Botucatu,1995,0.0,-100.0,0,0.0,-100.0,,0,0.0,1606.7,1650.0,1652.2333333333333,-43.299999999999955,7.090076835776092,44.23,,1200.0,1850.0,,
BOTUCATU,Botucatu,1996,0.0,-100.0,0,0.0,-100.0,,0,0.0,1850.0,1606.7,1702.2333333333333,243.29999999999995,7.047517221357296,-4.17,,1150.0,1852.2,,
BOTUCATU,Botucatu,1997,0.0,-100.0,0,0.0,-100.0,,0,0.0,1852.2,1850.0,1769.6333333333332,2.2000000000000455,7.157735484249907,11.65,1.053,1284.0,1757.2,,
BOTUCATU,Botucatu,1998,0.0,-100.0,0,0.0,-100.0,,0,0.0,1757.2,1852.2,1819.8,-95.0,6.816735880594968,-28.89,1.026,913.0,2218.9,,
BOTUCATU,Botucatu,1999,0.0,-100.0,0,0.0,-100.0,,0,0.0,2218.9,1757.2,1942.7666666666667,461.70000000000005,7.044905117129371,25.63,1.057,1147.0,2391.4,,
BOTUCATU,Botucatu,2000,322.2,-3.5,0,28.7,-84.1,0.2,2,575.4,2391.4,2218.9,2122.5,172.5,7.897296472595885,134.52,1.245,2690.0,1536.8,,
BOTUCATU,Botucatu,2001,345.8,3.6,0,169.3,-6.3,2.8,0,672.9,1536.8,2391.4,2049.0333333333333,-854.6000000000001,7.4673710669175595,-34.94,1.106,1750.0,2691.4,,
BOTUCATU,Botucatu,2002,279.7,-16.2,0,120.5,-33.3,6.9,0,644.6,2691.4,1536.8,2206.5333333333333,1154.6000000000001,7.4205789054108005,-4.57,0.936,1670.0,2015.6,,
BOTUCATU,Botucatu,2003,364.0,9.0,1,141.1,-21.9,4.9,0,753.0,2015.6,2691.4,2081.266666666667,-675.8000000000002,7.455876687491824,3.59,1.398,1730.0,3065.9,,
BOTUCATU,Botucatu,2004,346.2,3.7,0,249.2,38.0,5.8,0,756.4,3065.9,2015.6,2590.9666666666667,1050.3000000000002,7.380380468932824,-7.27,1.12,1604.2,3019.7,,
BOTUCATU,Botucatu,2005,168.2,-49.6,9,142.4,-21.2,6.1,0,509.2,3019.7,3065.9,2700.4,-46.20000000000027,7.3777589082278725,-0.26,0.958,1600.0,2971.9,,
BOTUCATU,Botucatu,2006,437.2,31.0,0,95.6,-47.1,7.3,0,659.1,2971.9,3019.7,3019.1666666666665,-47.79999999999973,7.090076835776092,-25.0,0.962,1200.0,2247.5,,
BOTUCATU,Botucatu,2007,355.6,6.5,0,145.8,-19.3,4.3,0,807.5,2247.5,2971.9,2746.3666666666663,-724.4000000000001,7.444248649496705,42.5,1.008,1710.0,2628.1,,
BOTUCATU,Botucatu,2008,470.9,41.1,0,278.2,54.0,5.2,0,843.2,2628.1,2247.5,2615.8333333333335,380.5999999999999,6.993932975223189,-36.26,1.229,1090.0,2515.6,,
BOTUCATU,Botucatu,2009,376.3,12.7,3,168.5,-6.7,5.0,0,743.9,2515.6,2628.1,2463.733333333333,-112.5,7.265429723253953,31.19,1.074,1430.0,2970.6,,
BOTUCATU,Botucatu,2010,302.5,-9.4,0,138.1,-23.5,6.2,0,650.1,2970.6,2515.6,2704.7666666666664,455.0,7.116394144093465,-13.85,0.836,1232.0,3558.1,,
BOTUCATU,Botucatu,2011,369.9,10.8,0,136.9,-24.2,3.7,0,767.5,3558.1,2970.6,3014.7666666666664,587.5,7.316548177182976,22.16,1.011,1505.0,3729.6,,
BOTUCATU,Botucatu,2012,237.1,-29.0,9,296.3,64.0,6.7,0,678.8,3729.6,3558.1,3419.433333333333,171.5,7.3453648404168685,2.92,1.221,1549.0,3428.8,,
BOTUCATU,Botucatu,2013,402.2,20.5,0,310.3,71.8,5.7,0,823.8,3428.8,3729.6,3572.1666666666665,-300.7999999999997,7.80994708647679,59.13,1.08,2465.0,3770.9,,
BOTUCATU,Botucatu,2014,235.5,-29.4,22,126.7,-29.8,6.7,0,397.8,3770.9,3428.8,3643.1000000000004,342.0999999999999,7.29776828253138,-40.08,0.899,1477.0,3554.9,,
BOTUCATU,Botucatu,2015,316.8,-5.1,0,128.1,-29.1,8.6,0,528.2,3554.9,3770.9,3584.866666666667,-216.0,7.152268856032539,-13.54,0.965,1277.0,3978.2,,
BOTUCATU,Botucatu,2016,343.1,2.8,1,244.3,35.2,1.4,1,830.2,3978.2,3554.9,3768.0,423.2999999999997,7.6544432264701125,65.23,1.16,2110.0,3831.8,,
BOTUCATU,Botucatu,2017,303.7,-9.0,3,355.7,96.9,6.0,0,836.3,3831.8,3978.2,3788.2999999999997,-146.39999999999964,8.213381737034572,74.88,1.265,3690.0,3738.2,,
BOTUCATU,Botucatu,2018,303.4,-9.1,2,56.6,-68.7,6.5,0,538.4,3738.2,3831.8,3849.4,-93.60000000000036,8.220026279753242,0.67,0.849,3714.6,3497.5,,
BOTUCATU,Botucatu,2019,356.5,6.8,6,178.1,-1.4,3.6,0,569.8,3497.5,3738.2,3689.1666666666665,-240.69999999999982,8.240807078706307,2.1,1.065,3792.6,3685.0,,
BOTUCATU,Botucatu,2020,361.8,8.4,2,130.7,-27.6,5.8,0,596.3,3685.0,3497.5,3640.2333333333336,187.5,8.240121298076472,-0.07,1.144,3790.0,4377.3,,
BOTUCATU,Botucatu,2021,189.3,-43.3,26,96.4,-46.6,1.4,1,385.4,4377.3,3685.0,3853.2666666666664,692.3000000000002,8.055157731819678,-16.89,1.204,3150.0,4087.6,,
BOTUCATU,Botucatu,2022,224.9,-32.6,3,96.5,-46.6,5.5,0,600.7,4087.6,4377.3,4049.9666666666667,-289.7000000000003,8.418697944667139,43.84,1.521,4531.0,6033.9,,
BOTUCATU,Botucatu,2023,324.9,-2.7,0,142.1,-21.3,6.8,0,536.6,6033.9,4087.6,4832.933333333333,1946.2999999999997,8.390949464841986,-2.74,1.242,4407.0,3592.9,,
BOTUCATU,Botucatu,2024,180.0,-46.1,52,74.4,-58.8,7.0,0,324.3,3592.9,6033.9,4571.466666666666,-2440.9999999999995,8.444708516387141,5.52,0.787,4650.4,3145.8,,
BOTUCATU,Botucatu,2025,129.1,-61.3,44,91.1,-49.6,1.6,1,284.8,3145.8,3592.9,4257.533333333334,-447.0999999999999,8.483429561263428,3.95,0.932,4834.0,3162.6,,
BOTUCATU,Botucatu,2026,214.5,-35.8,18,170.6,-5.6,7.4,0,450.1,3162.6,3145.8,3300.433333333333,16.799999999999727,8.483429561263428,0.0,1.037,4834.0,,,
CAMPINAS,Campinas,1992,0.0,-100.0,0,0.0,-100.0,,0,0.0,2280.0,,2280.0,,6.413458957167357,144.0,,610.0,1658.4,,
CAMPINAS,Campinas,1993,0.0,-100.0,0,0.0,-100.0,,0,0.0,1658.4,2280.0,1969.2,-621.5999999999999,7.01211529430638,81.97,,1110.0,4545.9,,
CAMPINAS,Campinas,1994,0.0,-100.0,0,0.0,-100.0,,0,0.0,4545.9,1658.4,2828.1,2887.4999999999995,7.1308988302963465,12.61,,1250.0,5664.0,,
CAMPINAS,Campinas,1995,0.0,-100.0,0,0.0,-100.0,,0,0.0,5664.0,4545.9,3956.1,1118.1000000000004,7.6984827878809465,76.4,,2205.0,4345.6,,
CAMPINAS,Campinas,1996,0.0,-100.0,0,0.0,-100.0,,0,0.0,4345.6,5664.0,4851.833333333333,-1318.3999999999996,6.9985096422506015,-50.34,,1095.0,5732.9,,
CAMPINAS,Campinas,1997,0.0,-100.0,0,0.0,-100.0,,0,0.0,5732.9,4345.6,5247.5,1387.2999999999993,5.814130531825066,-69.41,1.053,335.0,2834.3,,
CAMPINAS,Campinas,1998,0.0,-100.0,0,0.0,-100.0,,0,0.0,2834.3,5732.9,4304.266666666667,-2898.5999999999995,7.531552381407289,457.01,1.026,1866.0,4998.1,,
CAMPINAS,Campinas,1999,0.0,-100.0,0,0.0,-100.0,,0,0.0,4998.1,2834.3,4521.766666666666,2163.8,7.103322062526113,-34.83,1.057,1216.0,2933.9,,
CAMPINAS,Campinas,2000,364.1,-3.4,0,26.4,-85.5,1.7,1,625.0,2933.9,4998.1,3588.7666666666664,-2064.2000000000003,7.489970898834801,47.2,1.245,1790.0,2822.3,,
CAMPINAS,Campinas,2001,351.2,-6.8,0,133.8,-26.5,4.7,0,644.8,2822.3,2933.9,3584.766666666667,-111.59999999999991,6.173786103901937,-73.18,1.106,480.0,3337.5,,
CAMPINAS,Campinas,2002,353.0,-6.4,0,100.5,-44.8,6.5,0,710.5,3337.5,2822.3,3031.2333333333336,515.1999999999998,7.8119734296220225,414.58,0.936,2470.0,2775.3,,
CAMPINAS,Campinas,2003,294.5,-21.9,0,99.2,-45.5,4.9,0,685.0,2775.3,3337.5,2978.366666666667,-562.1999999999998,7.525963372877588,-24.87,1.398,1855.6,2925.3,,
CAMPINAS,Campinas,2004,426.1,13.0,0,290.6,59.7,5.8,0,820.5,2925.3,2775.3,3012.7000000000003,150.0,7.336936913707618,-17.22,1.12,1536.0,3021.5,,
CAMPINAS,Campinas,2005,349.7,-7.2,0,249.1,36.9,7.9,0,804.0,3021.5,2925.3,2907.366666666667,96.19999999999982,7.4798641311650265,15.36,0.958,1772.0,3093.1,,
CAMPINAS,Campinas,2006,429.8,14.0,0,78.0,-57.2,6.8,0,687.3,3093.1,3021.5,3013.3000000000006,71.59999999999991,6.648984550024776,-56.43,0.962,772.0,3369.2,,
CAMPINAS,Campinas,2007,370.0,-1.8,0,183.3,0.7,4.9,0,749.3,3369.2,3093.1,3161.2666666666664,276.0999999999999,6.282266746896006,-30.7,1.008,535.0,2853.1,,
CAMPINAS,Campinas,2008,460.2,22.1,0,259.1,42.4,6.4,0,889.4,2853.1,3369.2,3105.133333333333,-516.0999999999999,6.927557906278317,90.65,1.229,1020.0,3452.9,,
CAMPINAS,Campinas,2009,399.7,6.0,0,151.6,-16.7,4.5,0,724.1,3452.9,2853.1,3225.066666666667,599.8000000000002,7.336285660021297,50.49,1.074,1535.0,3611.7,,
CAMPINAS,Campinas,2010,405.3,7.5,0,160.4,-11.9,5.6,0,802.6,3611.7,3452.9,3305.9,158.79999999999973,4.867534450455582,-91.53,0.836,130.0,4246.2,,
CAMPINAS,Campinas,2011,462.1,22.6,0,178.8,-1.7,3.1,0,861.6,4246.2,3611.7,3770.2666666666664,634.5,5.857933154483459,169.23,1.011,350.0,2742.9,,
CAMPINAS,Campinas,2012,327.8,-13.0,0,324.9,78.6,5.6,0,780.7,2742.9,4246.2,3533.6,-1503.2999999999997,7.038783541388542,225.71,1.221,1140.0,3152.6,,
CAMPINAS,Campinas,2013,440.4,16.8,0,271.3,49.1,5.2,0,820.1,3152.6,2742.9,3380.566666666667,409.6999999999998,6.984716320118266,-5.26,1.08,1080.0,3703.3,,
CAMPINAS,Campinas,2014,264.6,-29.8,14,134.6,-26.0,6.2,0,422.5,3703.3,3152.6,3199.6,550.7000000000003,6.813444599510896,-15.74,0.899,910.0,3725.3,,
CAMPINAS,Campinas,2015,377.9,0.3,0,141.3,-22.3,7.9,0,598.9,3725.3,3703.3,3527.066666666667,22.0,6.907755278982137,9.89,0.965,1000.0,3702.0,,
CAMPINAS,Campinas,2016,374.4,-0.7,0,201.5,10.7,2.8,0,771.7,3702.0,3725.3,3710.2000000000003,-23.300000000000182,6.877296071497429,-3.0,1.16,970.0,3566.0,,
CAMPINAS,Campinas,2017,340.7,-9.6,0,319.3,75.5,6.3,0,870.4,3566.0,3702.0,3664.433333333333,-136.0,6.835184586147301,-4.12,1.265,930.0,4480.6,,
CAMPINAS,Campinas,2018,234.2,-37.9,0,44.4,-75.6,5.4,0,442.7,4480.6,3566.0,3916.2000000000003,914.6000000000004,6.8690144506657065,3.44,0.849,962.0,4412.1,,
CAMPINAS,Campinas,2019,458.5,21.6,1,179.1,-1.5,4.2,0,743.6,4412.1,4480.6,4152.900000000001,-68.5,7.02108396428914,16.42,1.065,1120.0,4556.2,,
CAMPINAS,Campinas,2020,418.3,11.0,0,138.6,-23.8,5.2,0,745.4,4556.2,4412.1,4482.966666666666,144.09999999999945,6.733401891837359,-25.0,1.144,840.0,4221.4,,
CAMPINAS,Campinas,2021,232.5,-38.3,6,68.2,-62.5,2.4,0,410.7,4221.4,4556.2,4396.566666666667,-334.8000000000002,7.501082124259871,115.48,1.204,1810.0,4956.5,,
CAMPINAS,Campinas,2022,238.7,-36.7,0,91.8,-49.5,4.2,0,576.6,4956.5,4221.4,4578.033333333333,735.1000000000004,6.966024187106113,-41.44,1.521,1060.0,3803.8,,
CAMPINAS,Campinas,2023,391.7,3.9,0,162.0,-11.0,5.4,0,650.6,3803.8,4956.5,4327.233333333333,-1152.6999999999998,7.749322464660356,118.87,1.242,2320.0,4364.2,,
CAMPINAS,Campinas,2024,219.9,-41.6,20,66.1,-63.7,7.4,0,414.6,4364.2,3803.8,4374.833333333333,560.3999999999996,7.649692623711514,-9.48,0.787,2100.0,5150.0,,
CAMPINAS,Campinas,2025,195.4,-48.2,16,73.6,-59.5,2.4,0,356.1,5150.0,4364.2,4439.333333333333,785.8000000000002,7.529943370601589,-11.29,0.932,1863.0,4716.3,,
CAMPINAS,Campinas,2026,291.8,-22.6,0,162.8,-10.5,7.1,0,576.7,4716.3,5150.0,4743.5,-433.6999999999998,7.529943370601589,0.0,1.037,1863.0,,,
FERNANDOPOLIS,Fernandópolis,1992,0.0,-100.0,0,0.0,-100.0,,0,0.0,2126.2,834.5,1480.35,1291.6999999999998,6.824373670043086,-49.73,,920.0,1676.1,,
FERNANDOPOLIS,Fernandópolis,1993,0.0,-100.0,0,0.0,-100.0,,0,0.0,1676.1,2126.2,1545.5999999999997,-450.0999999999999,7.265429723253953,55.43,,1430.0,1743.4,,
FERNANDOPOLIS,Fernandópolis,1994,0.0,-100.0,0,0.0,-100.0,,0,0.0,1743.4,1676.1,1848.5666666666666,67.30000000000018,7.038783541388542,-20.28,,1140.0,1139.5,,
FERNANDOPOLIS,Fernandópolis,1995,0.0,-100.0,0,0.0,-100.0,,0,0.0,1139.5,1743.4,1519.6666666666667,-603.9000000000001,7.258412150595307,24.56,,1420.0,1683.8,,
FERNANDOPOLIS,Fernandópolis,1996,0.0,-100.0,0,0.0,-100.0,,0,0.0,1683.8,1139.5,1522.2333333333336,544.3,6.917705609835305,-28.87,,1010.0,1939.6,,
FERNANDOPOLIS,Fernandópolis,1997,0.0,-100.0,0,0.0,-100.0,,0,0.0,1939.6,1683.8,1587.6333333333332,255.79999999999995,7.31986492980897,49.5,1.053,1510.0,1668.9,,
FERNANDOPOLIS,Fernandópolis,1998,0.0,-100.0,0,0.0,-100.0,,0,0.0,1668.9,1939.6,1764.1000000000001,-270.6999999999998,7.474204806496124,16.69,1.026,1762.0,1905.7,,
FERNANDOPOLIS,Fernandópolis,1999,0.0,-100.0,0,0.0,-100.0,,0,0.0,1905.7,1668.9,1838.0666666666668,236.79999999999995,7.608374474380783,14.36,1.057,2015.0,1838.7,,
FERNANDOPOLIS,Fernandópolis,2000,576.4,43.1,0,46.0,-66.1,4.2,0,900.0,1838.7,1905.7,1804.4333333333334,-67.0,7.705262474866325,10.17,1.245,2220.0,1897.3,,
FERNANDOPOLIS,Fernandópolis,2001,310.8,-22.9,4,149.9,10.4,6.5,0,563.1,1897.3,1838.7,1880.5666666666666,58.59999999999991,7.549609165154532,-14.41,1.106,1900.0,1862.5,,
FERNANDOPOLIS,Fernandópolis,2002,423.0,5.0,0,70.0,-48.5,9.4,0,730.6,1862.5,1897.3,1866.1666666666667,-34.799999999999955,7.8119734296220225,30.0,0.936,2470.0,1911.7,,
FERNANDOPOLIS,Fernandópolis,2003,558.8,38.7,0,184.6,35.9,8.2,0,1048.1,1911.7,1862.5,1890.5,49.200000000000045,7.969011781106478,17.0,1.398,2890.0,2358.5,,
FERNANDOPOLIS,Fernandópolis,2004,361.8,-10.2,0,198.0,45.8,7.6,0,727.6,2358.5,1911.7,2044.2333333333333,446.79999999999995,7.237059026124737,-51.9,1.12,1390.0,1802.2,,
FERNANDOPOLIS,Fernandópolis,2005,210.9,-47.7,1,127.1,-6.5,10.4,0,667.4,1802.2,2358.5,2024.1333333333332,-556.3,8.140315540159985,146.76,0.958,3430.0,3131.2,,
FERNANDOPOLIS,Fernandópolis,2006,624.1,54.9,0,111.6,-17.8,9.4,0,879.9,3131.2,1802.2,2430.633333333333,1328.9999999999998,7.142827401161621,-63.12,0.962,1265.0,1572.3,,
FERNANDOPOLIS,Fernandópolis,2007,342.4,-15.0,0,115.5,-15.0,7.3,0,933.4,1572.3,3131.2,2168.5666666666666,-1558.8999999999999,7.122866658599083,-1.98,1.008,1240.0,1749.2,,
FERNANDOPOLIS,Fernandópolis,2008,531.4,31.9,0,174.4,28.4,9.9,0,885.0,1749.2,1572.3,2150.9,176.9000000000001,6.844176297339265,-24.32,1.229,938.4,2198.1,,
FERNANDOPOLIS,Fernandópolis,2009,464.2,15.2,0,112.6,-17.1,6.3,0,774.7,2198.1,1749.2,1839.8666666666668,448.89999999999986,6.745236349484363,-9.42,1.074,850.0,1969.4,,
FERNANDOPOLIS,Fernandópolis,2010,352.2,-12.6,0,68.4,-49.7,9.9,0,712.5,1969.4,2198.1,1972.2333333333333,-228.69999999999982,6.684611727667927,-5.88,0.836,800.0,2107.5,,
FERNANDOPOLIS,Fernandópolis,2011,758.7,88.3,0,93.6,-31.1,6.2,0,1099.0,2107.5,1969.4,2091.6666666666665,138.0999999999999,6.7912214627261855,11.25,1.011,890.0,1934.8,,
FERNANDOPOLIS,Fernandópolis,2012,261.6,-35.1,5,288.1,112.1,7.6,0,732.2,1934.8,2107.5,2003.9000000000003,-172.70000000000005,6.543048163346141,-21.98,1.221,694.4,1885.0,,
FERNANDOPOLIS,Fernandópolis,2013,381.3,-5.4,0,169.5,24.8,8.0,0,646.2,1885.0,1934.8,1975.7666666666667,-49.799999999999955,6.280395838960195,-23.1,1.08,534.0,1377.5,,
FERNANDOPOLIS,Fernandópolis,2014,366.3,-9.1,14,61.1,-55.0,10.8,0,510.6,1377.5,1885.0,1732.4333333333334,-507.5,6.468009236897099,20.64,0.899,644.2,1906.4,,
FERNANDOPOLIS,Fernandópolis,2015,465.8,15.6,1,142.1,4.6,12.8,0,708.6,1906.4,1377.5,1722.9666666666665,528.9000000000001,6.4457198193855785,-2.2,0.965,630.0,1942.9,,
FERNANDOPOLIS,Fernandópolis,2016,284.9,-29.3,12,173.6,27.8,5.9,0,674.8,1942.9,1906.4,1742.2666666666667,36.5,6.923628628138427,61.27,1.16,1016.0,2295.8,,
FERNANDOPOLIS,Fernandópolis,2017,388.4,-3.6,0,220.0,62.0,8.0,0,831.0,2295.8,1942.9,2048.366666666667,352.9000000000001,6.802394763324311,-11.42,1.265,900.0,2900.0,,
FERNANDOPOLIS,Fernandópolis,2018,261.7,-35.0,0,82.8,-39.0,9.0,0,484.8,2900.0,2295.8,2379.566666666667,604.1999999999998,6.854354502255021,5.33,0.849,948.0,3438.0,,
FERNANDOPOLIS,Fernandópolis,2019,417.4,3.6,11,119.9,-11.7,5.4,0,532.5,3438.0,2900.0,2877.933333333333,538.0,6.849066282633458,-0.53,1.065,943.0,3391.6,,
FERNANDOPOLIS,Fernandópolis,2020,292.8,-27.3,7,53.6,-60.6,10.1,0,505.4,3391.6,3438.0,3243.2000000000003,-46.40000000000009,7.098375638590786,28.31,1.144,1210.0,3143.8,,
FERNANDOPOLIS,Fernandópolis,2021,174.9,-56.6,51,48.8,-64.1,5.6,0,288.8,3143.8,3391.6,3324.4666666666667,-247.79999999999973,7.24422751560335,15.7,1.204,1400.0,2485.7,,
FERNANDOPOLIS,Fernandópolis,2022,295.5,-26.7,13,97.8,-28.0,7.0,0,590.1,2485.7,3143.8,3007.0333333333333,-658.1000000000004,7.2868764117507,4.36,1.521,1461.0,3847.9,,
FERNANDOPOLIS,Fernandópolis,2023,423.9,5.2,0,166.2,22.4,8.2,0,819.1,3847.9,2485.7,3159.1333333333337,1362.2000000000003,7.098375638590786,-17.18,1.242,1210.0,3494.7,,
FERNANDOPOLIS,Fernandópolis,2024,320.1,-20.6,46,54.9,-59.6,12.1,0,447.2,3494.7,3847.9,3276.1,-353.2000000000003,7.1731917424865985,7.77,0.787,1304.0,3758.1,,
FERNANDOPOLIS,Fernandópolis,2025,170.5,-57.7,61,84.0,-38.1,6.8,0,306.8,3758.1,3494.7,3700.233333333333,263.4000000000001,6.927557906278317,-21.78,0.932,1020.0,3970.6,,
FERNANDOPOLIS,Fernandópolis,2026,361.5,-10.3,23,190.0,39.9,11.9,0,611.0,3970.6,3758.1,3741.133333333333,212.5,6.927557906278317,0.0,1.037,1020.0,,,
FRANCA,Franca,1992,0.0,-100.0,0,0.0,-100.0,,0,0.0,1727.9,2475.4,2101.65,-747.5,9.454070556898781,103.83,,12760.0,2811.6,,
FRANCA,Franca,1993,0.0,-100.0,0,0.0,-100.0,,0,0.0,2811.6,1727.9,2338.2999999999997,1083.6999999999998,9.28868933838716,-15.24,,10815.0,2381.6,,
FRANCA,Franca,1994,0.0,-100.0,0,0.0,-100.0,,0,0.0,2381.6,2811.6,2307.0333333333333,-430.0,9.422625179955517,14.33,,12365.0,2144.0,,
FRANCA,Franca,1995,0.0,-100.0,0,0.0,-100.0,,0,0.0,2144.0,2381.6,2445.7333333333336,-237.5999999999999,9.347490210123416,-7.24,,11470.0,2354.5,,
FRANCA,Franca,1996,0.0,-100.0,0,0.0,-100.0,,0,0.0,2354.5,2144.0,2293.366666666667,210.5,9.341368634382587,-0.61,,11400.0,2625.0,,
FRANCA,Franca,1997,0.0,-100.0,0,0.0,-100.0,,0,0.0,2625.0,2354.5,2374.5,270.5,9.382190628902842,4.17,1.053,11875.0,1643.2,,
FRANCA,Franca,1998,0.0,-100.0,0,0.0,-100.0,,0,0.0,1643.2,2625.0,2207.5666666666666,-981.8,9.267665438595452,-10.82,1.026,10590.0,2674.5,,
FRANCA,Franca,1999,0.0,-100.0,0,0.0,-100.0,,0,0.0,2674.5,1643.2,2314.233333333333,1031.3,9.534595424658804,30.59,1.057,13830.0,1785.2,,
FRANCA,Franca,2000,517.3,17.6,0,35.3,-75.6,2.5,0,962.3,1785.2,2674.5,2034.3,-889.3,9.566615235893575,3.25,1.245,14280.0,2664.9,,
FRANCA,Franca,2001,328.6,-25.3,0,114.5,-20.7,6.5,0,574.1,2664.9,1785.2,2374.866666666667,879.7,8.480529207044645,-66.25,1.106,4820.0,2259.3,,
FRANCA,Franca,2002,436.3,-0.8,0,48.8,-66.2,7.0,0,730.1,2259.3,2664.9,2236.4666666666667,-405.5999999999999,8.37793112408273,-9.75,0.936,4350.0,1975.2,,
FRANCA,Franca,2003,483.1,9.9,0,194.5,34.8,6.3,0,1076.4,1975.2,2259.3,2299.7999999999997,-284.10000000000014,7.955074273262696,-34.48,1.398,2850.0,2878.9,,
FRANCA,Franca,2004,625.9,42.3,0,272.0,88.5,5.8,0,1033.8,2878.9,1975.2,2371.1333333333337,903.7,7.882314918980268,-7.02,1.12,2650.0,3311.3,,
FRANCA,Franca,2005,413.4,-6.0,0,209.5,45.2,9.1,0,770.9,3311.3,2878.9,2721.8,432.4000000000001,7.8898337513942955,0.75,0.958,2670.0,2867.4,,
FRANCA,Franca,2006,473.2,7.6,0,89.1,-38.2,7.9,0,746.3,2867.4,3311.3,3019.2000000000003,-443.9000000000001,7.659171367666058,-20.6,0.962,2120.0,2806.1,,
FRANCA,Franca,2007,352.4,-19.9,0,111.7,-22.6,6.5,0,778.7,2806.1,2867.4,2994.933333333333,-61.30000000000018,7.912056888179006,28.77,1.008,2730.0,3120.9,,
FRANCA,Franca,2008,590.6,34.3,0,219.3,52.0,8.2,0,942.9,3120.9,2806.1,2931.4666666666667,314.8000000000002,7.731930721948486,-16.48,1.229,2280.0,2973.7,,
FRANCA,Franca,2009,455.1,3.5,0,156.9,8.7,3.9,0,864.1,2973.7,3120.9,2966.9,-147.20000000000027,7.77485576666552,4.39,1.074,2380.0,3093.3,,
FRANCA,Franca,2010,338.1,-23.1,0,72.4,-49.8,7.3,0,675.3,3093.3,2973.7,3062.633333333333,119.60000000000036,7.554858521040676,-19.75,0.836,1910.0,3412.5,,
FRANCA,Franca,2011,620.0,41.0,0,161.4,11.8,4.8,0,921.2,3412.5,3093.3,3159.8333333333335,319.1999999999998,7.753623546559746,21.99,1.011,2330.0,3170.0,,
FRANCA,Franca,2012,297.9,-32.3,0,201.1,39.3,4.9,0,738.2,3170.0,3412.5,3225.2666666666664,-242.5,7.346010209913293,-33.48,1.221,1550.0,4529.0,,
FRANCA,Franca,2013,439.8,0.0,0,215.0,49.0,5.9,0,805.0,4529.0,3170.0,3703.8333333333335,1359.0,6.976348070447749,-30.9,1.08,1071.0,4051.5,,
FRANCA,Franca,2014,275.4,-37.4,10,99.3,-31.2,9.4,0,376.8,4051.5,4529.0,3916.8333333333335,-477.5,7.222566018822171,27.92,0.899,1370.0,4572.3,,
FRANCA,Franca,2015,496.6,12.9,0,163.0,12.9,9.8,0,706.3,4572.3,4051.5,4384.266666666666,520.8000000000002,7.506591780070841,32.85,0.965,1820.0,4628.6,,
FRANCA,Franca,2016,400.2,-9.0,0,99.3,-31.2,4.1,0,805.6,4628.6,4572.3,4417.466666666667,56.30000000000018,7.313220387090301,-17.58,1.16,1500.0,4280.0,,
FRANCA,Franca,2017,306.7,-30.2,0,159.6,10.6,7.5,0,684.9,4280.0,4628.6,4493.633333333334,-348.60000000000036,7.517520850603031,22.67,1.265,1840.0,5047.8,,
FRANCA,Franca,2018,454.5,3.4,0,81.7,-43.4,6.2,0,731.9,5047.8,4280.0,4652.133333333333,767.8000000000002,7.745002803515839,25.54,0.849,2310.0,6361.0,,
FRANCA,Franca,2019,578.2,31.5,3,168.8,17.0,4.1,0,724.1,6361.0,5047.8,5229.599999999999,1313.1999999999998,7.258412150595307,-38.53,1.065,1420.0,5543.7,,
FRANCA,Franca,2020,428.9,-2.5,0,47.9,-66.8,7.2,0,724.4,5543.7,6361.0,5650.833333333333,-817.3000000000002,6.872128101338986,-32.04,1.144,965.0,4569.9,,
FRANCA,Franca,2021,262.1,-40.4,7,80.8,-44.0,4.0,0,402.4,4569.9,5543.7,5491.533333333333,-973.8000000000002,8.001355025826703,209.33,1.204,2985.0,4484.6,,
FRANCA,Franca,2022,344.8,-21.6,0,78.0,-46.0,4.1,0,673.4,4484.6,4569.9,4866.066666666667,-85.29999999999927,8.210668031162976,23.28,1.521,3680.0,4593.8,,
FRANCA,Franca,2023,351.3,-20.1,0,131.5,-8.9,7.9,0,666.8,4593.8,4484.6,4549.433333333333,109.19999999999982,8.407824654360873,21.79,1.242,4482.0,4867.2,,
FRANCA,Franca,2024,291.6,-33.7,28,29.1,-79.8,9.7,0,397.9,4867.2,4593.8,4648.533333333334,273.39999999999964,8.06777619577889,-28.83,0.787,3190.0,4559.2,,
FRANCA,Franca,2025,240.0,-45.4,11,94.6,-34.5,4.6,0,397.9,4559.2,4867.2,4673.400000000001,-308.0,8.086410275323782,1.88,0.932,3250.0,5513.5,,
FRANCA,Franca,2026,398.9,-9.3,0,105.6,-26.8,9.4,0,662.3,5513.5,4559.2,4979.966666666667,954.3000000000002,8.086410275323782,0.0,1.037,3250.0,,,
GENERAL SALGADO,General Salgado,1992,0.0,-100.0,0,0.0,-100.0,,0,0.0,2569.7,2452.9,2511.3,116.79999999999973,7.145196134997171,6.29,,1268.0,2303.9,,
GENERAL SALGADO,General Salgado,1993,0.0,-100.0,0,0.0,-100.0,,0,0.0,2303.9,2569.7,2442.1666666666665,-265.7999999999997,7.940227765145702,121.45,,2808.0,2807.7,,
GENERAL SALGADO,General Salgado,1994,0.0,-100.0,0,0.0,-100.0,,0,0.0,2807.7,2303.9,2560.4333333333334,503.7999999999997,7.433666540166168,-39.74,,1692.0,2197.1,,
GENERAL SALGADO,General Salgado,1995,0.0,-100.0,0,0.0,-100.0,,0,0.0,2197.1,2807.7,2436.233333333333,-610.5999999999999,7.56164174558878,13.65,,1923.0,1934.0,,
GENERAL SALGADO,General Salgado,1996,0.0,-100.0,0,0.0,-100.0,,0,0.0,1934.0,2197.1,2312.9333333333334,-263.0999999999999,7.453561871643373,-10.24,,1726.0,2557.1,,
GENERAL SALGADO,General Salgado,1997,0.0,-100.0,0,0.0,-100.0,,0,0.0,2557.1,1934.0,2229.4,623.0999999999999,7.937374696163295,62.22,1.053,2800.0,2902.5,,
GENERAL SALGADO,General Salgado,1998,0.0,-100.0,0,0.0,-100.0,,0,0.0,2902.5,2557.1,2464.5333333333333,345.4000000000001,8.292798858200374,42.68,1.026,3995.0,2726.8,,
GENERAL SALGADO,General Salgado,1999,0.0,-100.0,0,0.0,-100.0,,0,0.0,2726.8,2902.5,2728.7999999999997,-175.69999999999982,8.03398273468322,-22.8,1.057,3084.0,2946.5,,
GENERAL SALGADO,General Salgado,2000,509.7,39.6,0,46.5,-69.8,2.6,0,751.9,2946.5,2726.8,2858.6,219.69999999999982,8.447199819595703,51.17,1.245,4662.0,2486.4,,
GENERAL SALGADO,General Salgado,2001,407.4,11.6,1,196.8,28.1,6.0,0,716.3,2486.4,2946.5,2719.9,-460.0999999999999,7.888709524182015,-42.79,1.106,2667.0,3176.8,,
GENERAL SALGADO,General Salgado,2002,335.8,-8.0,6,91.9,-40.2,8.5,0,622.8,3176.8,2486.4,2869.9,690.4000000000001,7.930961317200417,4.32,0.936,2782.1,2376.6,,
GENERAL SALGADO,General Salgado,2003,478.4,31.0,1,161.2,4.9,7.3,0,867.1,2376.6,3176.8,2679.933333333333,-800.2000000000003,8.421783006611578,63.37,1.398,4545.0,3322.1,,
GENERAL SALGADO,General Salgado,2004,374.6,2.6,1,245.7,59.9,5.8,0,749.8,3322.1,2376.6,2958.5,945.5,8.03268487596762,-32.23,1.12,3080.0,3035.0,,
GENERAL SALGADO,General Salgado,2005,160.1,-56.1,37,147.0,-4.3,8.7,0,595.0,3035.0,3322.1,2911.2333333333336,-287.0999999999999,7.775695749915245,-22.66,0.958,2382.0,3513.3,,
GENERAL SALGADO,General Salgado,2006,548.6,50.3,1,124.6,-18.9,8.0,0,786.1,3513.3,3035.0,3290.133333333333,478.3000000000002,7.3796321526095525,-32.7,0.962,1603.0,4224.7,,
GENERAL SALGADO,General Salgado,2007,315.7,-13.5,0,113.8,-25.9,6.3,0,903.5,4224.7,3513.3,3591.0,711.3999999999996,7.133295954896068,-21.83,1.008,1253.0,3344.8,,
GENERAL SALGADO,General Salgado,2008,478.3,31.0,0,192.3,25.2,8.7,0,831.1,3344.8,4224.7,3694.2666666666664,-879.8999999999996,7.531552381407289,48.92,1.229,1866.0,3625.4,,
GENERAL SALGADO,General Salgado,2009,400.2,9.6,5,117.6,-23.5,5.8,0,769.5,3625.4,3344.8,3731.6333333333337,280.5999999999999,7.2213974531034495,-26.67,1.074,1368.4,3963.7,,
GENERAL SALGADO,General Salgado,2010,253.4,-30.6,1,69.2,-55.0,9.1,0,567.5,3963.7,3625.4,3644.6333333333337,338.2999999999997,7.0304152917180245,-17.39,0.836,1130.5,4001.3,,
GENERAL SALGADO,General Salgado,2011,642.1,75.8,0,111.6,-27.4,3.5,0,990.1,4001.3,3963.7,3863.4666666666667,37.600000000000364,7.293017679772782,30.03,1.011,1470.0,3822.9,,
GENERAL SALGADO,General Salgado,2012,202.9,-44.4,30,350.2,127.9,6.7,0,685.3,3822.9,4001.3,3929.3000000000006,-178.4000000000001,7.380879035564116,9.18,1.221,1605.0,3729.7,,
GENERAL SALGADO,General Salgado,2013,351.9,-3.6,0,212.5,38.3,5.8,0,693.8,3729.7,3822.9,3851.3000000000006,-93.20000000000027,7.761319180947987,46.29,1.08,2348.0,4543.6,,
GENERAL SALGADO,General Salgado,2014,315.9,-13.5,16,65.5,-57.4,8.4,0,439.1,4543.6,3729.7,4032.066666666666,813.9000000000005,7.635767546868162,-11.8,0.899,2070.96,3141.5,,
GENERAL SALGADO,General Salgado,2015,386.5,5.9,1,117.4,-23.6,12.7,0,602.5,3141.5,4543.6,3804.933333333333,-1402.1000000000004,7.6544432264701125,1.89,0.965,2110.0,4271.1,,
GENERAL SALGADO,General Salgado,2016,347.1,-4.9,1,208.1,35.4,4.4,0,748.1,4271.1,3141.5,3985.4,1129.6000000000004,8.149295507455024,64.03,1.16,3460.94,2914.4,,
GENERAL SALGADO,General Salgado,2017,346.1,-5.2,1,271.8,76.9,6.3,0,766.8,2914.4,4271.1,3442.3333333333335,-1356.7000000000003,7.89655270164304,-22.33,1.265,2688.0,4449.4,,
GENERAL SALGADO,General Salgado,2018,293.4,-19.7,0,58.1,-62.2,8.3,0,515.7,4449.4,2914.4,3878.2999999999997,1534.9999999999995,8.112314911090964,24.08,0.849,3335.29,4035.8,,
GENERAL SALGADO,General Salgado,2019,356.3,-2.4,14,113.4,-26.2,4.6,0,481.0,4035.8,4449.4,3799.866666666667,-413.59999999999945,8.22761599101,12.22,1.065,3742.9,3599.1,,
GENERAL SALGADO,General Salgado,2020,307.9,-15.7,8,104.0,-32.3,8.0,0,581.5,3599.1,4035.8,4028.1,-436.7000000000003,8.223090551161533,-0.45,1.144,3726.0,4110.5,,
GENERAL SALGADO,General Salgado,2021,182.5,-50.0,54,59.8,-61.1,4.9,0,325.1,4110.5,3599.1,3915.1333333333337,511.4000000000001,8.128712035988336,-9.01,1.204,3390.43,2623.4,,
GENERAL SALGADO,General Salgado,2022,268.4,-26.5,17,97.2,-36.7,6.9,0,566.4,2623.4,4110.5,3444.3333333333335,-1487.1,8.000751828864612,-12.01,1.521,2983.2,4534.7,,
GENERAL SALGADO,General Salgado,2023,345.0,-5.5,1,178.0,15.9,7.1,0,634.2,4534.7,2623.4,3756.2000000000003,1911.2999999999997,7.930925372483388,-6.74,1.242,2782.0,3942.5,,
GENERAL SALGADO,General Salgado,2024,284.6,-22.1,50,76.3,-50.4,10.2,0,421.5,3942.5,4534.7,3700.2000000000003,-592.1999999999998,7.86172707782398,-6.69,0.787,2596.0,3393.8,,
GENERAL SALGADO,General Salgado,2025,219.8,-39.8,54,122.1,-20.5,4.8,0,355.3,3393.8,3942.5,3957.0,-548.6999999999998,7.872836175025724,1.12,0.932,2625.0,4904.5,,
GENERAL SALGADO,General Salgado,2026,300.2,-17.8,38,223.4,45.4,9.2,0,541.5,4904.5,3393.8,4080.2666666666664,1510.6999999999998,7.872836175025724,0.0,1.037,2625.0,,,
ITAPETININGA,Itapetininga,1992,0.0,-100.0,0,0.0,-100.0,,0,0.0,1642.1,1800.0,1721.05,-157.9000000000001,5.857933154483459,-63.16,,350.0,2142.9,,
ITAPETININGA,Itapetininga,1993,0.0,-100.0,0,0.0,-100.0,,0,0.0,2142.9,1642.1,1861.6666666666667,500.8000000000002,6.709304340258298,134.29,,820.0,2312.2,,
ITAPETININGA,Itapetininga,1994,0.0,-100.0,0,0.0,-100.0,,0,0.0,2312.2,2142.9,2032.4000000000003,169.29999999999973,7.23561914106675,69.27,,1388.0,2011.8,,
ITAPETININGA,Itapetininga,1995,0.0,-100.0,0,0.0,-100.0,,0,0.0,2011.8,2312.2,2155.633333333333,-300.39999999999986,7.6362696033793735,49.28,,2072.0,1898.5,,
ITAPETININGA,Itapetininga,1996,0.0,-100.0,0,0.0,-100.0,,0,0.0,1898.5,2011.8,2074.1666666666665,-113.29999999999995,7.403670290012373,-20.75,,1642.0,2094.5,,
ITAPETININGA,Itapetininga,1997,0.0,-100.0,0,0.0,-100.0,,0,0.0,2094.5,1898.5,2001.6000000000001,196.0,7.749753406274437,41.35,1.053,2321.0,2248.9,,
ITAPETININGA,Itapetininga,1998,0.0,-100.0,0,0.0,-100.0,,0,0.0,2248.9,2094.5,2080.633333333333,154.4000000000001,7.870547844507712,12.84,1.026,2619.0,2881.5,,
ITAPETININGA,Itapetininga,1999,0.0,-100.0,0,0.0,-100.0,,0,0.0,2881.5,2248.9,2408.2999999999997,632.5999999999999,8.282483003730562,50.97,1.057,3954.0,2674.7,,
ITAPETININGA,Itapetininga,2000,299.2,-14.4,0,38.3,-81.1,-0.4,3,550.8,2674.7,2881.5,2601.7000000000003,-206.80000000000018,9.040737587590003,113.45,1.245,8440.0,3252.4,,
ITAPETININGA,Itapetininga,2001,344.6,-1.4,0,213.0,5.2,1.3,1,697.4,3252.4,2674.7,2936.2000000000003,577.7000000000003,8.507142855562735,-41.35,1.106,4950.0,3420.6,,
ITAPETININGA,Itapetininga,2002,273.5,-21.7,0,128.5,-36.5,5.7,0,618.2,3420.6,3252.4,3115.9,168.19999999999982,8.808369153122275,35.15,0.936,6690.0,3549.1,,
ITAPETININGA,Itapetininga,2003,357.7,2.4,4,154.1,-23.8,4.3,0,724.1,3549.1,3420.6,3407.366666666667,128.5,9.355306142226368,72.8,1.398,11560.0,3669.6,,
ITAPETININGA,Itapetininga,2004,335.1,-4.1,0,249.4,23.2,4.5,0,778.1,3669.6,3549.1,3546.433333333333,120.5,8.83200393125627,-40.74,1.12,6850.0,4059.9,,
ITAPETININGA,Itapetininga,2005,175.8,-49.7,9,173.5,-14.3,5.4,0,478.9,4059.9,3669.6,3759.5333333333333,390.3000000000002,8.493310250952906,-28.73,0.958,4882.0,3816.1,,
ITAPETININGA,Itapetininga,2006,485.9,39.1,4,127.6,-37.0,6.8,0,715.2,3816.1,4059.9,3848.5333333333333,-243.80000000000018,8.623353387244627,13.89,0.962,5560.0,3818.0,,
ITAPETININGA,Itapetininga,2007,374.0,7.0,1,172.8,-14.6,3.0,0,779.9,3818.0,3816.1,3898.0,1.900000000000091,8.768729817231666,15.65,1.008,6430.0,4051.6,,
ITAPETININGA,Itapetininga,2008,469.4,34.3,0,296.7,46.6,3.4,0,866.4,4051.6,3818.0,3895.2333333333336,233.5999999999999,9.568014816247999,122.4,1.229,14300.0,5379.0,,
ITAPETININGA,Itapetininga,2009,412.3,18.0,2,208.7,3.1,3.7,0,811.0,5379.0,4051.6,4416.2,1327.4,9.631022445889208,6.5,1.074,15230.0,5191.6,,
ITAPETININGA,Itapetininga,2010,375.9,7.6,0,175.7,-13.2,4.2,0,798.9,5191.6,5379.0,4874.066666666667,-187.39999999999964,9.423837546238587,-18.71,0.836,12380.0,5456.0,,
ITAPETININGA,Itapetininga,2011,387.9,11.0,0,157.8,-22.0,4.0,0,788.2,5456.0,5191.6,5342.2,264.39999999999964,9.150802659259986,-23.89,1.011,9422.0,4408.1,,
ITAPETININGA,Itapetininga,2012,248.4,-28.9,8,311.6,54.0,5.5,0,693.1,4408.1,5456.0,5018.566666666667,-1047.8999999999996,8.641772634638931,-39.89,1.221,5663.36,5341.4,,
ITAPETININGA,Itapetininga,2013,376.8,7.8,1,298.3,47.4,3.4,0,728.9,5341.4,4408.1,5068.5,933.2999999999993,9.587406005562649,157.44,1.08,14580.0,4961.3,,
ITAPETININGA,Itapetininga,2014,253.3,-27.5,19,162.3,-19.8,5.5,0,441.3,4961.3,5341.4,4903.6,-380.09999999999945,8.92930284224307,-48.22,0.899,7550.0,4364.5,,
ITAPETININGA,Itapetininga,2015,339.4,-2.9,2,118.5,-41.5,7.5,0,511.3,4364.5,4961.3,4889.066666666667,-596.8000000000002,9.51044496442652,78.81,0.965,13500.0,4734.2,,
ITAPETININGA,Itapetininga,2016,357.6,2.3,1,259.1,28.0,-0.6,1,823.5,4734.2,4364.5,4686.666666666667,369.6999999999998,9.975808214115753,59.26,1.16,21500.0,5518.0,,
ITAPETININGA,Itapetininga,2017,325.5,-6.9,5,412.9,104.0,5.2,0,933.5,5518.0,4734.2,4872.233333333334,783.8000000000002,9.893437216682626,-7.91,1.265,19800.0,6263.6,,
ITAPETININGA,Itapetininga,2018,327.2,-6.4,2,76.0,-62.5,6.6,0,575.7,6263.6,5518.0,5505.266666666666,745.6000000000004,10.348333617368143,57.6,0.849,31205.0,5408.4,,
ITAPETININGA,Itapetininga,2019,399.0,14.2,6,193.1,-4.6,1.6,1,641.7,5408.4,6263.6,5730.0,-855.2000000000007,10.419151452942367,7.34,1.065,33495.0,5035.8,,
ITAPETININGA,Itapetininga,2020,369.5,5.7,2,158.5,-21.7,5.7,0,644.0,5035.8,5408.4,5569.266666666667,-372.59999999999945,10.338835035126163,-7.72,1.144,30910.0,4304.0,,
ITAPETININGA,Itapetininga,2021,234.1,-33.0,21,128.7,-36.4,1.0,3,435.5,4304.0,5035.8,4916.066666666667,-731.8000000000002,10.3958945907781,5.87,1.204,32725.0,4879.5,,
ITAPETININGA,Itapetininga,2022,270.3,-22.6,3,134.9,-33.4,4.4,0,683.5,4879.5,4304.0,4739.766666666666,575.5,10.280210191778638,-10.92,1.521,29150.0,4133.2,,
ITAPETININGA,Itapetininga,2023,384.4,10.0,0,158.7,-21.6,6.4,0,603.2,4133.2,4879.5,4438.900000000001,-746.3000000000002,9.63215902888696,-47.69,1.242,15247.32,4414.1,,
ITAPETININGA,Itapetininga,2024,198.4,-43.2,34,94.3,-53.4,5.8,0,383.2,4414.1,4133.2,4475.599999999999,280.90000000000055,9.4548868380707,-16.24,0.787,12770.42,4331.2,,
ITAPETININGA,Itapetininga,2025,145.0,-58.5,39,127.6,-37.0,1.1,1,341.5,4331.2,4414.1,4292.833333333333,-82.90000000000055,9.947600127154448,63.68,0.932,20902.0,6282.5,,
ITAPETININGA,Itapetininga,2026,176.5,-49.5,24,183.5,-9.3,5.5,0,405.9,6282.5,4331.2,5009.266666666667,1951.3000000000002,9.947600127154448,0.0,1.037,20902.0,,,
ITAPEVA,Itapeva,1992,0.0,-100.0,0,0.0,-100.0,,0,0.0,2941.5,,2941.5,,8.517193191416238,-57.63,,5000.0,3240.0,,
ITAPEVA,Itapeva,1993,0.0,-100.0,0,0.0,-100.0,,0,0.0,3240.0,2941.5,3090.75,298.5,8.764053269347762,28.0,,6400.0,2803.1,,
ITAPEVA,Itapeva,1994,0.0,-100.0,0,0.0,-100.0,,0,0.0,2803.1,3240.0,2994.866666666667,-436.9000000000001,8.400659375160286,-30.47,,4450.0,2447.2,,
ITAPEVA,Itapeva,1995,0.0,-100.0,0,0.0,-100.0,,0,0.0,2447.2,2803.1,2830.1,-355.9000000000001,8.919988070968524,68.09,,7480.0,2432.1,,
ITAPEVA,Itapeva,1996,0.0,-100.0,0,0.0,-100.0,,0,0.0,2432.1,2447.2,2560.7999999999997,-15.099999999999909,8.389359819906353,-41.18,,4400.0,2454.5,,
ITAPEVA,Itapeva,1997,0.0,-100.0,0,0.0,-100.0,,0,0.0,2454.5,2432.1,2444.6,22.40000000000009,8.660427359502146,31.14,1.053,5770.0,2627.7,,
ITAPEVA,Itapeva,1998,0.0,-100.0,0,0.0,-100.0,,0,0.0,2627.7,2454.5,2504.7666666666664,173.19999999999982,8.639410824140487,-2.08,1.026,5650.0,3595.2,,
ITAPEVA,Itapeva,1999,0.0,-100.0,0,0.0,-100.0,,0,0.0,3595.2,2627.7,2892.4666666666667,967.5,8.847934753328465,23.19,1.057,6960.0,3547.8,,
ITAPEVA,Itapeva,2000,392.5,12.1,0,87.7,-64.7,-2.4,4,692.6,3547.8,3595.2,3256.9,-47.399999999999636,9.600894867348593,112.33,1.245,14778.0,4042.6,,
ITAPEVA,Itapeva,2001,412.5,17.8,0,327.0,31.6,0.3,1,843.5,4042.6,3547.8,3728.533333333333,494.7999999999997,9.622450022803015,2.18,1.106,15100.0,4156.3,,
ITAPEVA,Itapeva,2002,310.9,-11.2,0,180.6,-27.3,5.5,0,673.6,4156.3,4042.6,3915.566666666667,113.70000000000027,9.842887930407198,24.66,0.936,18824.0,4467.2,,
ITAPEVA,Itapeva,2003,407.8,16.5,0,217.6,-12.4,3.7,0,790.2,4467.2,4156.3,4222.033333333334,310.89999999999964,9.122601457668177,-51.34,1.398,9160.0,5227.1,,
ITAPEVA,Itapeva,2004,346.4,-1.1,0,315.5,27.0,2.2,0,843.7,5227.1,4467.2,4616.866666666666,759.9000000000005,8.840724916761715,-24.56,1.12,6910.0,4701.0,,
ITAPEVA,Itapeva,2005,128.4,-63.3,9,217.4,-12.5,5.0,0,503.5,4701.0,5227.1,4798.433333333333,-526.1000000000004,9.405907155520158,75.98,0.958,12160.0,2914.1,,
ITAPEVA,Itapeva,2006,325.3,-7.1,0,84.5,-66.0,5.8,0,579.3,2914.1,4701.0,4280.733333333334,-1786.9,9.68781601606062,32.57,0.962,16120.0,3968.1,,
ITAPEVA,Itapeva,2007,383.9,9.6,0,208.8,-15.9,2.3,0,800.9,3968.1,2914.1,3861.066666666667,1054.0,10.038018445493734,41.94,1.008,22880.0,4617.0,,
ITAPEVA,Itapeva,2008,363.1,3.7,0,275.3,10.8,2.3,0,701.5,4617.0,3968.1,3833.066666666667,648.9000000000001,9.55393007636626,-38.37,1.229,14100.0,6046.4,,
ITAPEVA,Itapeva,2009,264.8,-24.4,0,211.4,-14.9,1.4,1,720.3,6046.4,4617.0,4877.166666666667,1429.3999999999996,9.493261127326253,-5.89,1.074,13270.0,3448.5,,
ITAPEVA,Itapeva,2010,427.1,22.0,0,250.1,0.7,4.8,0,883.5,3448.5,6046.4,4703.966666666666,-2597.8999999999996,9.827146319279406,39.64,0.836,18530.0,5253.0,,
ITAPEVA,Itapeva,2011,331.8,-5.2,0,188.3,-24.2,0.2,1,668.3,5253.0,3448.5,4915.966666666666,1804.5,10.025705185260378,21.96,1.011,22600.0,3831.0,,
ITAPEVA,Itapeva,2012,276.1,-21.2,6,326.5,31.5,3.7,0,724.5,3831.0,5253.0,4177.5,-1422.0,10.235951767759802,23.4,1.221,27888.0,5294.7,,
ITAPEVA,Itapeva,2013,431.1,23.1,0,388.6,56.4,0.7,1,835.5,5294.7,3831.0,4792.900000000001,1463.6999999999998,10.416610535350802,19.8,1.08,33410.0,5268.0,,
ITAPEVA,Itapeva,2014,291.2,-16.8,11,286.7,15.4,3.5,0,633.0,5268.0,5294.7,4797.900000000001,-26.699999999999818,10.372553242053888,-4.31,0.899,31970.0,4338.3,,
ITAPEVA,Itapeva,2015,552.5,57.8,0,160.9,-35.2,8.5,0,750.4,4338.3,5268.0,4967.0,-929.6999999999998,10.709963418403076,40.13,0.965,44800.0,6077.5,,
ITAPEVA,Itapeva,2016,386.6,10.4,0,286.8,15.4,-1.2,2,872.9,6077.5,4338.3,5227.933333333333,1739.1999999999998,11.218017347426708,66.21,1.16,74460.0,4877.2,,
ITAPEVA,Itapeva,2017,336.2,-4.0,0,446.6,79.8,2.4,0,942.3,4877.2,6077.5,5097.666666666667,-1200.3000000000002,11.273906564497729,5.75,1.265,78740.0,8006.6,,
ITAPEVA,Itapeva,2018,387.1,10.5,0,99.2,-60.1,4.8,0,679.1,8006.6,4877.2,6320.433333333333,3129.4000000000005,11.409895564650684,14.57,0.849,90210.0,4199.2,,
ITAPEVA,Itapeva,2019,401.4,14.6,4,276.7,11.4,0.3,2,745.9,4199.2,8006.6,5694.333333333333,-3807.4000000000005,11.14041145700175,-23.62,1.065,68900.0,7109.3,,
ITAPEVA,Itapeva,2020,239.5,-31.6,5,219.4,-11.7,5.0,0,564.6,7109.3,4199.2,6438.366666666666,2910.1000000000004,11.109458359524737,-3.05,1.144,66800.0,5958.7,,
ITAPEVA,Itapeva,2021,232.0,-33.8,4,138.4,-44.3,-0.1,4,483.6,5958.7,7109.3,5755.733333333334,-1150.6000000000004,11.163651636511807,5.57,1.204,70520.0,5141.2,,
ITAPEVA,Itapeva,2022,255.3,-27.1,5,201.0,-19.1,2.9,0,634.8,5141.2,5958.7,6069.733333333334,-817.5,10.864722968953378,-25.84,1.521,52298.5,5041.0,,
ITAPEVA,Itapeva,2023,392.5,12.1,0,158.6,-36.1,5.1,0,593.4,5041.0,5141.2,5380.3,-100.19999999999982,11.109967212073245,27.79,1.242,66834.0,3273.6,,
ITAPEVA,Itapeva,2024,234.3,-33.1,20,127.5,-48.7,4.7,0,407.5,3273.6,5041.0,4485.266666666666,-1767.4,10.796018236845944,-26.94,0.787,48826.0,6842.5,,
ITAPEVA,Itapeva,2025,190.5,-45.6,13,199.8,-19.5,-0.2,1,447.7,6842.5,3273.6,5052.366666666667,3568.9,11.011109135361826,24.0,0.932,60543.0,6243.1,,
ITAPEVA,Itapeva,2026,204.9,-41.5,11,231.4,-6.8,4.1,0,443.4,6243.1,6842.5,5453.066666666667,-599.3999999999996,11.011109135361826,0.0,1.037,60543.0,,,
LIMEIRA,Limeira,1992,0.0,-100.0,0,0.0,-100.0,,0,0.0,2450.0,4108.9,3279.45,-1658.8999999999996,5.298317366548036,-16.67,,200.0,2040.0,,
LIMEIRA,Limeira,1993,0.0,-100.0,0,0.0,-100.0,,0,0.0,2040.0,2450.0,2866.2999999999997,-410.0,7.094234845924755,502.5,,1205.0,2086.3,,
LIMEIRA,Limeira,1994,0.0,-100.0,0,0.0,-100.0,,0,0.0,2086.3,2040.0,2192.1,46.30000000000018,7.090076835776092,-0.41,,1200.0,2600.5,,
LIMEIRA,Limeira,1995,0.0,-100.0,0,0.0,-100.0,,0,0.0,2600.5,2086.3,2242.266666666667,514.1999999999998,7.346010209913293,29.17,,1550.0,2763.9,,
LIMEIRA,Limeira,1996,0.0,-100.0,0,0.0,-100.0,,0,0.0,2763.9,2600.5,2483.5666666666666,163.4000000000001,6.594413459749778,-52.84,,731.0,2424.6,,
LIMEIRA,Limeira,1997,0.0,-100.0,0,0.0,-100.0,,0,0.0,2424.6,2763.9,2596.3333333333335,-339.3000000000002,7.170119543449628,77.84,1.053,1300.0,3244.6,,
LIMEIRA,Limeira,1998,0.0,-100.0,0,0.0,-100.0,,0,0.0,3244.6,2424.6,2811.0333333333333,820.0,7.029972911706386,-13.08,1.026,1130.0,3472.6,,
LIMEIRA,Limeira,1999,0.0,-100.0,0,0.0,-100.0,,0,0.0,3472.6,3244.6,3047.2666666666664,228.0,6.815639990074331,-19.29,1.057,912.0,2562.5,,
LIMEIRA,Limeira,2000,403.4,14.8,0,21.6,-86.4,2.0,1,665.9,2562.5,3472.6,3093.2333333333336,-910.0999999999999,7.286191714702382,60.09,1.245,1460.0,2632.2,,
LIMEIRA,Limeira,2001,319.2,-9.2,0,121.2,-23.4,5.9,0,634.0,2632.2,2562.5,2889.1,69.69999999999982,7.27931883541462,-0.68,1.106,1450.0,2875.9,,
LIMEIRA,Limeira,2002,348.5,-0.8,0,91.9,-42.0,6.3,0,734.1,2875.9,2632.2,2690.2000000000003,243.70000000000027,6.877296071497429,-33.1,0.936,970.0,2233.0,,
LIMEIRA,Limeira,2003,323.4,-8.0,0,124.3,-21.5,5.9,0,755.7,2233.0,2875.9,2580.3666666666663,-642.9000000000001,7.442492722794441,75.98,1.398,1707.0,3372.4,,
LIMEIRA,Limeira,2004,426.8,21.4,0,267.6,69.0,5.9,0,858.9,3372.4,2233.0,2827.1,1139.4,5.438079308923196,-86.53,1.12,230.0,2517.4,,
LIMEIRA,Limeira,2005,293.8,-16.4,2,150.8,-4.7,7.7,0,693.0,2517.4,3372.4,2707.6,-855.0,6.747586526829315,270.43,0.958,852.0,4272.9,,
LIMEIRA,Limeira,2006,420.2,19.6,0,63.0,-60.2,7.5,0,669.9,4272.9,2517.4,3387.566666666666,1755.4999999999995,6.633318433280377,-10.8,0.962,760.0,3998.7,,
LIMEIRA,Limeira,2007,335.7,-4.5,0,138.9,-12.3,5.1,0,806.0,3998.7,4272.9,3596.3333333333326,-274.1999999999998,6.877296071497429,27.63,1.008,970.0,2681.4,,
LIMEIRA,Limeira,2008,470.7,33.9,0,214.4,35.5,6.7,0,825.6,2681.4,3998.7,3651.0,-1317.2999999999997,6.877296071497429,0.0,1.229,970.0,2718.6,,
LIMEIRA,Limeira,2009,420.4,19.6,0,146.2,-7.6,4.8,0,740.0,2718.6,2681.4,3132.9,37.19999999999982,6.156978985585555,-51.34,1.074,472.0,3255.5,,
LIMEIRA,Limeira,2010,299.3,-14.9,0,109.7,-30.7,5.7,0,622.5,3255.5,2718.6,2885.1666666666665,536.9000000000001,6.366470447731438,23.31,0.836,582.0,3263.9,,
LIMEIRA,Limeira,2011,368.8,4.9,0,131.0,-17.3,4.3,0,743.4,3263.9,3255.5,3079.3333333333335,8.400000000000091,6.313548046277095,-5.15,1.011,552.0,3968.5,,
LIMEIRA,Limeira,2012,242.5,-31.0,3,299.3,89.1,6.4,0,686.8,3968.5,3263.9,3495.9666666666667,704.5999999999999,6.285998094508865,-2.72,1.221,537.0,4481.1,,
LIMEIRA,Limeira,2013,412.7,17.4,0,313.7,98.2,6.0,0,859.4,4481.1,3968.5,3904.5,512.6000000000004,6.630683385642372,41.15,1.08,758.0,4556.6,,
LIMEIRA,Limeira,2014,221.4,-37.0,27,100.7,-36.4,6.6,0,344.5,4556.6,4481.1,4335.400000000001,75.5,7.132497551660044,65.17,0.899,1252.0,3309.1,,
LIMEIRA,Limeira,2015,363.3,3.4,0,124.1,-21.6,9.0,0,577.4,3309.1,4556.6,4115.6,-1247.5000000000005,7.783224016336037,91.69,0.965,2400.0,4497.5,,
LIMEIRA,Limeira,2016,352.9,0.4,0,183.1,15.7,3.2,0,801.2,4497.5,3309.1,4121.066666666667,1188.4,6.948897222313312,-56.58,1.16,1042.0,3841.2,,
LIMEIRA,Limeira,2017,329.2,-6.3,0,285.8,80.6,5.4,0,778.3,3841.2,4497.5,3882.6000000000004,-656.3000000000002,7.271008538280992,38.0,1.265,1438.0,4064.0,,
LIMEIRA,Limeira,2018,286.0,-18.6,1,43.2,-72.7,6.8,0,493.6,4064.0,3841.2,4134.233333333334,222.80000000000018,6.431331081933479,-56.82,0.849,621.0,4338.2,,
LIMEIRA,Limeira,2019,395.9,12.6,5,175.4,10.8,4.4,0,620.6,4338.2,4064.0,4081.1333333333337,274.1999999999998,7.923348211930154,344.61,1.065,2761.0,4098.7,,
LIMEIRA,Limeira,2020,398.9,13.5,0,81.3,-48.6,6.1,0,661.0,4098.7,4338.2,4166.966666666666,-239.5,7.984462732262196,6.3,1.144,2935.0,5095.6,,
LIMEIRA,Limeira,2021,211.1,-39.9,22,61.7,-61.0,1.8,1,366.5,5095.6,4098.7,4510.833333333333,996.9000000000005,7.8898337513942955,-9.03,1.204,2670.0,4649.7,,
LIMEIRA,Limeira,2022,248.9,-29.2,0,81.6,-48.5,4.3,0,579.4,4649.7,5095.6,4614.666666666667,-445.90000000000055,8.480529207044645,80.52,1.521,4820.0,5604.3,,
LIMEIRA,Limeira,2023,366.0,4.1,0,174.4,10.2,6.1,0,655.9,5604.3,4649.7,5116.533333333334,954.6000000000004,8.71768205216564,26.76,1.242,6110.0,6857.4,,
LIMEIRA,Limeira,2024,229.3,-34.8,42,52.8,-66.7,8.7,0,394.2,6857.4,5604.3,5703.8,1253.0999999999995,8.683554728631462,-3.36,0.787,5905.0,5723.2,,
LIMEIRA,Limeira,2025,141.9,-59.6,42,62.5,-60.5,2.7,0,287.7,5723.2,6857.4,6061.633333333332,-1134.1999999999998,8.555451903533328,-12.02,0.932,5195.0,5476.3,,
LIMEIRA,Limeira,2026,311.7,-11.3,2,161.5,2.1,7.4,0,617.9,5476.3,5723.2,6018.966666666667,-246.89999999999964,8.555451903533328,0.0,1.037,5195.0,,,
MOGI MIRIM,Mogi Mirim,1992,0.0,-100.0,0,0.0,-100.0,,0,0.0,1900.0,2733.3,2316.65,-833.3000000000002,6.956545443151569,75.0,,1050.0,2114.3,,
MOGI MIRIM,Mogi Mirim,1993,0.0,-100.0,0,0.0,-100.0,,0,0.0,2114.3,1900.0,2249.2000000000003,214.30000000000018,7.170119543449628,23.81,,1300.0,2192.3,,
MOGI MIRIM,Mogi Mirim,1994,0.0,-100.0,0,0.0,-100.0,,0,0.0,2192.3,2114.3,2068.866666666667,78.0,7.329749689041512,17.31,,1525.0,2134.0,,
MOGI MIRIM,Mogi Mirim,1995,0.0,-100.0,0,0.0,-100.0,,0,0.0,2134.0,2192.3,2146.866666666667,-58.30000000000018,7.258412150595307,-6.89,,1420.0,2891.0,,
MOGI MIRIM,Mogi Mirim,1996,0.0,-100.0,0,0.0,-100.0,,0,0.0,2891.0,2134.0,2405.766666666667,757.0,7.512071245835466,28.87,,1830.0,2934.4,,
MOGI MIRIM,Mogi Mirim,1997,0.0,-100.0,0,0.0,-100.0,,0,0.0,2934.4,2891.0,2653.133333333333,43.40000000000009,7.81237820598861,35.03,1.053,2471.0,2948.5,,
MOGI MIRIM,Mogi Mirim,1998,0.0,-100.0,0,0.0,-100.0,,0,0.0,2948.5,2934.4,2924.633333333333,14.099999999999909,8.086410275323782,31.53,1.026,3250.0,3027.7,,
MOGI MIRIM,Mogi Mirim,1999,0.0,-100.0,0,0.0,-100.0,,0,0.0,3027.7,2948.5,2970.2000000000003,79.19999999999982,8.39840965542627,36.62,1.057,4440.0,2651.4,,
MOGI MIRIM,Mogi Mirim,2000,403.6,7.6,0,27.0,-83.7,2.3,0,711.4,2651.4,3027.7,2875.866666666667,-376.2999999999997,7.900636613018005,-39.21,1.245,2699.0,3395.3,,
MOGI MIRIM,Mogi Mirim,2001,327.3,-12.7,0,120.6,-27.4,6.0,0,613.7,3395.3,2651.4,3024.8000000000006,743.9000000000001,8.539932678385727,89.51,1.106,5115.0,3756.7,,
MOGI MIRIM,Mogi Mirim,2002,372.3,-0.7,0,87.7,-47.2,5.4,0,718.8,3756.7,3395.3,3267.7999999999997,361.39999999999964,7.830743532304013,-50.8,0.936,2516.8,3434.8,,
MOGI MIRIM,Mogi Mirim,2003,305.9,-18.4,0,123.4,-25.8,5.7,0,747.0,3434.8,3756.7,3528.933333333333,-321.89999999999964,7.940939762327791,11.65,1.398,2810.0,3271.2,,
MOGI MIRIM,Mogi Mirim,2004,486.3,29.7,0,309.1,86.1,5.6,0,919.3,3271.2,3434.8,3487.566666666667,-163.60000000000036,7.393263094763838,-42.17,1.12,1625.0,3662.8,,
MOGI MIRIM,Mogi Mirim,2005,346.2,-7.7,0,187.6,12.9,6.9,0,762.4,3662.8,3271.2,3456.2666666666664,391.60000000000036,7.162397497355718,-20.62,0.958,1290.0,3293.0,,
MOGI MIRIM,Mogi Mirim,2006,453.0,20.8,0,67.0,-59.7,6.8,0,711.6,3293.0,3662.8,3409.0,-369.8000000000002,6.345636360828596,-55.81,0.962,570.0,4000.0,,
MOGI MIRIM,Mogi Mirim,2007,338.7,-9.7,0,164.7,-0.9,5.0,0,806.0,4000.0,3293.0,3651.933333333333,707.0,7.1308988302963465,119.3,1.008,1250.0,3864.0,,
MOGI MIRIM,Mogi Mirim,2008,516.1,37.6,0,240.0,44.4,6.6,0,892.4,3864.0,4000.0,3719.0,-136.0,7.438383530044307,36.0,1.229,1700.0,3794.1,,
MOGI MIRIM,Mogi Mirim,2009,421.5,12.4,0,144.3,-13.2,4.3,0,725.8,3794.1,3864.0,3886.0333333333333,-69.90000000000009,7.146772179452637,-25.29,1.074,1270.0,4436.2,,
MOGI MIRIM,Mogi Mirim,2010,345.0,-8.0,0,122.4,-26.3,5.6,0,673.1,4436.2,3794.1,4031.433333333333,642.0999999999999,6.476972362889683,-48.82,0.836,650.0,4338.5,,
MOGI MIRIM,Mogi Mirim,2011,421.5,12.4,0,154.7,-6.9,3.8,0,810.3,4338.5,4436.2,4189.6,-97.69999999999982,7.489970898834801,175.38,1.011,1790.0,4712.8,,
MOGI MIRIM,Mogi Mirim,2012,329.1,-12.2,0,340.0,104.6,6.0,0,803.7,4712.8,4338.5,4495.833333333333,374.3000000000002,7.659171367666058,18.44,1.221,2120.0,3833.5,,
MOGI MIRIM,Mogi Mirim,2013,445.4,18.8,0,271.8,63.6,5.1,0,892.3,3833.5,4712.8,4294.933333333333,-879.3000000000002,7.801800401908973,15.33,1.08,2445.0,5802.5,,
MOGI MIRIM,Mogi Mirim,2014,242.0,-35.5,19,115.9,-30.3,7.3,0,365.3,5802.5,3833.5,4782.933333333333,1969.0,7.333023014386481,-37.42,0.899,1530.0,3993.3,,
MOGI MIRIM,Mogi Mirim,2015,378.9,1.0,0,130.5,-21.5,8.7,0,595.3,3993.3,5802.5,4543.099999999999,-1809.1999999999998,7.258412150595307,-7.19,0.965,1420.0,4931.0,,
MOGI MIRIM,Mogi Mirim,2016,360.7,-3.8,0,177.7,6.9,1.4,1,798.7,4931.0,3993.3,4908.933333333333,937.6999999999998,7.333023014386481,7.75,1.16,1530.0,4964.7,,
MOGI MIRIM,Mogi Mirim,2017,326.4,-13.0,0,269.2,62.0,6.0,0,764.6,4964.7,4931.0,4629.666666666667,33.69999999999982,7.457609289715606,13.27,1.265,1733.0,5202.7,,
MOGI MIRIM,Mogi Mirim,2018,279.8,-25.4,0,44.7,-73.1,5.9,0,497.1,5202.7,4964.7,5032.8,238.0,7.265429723253953,-17.48,0.849,1430.0,4552.4,,
MOGI MIRIM,Mogi Mirim,2019,414.1,10.4,3,174.5,5.0,3.9,0,649.2,4552.4,5202.7,4906.599999999999,-650.3000000000002,7.003065458786462,-23.08,1.065,1100.0,5400.0,,
MOGI MIRIM,Mogi Mirim,2020,390.6,4.1,0,77.4,-53.4,5.6,0,656.7,5400.0,4552.4,5051.7,847.6000000000004,7.170119543449628,18.18,1.144,1300.0,5676.9,,
MOGI MIRIM,Mogi Mirim,2021,221.6,-40.9,8,59.5,-64.2,1.7,1,380.1,5676.9,5400.0,5209.766666666666,276.89999999999964,7.222566018822171,5.38,1.204,1370.0,5369.3,,
MOGI MIRIM,Mogi Mirim,2022,253.3,-32.5,0,84.8,-49.0,3.2,0,581.6,5369.3,5676.9,5482.066666666667,-307.59999999999945,6.993932975223189,-20.44,1.521,1090.0,5243.1,,
MOGI MIRIM,Mogi Mirim,2023,380.6,1.5,0,174.7,5.2,4.9,0,676.6,5243.1,5369.3,5429.766666666667,-126.19999999999982,6.684611727667927,-26.61,1.242,800.0,5025.0,,
MOGI MIRIM,Mogi Mirim,2024,243.1,-35.2,27,54.3,-67.3,9.0,0,422.3,5025.0,5243.1,5212.466666666667,-218.10000000000036,7.02108396428914,40.0,0.787,1120.0,5014.3,,
MOGI MIRIM,Mogi Mirim,2025,157.9,-57.9,33,65.9,-60.3,3.3,0,306.1,5014.3,5025.0,5094.133333333333,-10.699999999999818,7.9976631270201,165.54,0.932,2974.0,5715.5,,
MOGI MIRIM,Mogi Mirim,2026,319.7,-14.8,0,162.2,-2.3,6.3,0,629.1,5715.5,5014.3,5251.599999999999,701.1999999999998,7.9976631270201,0.0,1.037,2974.0,,,
ORLANDIA,Orlândia,1992,0.0,-100.0,0,0.0,-100.0,,0,0.0,1894.7,2146.9,2020.8000000000002,-252.20000000000005,11.224443072347679,12.25,,74940.0,2130.1,,
ORLANDIA,Orlândia,1993,0.0,-100.0,0,0.0,-100.0,,0,0.0,2130.1,1894.7,2057.2333333333336,235.39999999999986,11.419273908888773,21.51,,91060.0,1989.5,,
ORLANDIA,Orlândia,1994,0.0,-100.0,0,0.0,-100.0,,0,0.0,1989.5,2130.1,2004.7666666666667,-140.5999999999999,11.64109877869321,24.84,,113675.0,1776.5,,
ORLANDIA,Orlândia,1995,0.0,-100.0,0,0.0,-100.0,,0,0.0,1776.5,1989.5,1965.3666666666668,-213.0,11.533962624036029,-10.16,,102126.0,2480.3,,
ORLANDIA,Orlândia,1996,0.0,-100.0,0,0.0,-100.0,,0,0.0,2480.3,1776.5,2082.1,703.8000000000002,11.587550446308809,5.5,,107748.0,2381.3,,
ORLANDIA,Orlândia,1997,0.0,-100.0,0,0.0,-100.0,,0,0.0,2381.3,2480.3,2212.7000000000003,-99.0,11.4573176130934,-12.21,1.053,94591.0,1301.6,,
ORLANDIA,Orlândia,1998,0.0,-100.0,0,0.0,-100.0,,0,0.0,1301.6,2381.3,2054.4,-1079.7000000000003,11.32302324743582,-12.57,1.026,82704.0,2249.8,,
ORLANDIA,Orlândia,1999,0.0,-100.0,0,0.0,-100.0,,0,0.0,2249.8,1301.6,1977.5666666666668,948.2000000000003,11.43284275649667,11.61,1.057,92304.0,1416.8,,
ORLANDIA,Orlândia,2000,505.6,17.9,0,30.4,-78.7,3.4,0,926.0,1416.8,2249.8,1656.0666666666668,-833.0000000000002,11.275048914053954,-14.6,1.245,78830.0,1242.7,,
ORLANDIA,Orlândia,2001,331.9,-22.6,0,120.4,-15.8,6.0,0,568.2,1242.7,1416.8,1636.4333333333334,-174.0999999999999,10.85707406915398,-34.16,1.106,51900.0,1216.3,,
ORLANDIA,Orlândia,2002,436.6,1.8,0,41.8,-70.8,8.2,0,736.9,1216.3,1242.7,1291.9333333333334,-26.40000000000009,10.739435531727745,-11.1,0.936,46140.0,1519.4,,
ORLANDIA,Orlândia,2003,503.2,17.3,0,193.2,35.1,7.2,0,1090.8,1519.4,1216.3,1326.1333333333332,303.10000000000014,10.261022126886742,-38.02,1.398,28596.0,2957.1,,
ORLANDIA,Orlândia,2004,605.5,41.2,0,275.1,92.3,6.6,0,995.6,2957.1,1519.4,1897.6000000000001,1437.6999999999998,10.104385494903019,-14.5,1.12,24450.0,3513.6,,
ORLANDIA,Orlândia,2005,385.4,-10.1,0,216.2,51.2,9.6,0,769.2,3513.6,2957.1,2663.366666666667,556.5,10.112532179470836,0.82,0.958,24650.0,1954.6,,
ORLANDIA,Orlândia,2006,474.1,10.5,0,97.8,-31.6,8.4,0,764.9,1954.6,3513.6,2808.433333333333,-1559.0,9.838949031398556,-23.94,0.962,18750.0,1608.0,,
ORLANDIA,Orlândia,2007,361.8,-15.6,0,111.1,-22.3,7.0,0,819.1,1608.0,1954.6,2358.733333333333,-346.5999999999999,9.47654341275084,-30.4,1.008,13050.0,2560.9,,
ORLANDIA,Orlândia,2008,556.6,29.8,0,198.8,39.0,9.2,0,921.6,2560.9,1608.0,2041.1666666666667,952.9000000000001,9.510052294749281,3.41,1.229,13494.7,3573.5,,
ORLANDIA,Orlândia,2009,447.3,4.3,0,142.7,-0.2,4.7,0,841.8,3573.5,2560.9,2580.7999999999997,1012.5999999999999,9.479290593645938,-3.03,1.074,13085.9,3003.7,,
ORLANDIA,Orlândia,2010,328.9,-23.3,0,66.8,-53.3,8.8,0,638.4,3003.7,3573.5,3046.0333333333333,-569.8000000000002,9.316131794780189,-15.05,0.836,11115.9,2698.7,,
ORLANDIA,Orlândia,2011,606.1,41.3,0,153.3,7.2,4.8,0,890.3,2698.7,3003.7,3091.9666666666667,-305.0,8.63497622707262,-49.4,1.011,5625.0,3426.6,,
ORLANDIA,Orlândia,2012,296.3,-30.9,0,205.5,43.7,5.8,0,723.3,3426.6,2698.7,3043.0,727.9000000000001,8.98619632032839,42.08,1.221,7992.0,3825.0,,
ORLANDIA,Orlândia,2013,443.6,3.4,0,226.4,58.3,6.4,0,804.6,3825.0,3426.6,3316.7666666666664,398.4000000000001,8.99342737041261,0.73,1.08,8050.0,3626.8,,
ORLANDIA,Orlândia,2014,302.5,-29.5,17,97.3,-32.0,9.8,0,396.8,3626.8,3825.0,3626.133333333333,-198.19999999999982,9.065314599925925,7.45,0.899,8650.0,5188.4,,
ORLANDIA,Orlândia,2015,458.2,6.8,0,170.0,18.9,11.0,0,643.7,5188.4,3626.8,4213.400000000001,1561.5999999999995,8.978408314628894,-8.32,0.965,7930.0,5536.9,,
ORLANDIA,Orlândia,2016,423.0,-1.4,0,124.1,-13.2,4.5,0,881.4,5536.9,5188.4,4784.033333333333,348.5,8.959311617172437,-1.89,1.16,7780.0,3148.1,,
ORLANDIA,Orlândia,2017,285.7,-33.4,1,162.7,13.7,7.6,0,628.1,3148.1,5536.9,4624.466666666666,-2388.7999999999997,8.39615486303918,-43.06,1.265,4430.0,3778.8,,
ORLANDIA,Orlândia,2018,417.4,-2.7,0,61.2,-57.2,7.1,0,689.5,3778.8,3148.1,4154.599999999999,630.7000000000003,8.997147151515142,82.39,0.849,8080.0,3062.0,,
ORLANDIA,Orlândia,2019,517.1,20.6,8,147.5,3.1,4.4,0,620.9,3062.0,3778.8,3329.633333333333,-716.8000000000002,8.352318548226004,-47.52,1.065,4240.0,3726.4,,
ORLANDIA,Orlândia,2020,396.8,-7.5,0,48.3,-66.2,8.5,0,689.9,3726.4,3062.0,3522.4,664.4000000000001,8.995908761263994,90.33,1.144,8070.0,4003.7,,
ORLANDIA,Orlândia,2021,234.0,-45.4,29,61.6,-56.9,3.9,0,372.7,4003.7,3726.4,3597.366666666667,277.2999999999997,9.27706400401909,32.47,1.204,10690.0,2125.3,,
ORLANDIA,Orlândia,2022,311.2,-27.4,4,83.0,-42.0,5.2,0,639.8,2125.3,4003.7,3285.133333333333,-1878.3999999999996,9.047821442478408,-20.49,1.521,8500.0,4168.2,,
ORLANDIA,Orlândia,2023,386.6,-9.9,0,146.5,2.4,7.8,0,778.6,4168.2,2125.3,3432.4,2042.8999999999996,9.054855469135788,0.71,1.242,8560.0,3909.1,,
ORLANDIA,Orlândia,2024,304.2,-29.1,40,28.6,-80.0,10.0,0,403.7,3909.1,4168.2,3400.8666666666663,-259.0999999999999,8.915969311373605,-12.97,0.787,7450.0,3527.5,,
ORLANDIA,Orlândia,2025,232.3,-45.8,43,87.0,-39.1,5.2,0,376.8,3527.5,3909.1,3868.2666666666664,-381.5999999999999,8.753055515138222,-15.03,0.932,6330.0,4082.5,,
ORLANDIA,Orlândia,2026,386.5,-9.9,4,109.6,-23.4,9.7,0,653.6,4082.5,3527.5,3839.7000000000003,555.0,8.753055515138222,0.0,1.037,6330.0,,,
OURINHOS,Ourinhos,1992,0.0,-100.0,0,0.0,-100.0,,0,0.0,2247.8,1516.9,1882.3500000000001,730.9000000000001,7.882314918980268,97.76,,2650.0,1573.6,,
OURINHOS,Ourinhos,1993,0.0,-100.0,0,0.0,-100.0,,0,0.0,1573.6,2247.8,1779.4333333333334,-674.2000000000003,8.175547596021026,34.08,,3553.0,2091.9,,
OURINHOS,Ourinhos,1994,0.0,-100.0,0,0.0,-100.0,,0,0.0,2091.9,1573.6,1971.1000000000001,518.3000000000002,8.966228514225776,120.49,,7834.0,1042.1,,
OURINHOS,Ourinhos,1995,0.0,-100.0,0,0.0,-100.0,,0,0.0,1042.1,2091.9,1569.2,-1049.8000000000002,8.87066300440602,-9.11,,7120.0,2703.4,,
OURINHOS,Ourinhos,1996,0.0,-100.0,0,0.0,-100.0,,0,0.0,2703.4,1042.1,1945.8,1661.3000000000002,9.128045129249353,29.35,,9210.0,1160.9,,
OURINHOS,Ourinhos,1997,0.0,-100.0,0,0.0,-100.0,,0,0.0,1160.9,2703.4,1635.4666666666665,-1542.5,9.190749722211178,6.47,1.053,9806.0,2600.1,,
OURINHOS,Ourinhos,1998,0.0,-100.0,0,0.0,-100.0,,0,0.0,2600.1,1160.9,2154.7999999999997,1439.1999999999998,9.677715549868227,62.74,1.026,15958.0,2933.2,,
OURINHOS,Ourinhos,1999,0.0,-100.0,0,0.0,-100.0,,0,0.0,2933.2,2600.1,2231.3999999999996,333.0999999999999,9.787796078039936,11.64,1.057,17815.0,3020.9,,
OURINHOS,Ourinhos,2000,377.8,16.8,1,54.6,-74.3,-0.8,3,621.3,3020.9,2933.2,2851.4,87.70000000000027,9.60588981529697,-16.63,1.245,14852.0,2000.8,,
OURINHOS,Ourinhos,2001,388.3,20.1,1,250.8,18.1,2.4,0,758.2,2000.8,3020.9,2651.633333333333,-1020.1000000000001,9.818474178209172,23.69,1.106,18370.0,2924.6,,
OURINHOS,Ourinhos,2002,278.5,-13.9,2,183.6,-13.6,6.1,0,695.6,2924.6,2000.8,2648.7666666666664,923.8,9.748002649695733,-6.8,0.936,17120.0,2534.4,,
OURINHOS,Ourinhos,2003,395.0,22.2,6,198.4,-6.6,5.0,0,779.2,2534.4,2924.6,2486.6,-390.1999999999998,9.85114107216392,10.86,1.398,18980.0,3076.8,,
OURINHOS,Ourinhos,2004,335.9,3.9,1,303.6,43.0,5.5,0,779.8,3076.8,2534.4,2845.266666666667,542.4000000000001,9.807362040438745,-4.28,1.12,18167.0,3850.4,,
OURINHOS,Ourinhos,2005,137.8,-57.4,9,198.2,-6.7,5.4,0,564.1,3850.4,3076.8,3153.866666666667,773.5999999999999,9.882774510938587,7.83,0.958,19590.0,2637.0,,
OURINHOS,Ourinhos,2006,341.8,5.7,5,91.6,-56.9,6.1,0,517.8,2637.0,3850.4,3188.066666666667,-1213.4,9.704426671737876,-16.33,0.962,16390.0,2455.5,,
OURINHOS,Ourinhos,2007,366.5,13.3,5,134.8,-36.5,3.8,0,802.8,2455.5,2637.0,2980.9666666666667,-181.5,9.660523873772611,-4.3,1.008,15686.0,2887.5,,
OURINHOS,Ourinhos,2008,457.1,41.3,0,310.6,46.3,5.3,0,773.1,2887.5,2455.5,2660.0,432.0,9.905485555198801,27.76,1.229,20040.0,3499.5,,
OURINHOS,Ourinhos,2009,254.2,-21.4,5,141.8,-33.2,3.5,0,681.5,3499.5,2887.5,2947.5,612.0,10.100574561530555,21.54,1.074,24357.0,3188.9,,
OURINHOS,Ourinhos,2010,273.8,-15.3,3,146.1,-31.2,5.9,0,572.2,3188.9,3499.5,3191.9666666666667,-310.5999999999999,9.966462351697517,-12.55,0.836,21300.0,3705.6,,
OURINHOS,Ourinhos,2011,297.3,-8.1,2,134.0,-36.9,1.8,1,650.2,3705.6,3188.9,3464.6666666666665,516.6999999999998,10.409762839203301,55.78,1.011,33182.0,2519.2,,
OURINHOS,Ourinhos,2012,205.1,-36.6,21,347.0,63.4,4.9,0,688.4,2519.2,3705.6,3137.8999999999996,-1186.4,10.536406907545587,13.5,1.221,37662.0,4943.2,,
OURINHOS,Ourinhos,2013,427.0,32.0,2,361.5,70.2,5.2,0,891.4,4943.2,2519.2,3722.6666666666665,2424.0,10.664526999138992,13.67,1.08,42810.0,4321.4,,
OURINHOS,Ourinhos,2014,295.2,-8.7,16,180.4,-15.0,6.5,0,542.5,4321.4,4943.2,3927.933333333333,-621.8000000000002,10.770588040219511,11.19,0.899,47600.0,4755.6,,
OURINHOS,Ourinhos,2015,352.3,8.9,1,159.7,-24.8,8.7,0,606.1,4755.6,4321.4,4673.400000000001,434.2000000000007,10.808029537375734,3.82,0.965,49416.0,5031.5,,
OURINHOS,Ourinhos,2016,377.7,16.8,3,286.3,34.8,1.9,1,904.7,5031.5,4755.6,4702.833333333333,275.89999999999964,10.982577174715374,19.07,1.16,58840.0,3818.8,,
OURINHOS,Ourinhos,2017,339.5,5.0,2,418.0,96.8,5.3,0,920.3,3818.8,5031.5,4535.3,-1212.6999999999998,11.022719128406973,4.1,1.265,61250.0,5534.2,,
OURINHOS,Ourinhos,2018,321.5,-0.6,0,70.8,-66.7,6.5,0,591.3,5534.2,3818.8,4794.833333333333,1715.3999999999996,11.087604528150715,6.7,0.849,65356.0,3525.5,,
OURINHOS,Ourinhos,2019,349.9,8.2,6,169.8,-20.1,2.6,0,588.0,3525.5,5534.2,4292.833333333333,-2008.6999999999998,11.13147469069291,4.48,1.065,68287.0,5600.1,,
OURINHOS,Ourinhos,2020,273.5,-15.4,11,160.3,-24.5,5.7,0,519.9,5600.1,3525.5,4886.599999999999,2074.6000000000004,11.350406535472453,24.47,1.144,85000.0,3076.8,,
OURINHOS,Ourinhos,2021,187.9,-41.9,15,103.3,-51.4,1.8,1,447.4,3076.8,5600.1,4067.466666666667,-2523.3,11.190651947748828,-14.76,1.204,72450.0,2416.8,,
OURINHOS,Ourinhos,2022,254.9,-21.2,8,144.1,-32.1,4.7,0,625.8,2416.8,3076.8,3697.9,-660.0,11.366742954792146,19.25,1.521,86400.0,4642.5,,
OURINHOS,Ourinhos,2023,385.1,19.1,1,131.8,-37.9,7.0,0,615.2,4642.5,2416.8,3378.7000000000003,2225.7,11.395042424313512,2.87,1.242,88880.0,5319.0,,
OURINHOS,Ourinhos,2024,227.8,-29.6,46,102.4,-51.8,5.8,0,359.8,5319.0,4642.5,4126.099999999999,676.5,11.37366339763672,-2.12,0.787,87000.0,3316.6,,
OURINHOS,Ourinhos,2025,171.2,-47.1,42,158.5,-25.3,1.6,1,372.4,3316.6,5319.0,4426.033333333334,-2002.4,11.26125383004148,-10.63,0.932,77750.0,4884.5,,
OURINHOS,Ourinhos,2026,238.7,-26.2,26,235.0,10.7,7.2,0,492.9,4884.5,3316.6,4506.7,1567.9,11.26125383004148,0.0,1.037,77750.0,,,
PRESIDENTE PRUDENTE,Presidente Prudente,1992,0.0,-100.0,0,0.0,-100.0,,0,0.0,1573.0,1515.8,1544.4,57.200000000000045,7.52294091807237,25.0,,1850.0,1680.0,,
PRESIDENTE PRUDENTE,Presidente Prudente,1993,0.0,-100.0,0,0.0,-100.0,,0,0.0,1680.0,1573.0,1589.6000000000001,107.0,8.65956043270316,211.62,,5765.0,1833.6,,
PRESIDENTE PRUDENTE,Presidente Prudente,1994,0.0,-100.0,0,0.0,-100.0,,0,0.0,1833.6,1680.0,1695.5333333333335,153.5999999999999,8.99961934066053,40.5,,8100.0,1391.5,,
PRESIDENTE PRUDENTE,Presidente Prudente,1995,0.0,-100.0,0,0.0,-100.0,,0,0.0,1391.5,1833.6,1635.0333333333335,-442.0999999999999,8.836373930927389,-15.06,,6880.0,2151.5,,
PRESIDENTE PRUDENTE,Presidente Prudente,1996,0.0,-100.0,0,0.0,-100.0,,0,0.0,2151.5,1391.5,1792.2,760.0,8.435983135990694,-32.99,,4610.0,2416.0,,
PRESIDENTE PRUDENTE,Presidente Prudente,1997,0.0,-100.0,0,0.0,-100.0,,0,0.0,2416.0,2151.5,1986.3333333333333,264.5,8.733916174927524,34.71,1.053,6210.0,2435.9,,
PRESIDENTE PRUDENTE,Presidente Prudente,1998,0.0,-100.0,0,0.0,-100.0,,0,0.0,2435.9,2416.0,2334.4666666666667,19.90000000000009,9.254357257392957,68.28,1.026,10450.0,2636.6,,
PRESIDENTE PRUDENTE,Presidente Prudente,1999,0.0,-100.0,0,0.0,-100.0,,0,0.0,2636.6,2435.9,2496.1666666666665,200.69999999999982,9.341368634382587,9.09,1.057,11400.0,2596.6,,
PRESIDENTE PRUDENTE,Presidente Prudente,2000,396.5,13.6,1,107.4,-51.1,0.8,1,613.2,2596.6,2636.6,2556.366666666667,-40.0,9.586033321750676,27.72,1.245,14560.0,1646.2,,
PRESIDENTE PRUDENTE,Presidente Prudente,2001,460.3,31.9,0,248.4,13.2,2.9,0,787.8,1646.2,2596.6,2293.133333333333,-950.3999999999999,9.38429367909962,-18.27,1.106,11900.0,2727.0,,
PRESIDENTE PRUDENTE,Presidente Prudente,2002,201.1,-42.4,36,244.0,11.2,7.8,0,689.4,2727.0,1646.2,2323.2666666666664,1080.8,9.539859923169542,16.83,0.936,13903.0,2357.8,,
PRESIDENTE PRUDENTE,Presidente Prudente,2003,443.8,27.1,4,199.9,-8.9,6.5,0,894.3,2357.8,2727.0,2243.6666666666665,-369.1999999999998,10.382698662532777,132.3,1.398,32296.0,2920.9,,
PRESIDENTE PRUDENTE,Presidente Prudente,2004,291.6,-16.5,21,355.2,61.9,4.8,0,658.3,2920.9,2357.8,2668.566666666667,563.0999999999999,10.832121788941521,56.74,1.12,50621.0,2495.2,,
PRESIDENTE PRUDENTE,Presidente Prudente,2005,201.6,-42.3,38,220.7,0.6,6.6,0,667.8,2495.2,2920.9,2591.3,-425.7000000000003,10.369734132904151,-37.02,0.958,31880.0,2599.1,,
PRESIDENTE PRUDENTE,Presidente Prudente,2006,445.5,27.6,10,84.6,-61.4,8.3,0,628.9,2599.1,2495.2,2671.733333333333,103.90000000000009,10.45722897727895,9.14,0.962,34795.0,1903.5,,
PRESIDENTE PRUDENTE,Presidente Prudente,2007,341.1,-2.3,3,119.4,-45.6,5.4,0,713.9,1903.5,2599.1,2332.6,-695.5999999999999,10.003332887505843,-36.49,1.008,22100.0,2572.4,,
PRESIDENTE PRUDENTE,Presidente Prudente,2008,445.1,27.5,4,207.6,-5.4,6.9,0,708.4,2572.4,1903.5,2358.3333333333335,668.9000000000001,10.038018445493734,3.53,1.229,22880.0,3550.8,,
PRESIDENTE PRUDENTE,Presidente Prudente,2009,286.4,-18.0,8,124.3,-43.4,4.4,0,749.6,3550.8,2572.4,2675.566666666667,978.4000000000001,10.184900011974314,15.82,1.074,26500.0,2728.4,,
PRESIDENTE PRUDENTE,Presidente Prudente,2010,376.1,7.7,4,126.6,-42.3,8.4,0,788.5,2728.4,3550.8,2950.5333333333333,-822.4000000000001,9.86526633971593,-27.36,0.836,19250.0,3834.4,,
PRESIDENTE PRUDENTE,Presidente Prudente,2011,467.4,33.9,0,138.9,-36.7,3.1,0,761.4,3834.4,2728.4,3371.2000000000003,1106.0,10.182255007598334,37.3,1.011,26430.0,3928.5,,
PRESIDENTE PRUDENTE,Presidente Prudente,2012,267.5,-23.4,39,449.1,104.7,6.1,0,784.8,3928.5,3834.4,3497.1,94.09999999999991,10.437639001605616,29.1,1.221,34120.0,3904.2,,
PRESIDENTE PRUDENTE,Presidente Prudente,2013,445.0,27.5,2,360.7,64.4,3.2,0,772.0,3904.2,3928.5,3889.0333333333333,-24.300000000000182,10.45276436267637,1.52,1.08,34640.0,3260.9,,
PRESIDENTE PRUDENTE,Presidente Prudente,2014,325.1,-6.9,16,201.4,-8.2,8.0,0,628.2,3260.9,3904.2,3697.866666666667,-643.2999999999997,10.501499537981035,4.99,0.899,36370.0,4466.8,,
PRESIDENTE PRUDENTE,Presidente Prudente,2015,339.1,-2.9,1,199.9,-8.9,9.2,0,619.3,4466.8,3260.9,3877.3000000000006,1205.9,10.365962915361072,-12.68,0.965,31760.0,5449.1,,
PRESIDENTE PRUDENTE,Presidente Prudente,2016,462.5,32.5,2,349.9,59.5,3.3,0,981.5,5449.1,4466.8,4392.266666666667,982.3000000000002,10.04585479382305,-27.39,1.16,23060.0,3513.1,,
PRESIDENTE PRUDENTE,Presidente Prudente,2017,269.5,-22.8,4,364.6,66.2,5.9,0,756.7,3513.1,5449.1,4476.333333333333,-1936.0000000000005,10.052338499268483,0.65,1.265,23210.0,3992.9,,
PRESIDENTE PRUDENTE,Presidente Prudente,2018,330.9,-5.2,3,61.6,-71.9,8.4,0,685.0,3992.9,3513.1,4318.366666666667,479.8000000000002,10.664526999138992,84.45,0.849,42810.0,3678.5,,
PRESIDENTE PRUDENTE,Presidente Prudente,2019,306.8,-12.1,14,117.3,-46.5,4.5,0,521.1,3678.5,3992.9,3728.1666666666665,-314.4000000000001,10.668024729182747,0.35,1.065,42960.0,4282.9,,
PRESIDENTE PRUDENTE,Presidente Prudente,2020,275.9,-21.0,15,213.6,-2.6,7.2,0,631.6,4282.9,3678.5,3984.7666666666664,604.3999999999996,10.84603065555435,19.48,1.144,51330.0,4721.2,,
PRESIDENTE PRUDENTE,Presidente Prudente,2021,152.8,-56.2,21,115.9,-47.2,3.4,0,484.2,4721.2,4282.9,4227.533333333333,438.3000000000002,10.817174898540168,-2.84,1.204,49870.0,2160.5,,
PRESIDENTE PRUDENTE,Presidente Prudente,2022,328.9,-5.8,10,206.5,-5.9,6.4,0,653.8,2160.5,4721.2,3721.533333333333,-2560.7,10.901542586212923,8.8,1.521,54260.0,3836.4,,
PRESIDENTE PRUDENTE,Presidente Prudente,2023,516.9,48.1,0,270.2,23.2,7.9,0,838.5,3836.4,2160.5,3572.6999999999994,1675.9,10.932034966755952,3.1,1.242,55940.0,4316.8,,
PRESIDENTE PRUDENTE,Presidente Prudente,2024,295.6,-15.3,58,173.7,-20.8,6.4,0,440.9,4316.8,3836.4,3437.9,480.4000000000001,10.684645610418787,-21.92,0.787,43680.0,3508.2,,
PRESIDENTE PRUDENTE,Presidente Prudente,2025,222.1,-36.4,54,294.9,34.4,3.1,0,481.0,3508.2,4316.8,3887.133333333333,-808.6000000000004,10.556492715672317,-12.03,0.932,38426.12,4978.6,,
PRESIDENTE PRUDENTE,Presidente Prudente,2026,267.3,-23.4,44,302.7,38.0,6.7,0,598.6,4978.6,3508.2,4267.866666666666,1470.4000000000005,10.556492715672317,0.0,1.037,38426.12,,,
PRESIDENTE VENCESLAU,Presidente Venceslau,1992,0.0,-100.0,0,0.0,-100.0,,0,0.0,1500.0,,1500.0,,7.090076835776092,0.0,,1200.0,,,
PRESIDENTE VENCESLAU,Presidente Venceslau,1993,0.0,-100.0,0,0.0,-100.0,,0,0.0,,1500.0,1500.0,,5.768320995793772,,,320.0,1800.0,,
PRESIDENTE VENCESLAU,Presidente Venceslau,1994,0.0,-100.0,0,0.0,-100.0,,0,0.0,1800.0,,1650.0,,6.492239835020471,106.25,,660.0,1909.1,,
PRESIDENTE VENCESLAU,Presidente Venceslau,1995,0.0,-100.0,0,0.0,-100.0,,0,0.0,1909.1,1800.0,1854.55,109.09999999999991,6.126869184114185,-30.61,,458.0,1737.1,,
PRESIDENTE VENCESLAU,Presidente Venceslau,1996,0.0,-100.0,0,0.0,-100.0,,0,0.0,1737.1,1909.1,1815.3999999999999,-172.0,6.684611727667927,74.67,,800.0,2190.0,,
PRESIDENTE VENCESLAU,Presidente Venceslau,1997,0.0,-100.0,0,0.0,-100.0,,0,0.0,2190.0,1737.1,1945.3999999999999,452.9000000000001,6.646390514847729,-3.75,1.053,770.0,1835.1,,
PRESIDENTE VENCESLAU,Presidente Venceslau,1998,0.0,-100.0,0,0.0,-100.0,,0,0.0,1835.1,2190.0,1920.7333333333333,-354.9000000000001,6.802394763324311,16.88,1.026,900.0,1720.0,,
PRESIDENTE VENCESLAU,Presidente Venceslau,1999,0.0,-100.0,0,0.0,-100.0,,0,0.0,1720.0,1835.1,1915.0333333333335,-115.09999999999991,6.856461984594587,5.56,1.057,950.0,2163.2,,
PRESIDENTE VENCESLAU,Presidente Venceslau,2000,421.9,24.2,6,94.4,-51.7,0.5,3,594.6,2163.2,1720.0,1906.0999999999997,443.1999999999998,7.071573364211532,24.0,1.245,1178.0,1676.7,,
PRESIDENTE VENCESLAU,Presidente Venceslau,2001,498.3,46.7,0,232.4,18.8,2.2,0,827.7,1676.7,2163.2,1853.3,-486.4999999999998,7.059617628291383,-1.19,1.106,1164.0,2269.1,,
PRESIDENTE VENCESLAU,Presidente Venceslau,2002,188.0,-44.7,56,197.4,0.9,7.2,0,585.5,2269.1,1676.7,2036.3333333333333,592.3999999999999,6.985641817639208,-7.13,0.936,1081.0,1691.2,,
PRESIDENTE VENCESLAU,Presidente Venceslau,2003,469.1,38.0,3,185.0,-5.5,6.5,0,951.6,1691.2,2269.1,1879.0,-577.8999999999999,7.665753431861699,97.41,1.398,2134.0,2137.4,,
PRESIDENTE VENCESLAU,Presidente Venceslau,2004,289.6,-14.8,29,347.6,77.7,2.6,0,662.3,2137.4,1691.2,2032.5666666666668,446.20000000000005,7.304515946460155,-30.32,1.12,1487.0,1722.5,,
PRESIDENTE VENCESLAU,Presidente Venceslau,2005,168.8,-50.3,54,205.9,5.2,6.0,0,593.8,1722.5,2137.4,1850.3666666666668,-414.9000000000001,7.946617563244473,90.05,0.958,2826.0,1331.6,,
PRESIDENTE VENCESLAU,Presidente Venceslau,2006,463.6,36.5,4,85.4,-56.4,7.2,0,677.5,1331.6,1722.5,1730.5,-390.9000000000001,7.803843303538772,-13.31,0.962,2450.0,1487.8,,
PRESIDENTE VENCESLAU,Presidente Venceslau,2007,323.9,-4.7,0,113.8,-41.8,4.7,0,718.2,1487.8,1331.6,1513.9666666666665,156.20000000000005,7.585788821732034,-19.59,1.008,1970.0,2040.6,,
PRESIDENTE VENCESLAU,Presidente Venceslau,2008,463.2,36.3,8,184.6,-5.7,6.3,0,724.0,2040.6,1487.8,1620.0,552.8,7.534762657037537,-4.97,1.229,1872.0,2205.4,,
PRESIDENTE VENCESLAU,Presidente Venceslau,2009,294.8,-13.2,4,112.7,-42.4,4.8,0,816.0,2205.4,2040.6,1911.2666666666667,164.80000000000018,7.795646536334594,29.81,1.074,2430.0,2408.6,,
PRESIDENTE VENCESLAU,Presidente Venceslau,2010,328.0,-3.5,1,87.3,-55.4,7.7,0,759.4,2408.6,2205.4,2218.2000000000003,203.19999999999982,7.670428522190693,-11.77,0.836,2144.0,2891.4,,
PRESIDENTE VENCESLAU,Presidente Venceslau,2011,488.2,43.7,0,121.1,-38.1,1.8,1,760.4,2891.4,2408.6,2501.7999999999997,482.8000000000002,7.760893195851024,9.47,1.011,2347.0,2194.7,,
PRESIDENTE VENCESLAU,Presidente Venceslau,2012,268.4,-21.0,51,443.5,126.7,5.8,0,775.9,2194.7,2891.4,2498.2333333333336,-696.7000000000003,7.9157131993821155,16.74,1.221,2740.0,3343.8,,
PRESIDENTE VENCESLAU,Presidente Venceslau,2013,448.5,32.0,6,314.4,60.7,1.4,2,740.7,3343.8,2194.7,2809.9666666666667,1149.1000000000004,8.414052432496725,64.6,1.08,4510.0,3620.6,,
PRESIDENTE VENCESLAU,Presidente Venceslau,2014,298.8,-12.1,18,172.7,-11.7,7.2,0,580.9,3620.6,3343.8,3053.033333333333,276.7999999999997,8.345217926676428,-6.65,0.899,4210.0,3370.5,,
PRESIDENTE VENCESLAU,Presidente Venceslau,2015,341.0,0.4,1,170.3,-12.9,8.7,0,600.8,3370.5,3620.6,3444.966666666667,-250.0999999999999,8.773384596776648,53.44,0.965,6460.0,3894.4,,
PRESIDENTE VENCESLAU,Presidente Venceslau,2016,393.4,15.8,0,288.4,47.4,2.6,0,824.1,3894.4,3370.5,3628.5,523.9000000000001,8.36287583103188,-33.67,1.16,4285.0,3788.0,,
PRESIDENTE VENCESLAU,Presidente Venceslau,2017,228.1,-32.9,7,298.9,52.8,6.0,0,669.3,3788.0,3894.4,3684.2999999999997,-106.40000000000009,8.326032685955079,-3.62,1.265,4130.0,2686.9,,
PRESIDENTE VENCESLAU,Presidente Venceslau,2018,292.4,-14.0,1,60.0,-69.4,6.8,0,590.2,2686.9,3788.0,3456.433333333333,-1101.1,8.835210463664092,66.39,0.849,6872.0,3130.4,,
PRESIDENTE VENCESLAU,Presidente Venceslau,2019,279.3,-17.8,36,91.1,-53.4,3.5,0,456.3,3130.4,2686.9,3201.7666666666664,443.5,8.651724084373843,-16.76,1.065,5720.0,4270.0,,
PRESIDENTE VENCESLAU,Presidente Venceslau,2020,270.3,-20.4,26,200.7,2.6,6.8,0,627.8,4270.0,3130.4,3362.433333333333,1139.6,8.882669291308039,25.98,1.144,7206.0,4702.9,,
PRESIDENTE VENCESLAU,Presidente Venceslau,2021,128.7,-62.1,45,89.8,-54.1,3.1,0,429.0,4702.9,4270.0,4034.433333333333,432.89999999999964,8.983690681332686,10.63,1.204,7972.0,2133.3,,
PRESIDENTE VENCESLAU,Presidente Venceslau,2022,278.7,-18.0,33,150.3,-23.2,5.9,0,568.2,2133.3,4702.9,3702.066666666667,-2569.5999999999995,9.009814110527381,2.65,1.521,8183.0,4341.9,,
PRESIDENTE VENCESLAU,Presidente Venceslau,2023,492.3,44.9,0,303.1,54.9,5.9,0,843.5,4341.9,2133.3,3726.033333333333,2208.5999999999995,9.049584593096789,4.06,1.242,8515.0,5121.0,,
PRESIDENTE VENCESLAU,Presidente Venceslau,2024,283.0,-16.7,64,162.9,-16.7,6.2,0,417.2,5121.0,4341.9,3865.4,779.1000000000004,8.825118970345061,-20.11,0.787,6803.0,4339.0,,
PRESIDENTE VENCESLAU,Presidente Venceslau,2025,237.5,-30.1,55,308.9,57.9,2.2,0,505.6,4339.0,5121.0,4600.633333333333,-782.0,8.474703139795285,-29.56,0.932,4792.0,4980.6,,
PRESIDENTE VENCESLAU,Presidente Venceslau,2026,241.3,-29.0,62,303.3,55.0,6.4,0,581.3,4980.6,4339.0,4813.533333333334,641.6000000000004,8.474703139795285,0.0,1.037,4792.0,,,
SOROCABA,Sorocaba,1992,0.0,-100.0,0,0.0,-100.0,,0,0.0,1200.0,,1200.0,,6.684611727667927,-11.11,,800.0,2250.0,,
SOROCABA,Sorocaba,1993,0.0,-100.0,0,0.0,-100.0,,0,0.0,2250.0,1200.0,1725.0,1050.0,6.956545443151569,31.25,,1050.0,2314.3,,
SOROCABA,Sorocaba,1994,0.0,-100.0,0,0.0,-100.0,,0,0.0,2314.3,2250.0,1921.4333333333334,64.30000000000018,7.170119543449628,23.81,,1300.0,2123.1,,
SOROCABA,Sorocaba,1995,0.0,-100.0,0,0.0,-100.0,,0,0.0,2123.1,2314.3,2229.133333333333,-191.20000000000027,8.104703468371108,154.62,,3310.0,2504.0,,
SOROCABA,Sorocaba,1996,0.0,-100.0,0,0.0,-100.0,,0,0.0,2504.0,2123.1,2313.8,380.9000000000001,8.122668023346407,1.81,,3370.0,2307.2,,
SOROCABA,Sorocaba,1997,0.0,-100.0,0,0.0,-100.0,,0,0.0,2307.2,2504.0,2311.433333333333,-196.80000000000018,8.045588280803528,-7.42,1.053,3120.0,2312.5,,
SOROCABA,Sorocaba,1998,0.0,-100.0,0,0.0,-100.0,,0,0.0,2312.5,2307.2,2374.5666666666666,5.300000000000182,8.23217423638394,20.51,1.026,3760.0,2360.4,,
SOROCABA,Sorocaba,1999,0.0,-100.0,0,0.0,-100.0,,0,0.0,2360.4,2312.5,2326.7,47.90000000000009,8.0519780789023,-16.49,1.057,3140.0,2358.2,,
SOROCABA,Sorocaba,2000,315.3,-14.5,0,37.4,-81.3,0.5,2,563.7,2358.2,2360.4,2343.7000000000003,-2.200000000000273,7.313220387090301,-52.23,1.245,1500.0,2800.0,,
SOROCABA,Sorocaba,2001,339.4,-7.9,0,192.1,-4.1,2.2,0,682.3,2800.0,2358.2,2506.2000000000003,441.8000000000002,7.9229859587111955,84.0,1.106,2760.0,3000.0,,
SOROCABA,Sorocaba,2002,298.7,-19.0,0,132.3,-33.9,6.5,0,632.2,3000.0,2800.0,2719.4,200.0,7.465082736399547,-36.74,0.936,1746.0,3525.8,,
SOROCABA,Sorocaba,2003,333.9,-9.4,0,132.0,-34.1,4.4,0,691.0,3525.8,3000.0,3108.6,525.8000000000002,8.210124405164267,110.65,1.398,3678.0,3429.8,,
SOROCABA,Sorocaba,2004,345.6,-6.2,0,251.7,25.7,5.2,0,779.9,3429.8,3525.8,3318.5333333333333,-96.0,8.68946441235669,61.5,1.12,5940.0,2946.5,,
SOROCABA,Sorocaba,2005,244.9,-33.6,1,194.7,-2.8,6.7,0,578.4,2946.5,3429.8,3300.7000000000003,-483.3000000000002,8.260492856573185,-34.88,0.958,3868.0,2894.5,,
SOROCABA,Sorocaba,2006,518.7,40.7,0,139.8,-30.2,6.5,0,753.6,2894.5,2946.5,3090.2666666666664,-52.0,8.216088098632316,-4.34,0.962,3700.0,2779.5,,
SOROCABA,Sorocaba,2007,369.7,0.3,0,186.4,-7.0,4.3,0,755.5,2779.5,2894.5,2873.5,-115.0,8.303999970955196,9.19,1.008,4040.0,2676.2,,
SOROCABA,Sorocaba,2008,442.7,20.1,0,275.0,37.3,4.2,0,859.0,2676.2,2779.5,2783.4,-103.30000000000018,8.174702882469461,-12.13,1.229,3550.0,5239.4,,
SOROCABA,Sorocaba,2009,463.6,25.8,0,212.9,6.3,4.6,0,837.0,5239.4,2676.2,3565.033333333333,2563.2,8.22817689595132,5.49,1.074,3745.0,2872.5,,
SOROCABA,Sorocaba,2010,406.6,10.3,0,180.9,-9.7,4.7,0,845.0,2872.5,5239.4,3596.033333333333,-2366.8999999999996,7.878155336503324,-29.53,0.836,2639.0,3152.1,,
SOROCABA,Sorocaba,2011,408.7,10.9,0,162.2,-19.0,3.8,0,812.1,3152.1,2872.5,3754.6666666666665,279.5999999999999,7.761744984658913,-10.99,1.011,2349.0,4688.1,,
SOROCABA,Sorocaba,2012,249.4,-32.3,1,298.0,48.8,5.5,0,675.1,4688.1,3152.1,3570.9,1536.0000000000005,7.610357618312838,-14.05,1.221,2019.0,3192.9,,
SOROCABA,Sorocaba,2013,381.2,3.4,0,302.5,51.0,4.8,0,745.5,3192.9,4688.1,3677.7000000000003,-1495.2000000000003,7.7488913372555315,14.86,1.08,2319.0,3253.3,,
SOROCABA,Sorocaba,2014,251.4,-31.8,13,145.5,-27.4,6.1,0,421.8,3253.3,3192.9,3711.433333333334,60.40000000000009,7.506042178518122,-21.56,0.899,1819.0,4355.4,,
SOROCABA,Sorocaba,2015,338.0,-8.3,0,121.0,-39.6,7.9,0,528.5,4355.4,3253.3,3600.5333333333333,1102.0999999999995,8.486527777105353,166.58,0.965,4849.0,5191.3,,
SOROCABA,Sorocaba,2016,375.8,1.9,0,237.8,18.7,0.5,1,791.6,5191.3,4355.4,4266.666666666667,835.9000000000005,8.675734219544788,20.83,1.16,5859.0,5407.5,,
SOROCABA,Sorocaba,2017,363.9,-1.3,0,376.4,87.9,5.9,0,926.2,5407.5,5191.3,4984.733333333333,216.19999999999982,8.450839690866216,-20.14,1.265,4679.0,7682.9,,
SOROCABA,Sorocaba,2018,274.1,-25.6,0,68.4,-65.9,6.3,0,489.4,7682.9,5407.5,6093.900000000001,2275.3999999999996,8.258163361537619,-17.53,0.849,3859.0,5828.0,,
SOROCABA,Sorocaba,2019,494.7,34.2,2,211.9,5.8,2.7,0,771.3,5828.0,7682.9,6306.133333333334,-1854.8999999999996,8.854950316500325,81.63,1.065,7009.0,7114.1,,
SOROCABA,Sorocaba,2020,471.6,27.9,0,185.1,-7.6,5.5,0,810.1,7114.1,5828.0,6875.0,1286.1000000000004,8.561018670956267,-25.47,1.144,5224.0,7225.7,,
SOROCABA,Sorocaba,2021,263.9,-28.4,3,120.6,-39.8,1.1,2,459.0,7225.7,7114.1,6722.599999999999,111.59999999999945,8.952087643548404,47.86,1.204,7724.0,6672.2,,
SOROCABA,Sorocaba,2022,318.3,-13.6,0,125.6,-37.3,4.2,0,706.1,6672.2,7225.7,7004.0,-553.5,8.804325112562537,-13.74,1.521,6663.0,5622.2,,
SOROCABA,Sorocaba,2023,469.3,27.3,0,167.1,-16.6,5.9,0,759.4,5622.2,6672.2,6506.7,-1050.0,8.663542087751374,-13.13,1.242,5788.0,5119.3,,
SOROCABA,Sorocaba,2024,243.2,-34.0,18,92.0,-54.1,6.9,0,463.1,5119.3,5622.2,5804.566666666667,-502.89999999999964,8.411610428841172,-22.27,0.787,4499.0,4748.3,,
SOROCABA,Sorocaba,2025,186.9,-49.3,18,121.4,-39.4,2.1,0,380.3,4748.3,5119.3,5163.266666666666,-371.0,8.604837701268284,21.32,0.932,5458.0,5897.5,,
SOROCABA,Sorocaba,2026,239.5,-35.0,2,184.7,-7.8,7.0,0,523.9,5897.5,4748.3,5255.033333333333,1149.1999999999998,8.604837701268284,0.0,1.037,5458.0,,,
SAO JOSE DO RIO PRETO,São José do Rio Preto,1992,0.0,-100.0,0,0.0,-100.0,,0,0.0,1943.5,1799.6,1871.55,143.9000000000001,7.792761720816526,163.37,,2423.0,1740.8,,
SAO JOSE DO RIO PRETO,São José do Rio Preto,1993,0.0,-100.0,0,0.0,-100.0,,0,0.0,1740.8,1943.5,1827.9666666666665,-202.70000000000005,7.577633832602728,-19.36,,1954.0,1815.0,,
SAO JOSE DO RIO PRETO,São José do Rio Preto,1994,0.0,-100.0,0,0.0,-100.0,,0,0.0,1815.0,1740.8,1833.1000000000001,74.20000000000005,7.656810091480378,8.24,,2115.0,2043.3,,
SAO JOSE DO RIO PRETO,São José do Rio Preto,1995,0.0,-100.0,0,0.0,-100.0,,0,0.0,2043.3,1815.0,1866.3666666666668,228.29999999999995,7.751475318021456,9.93,,2325.0,1574.8,,
SAO JOSE DO RIO PRETO,São José do Rio Preto,1996,0.0,-100.0,0,0.0,-100.0,,0,0.0,1574.8,2043.3,1811.0333333333335,-468.5,7.446585099157725,-26.28,,1714.0,1940.9,,
SAO JOSE DO RIO PRETO,São José do Rio Preto,1997,0.0,-100.0,0,0.0,-100.0,,0,0.0,1940.9,1574.8,1853.0,366.10000000000014,7.493317248862145,4.78,1.053,1796.0,1964.5,,
SAO JOSE DO RIO PRETO,São José do Rio Preto,1998,0.0,-100.0,0,0.0,-100.0,,0,0.0,1964.5,1940.9,1826.7333333333333,23.59999999999991,8.160803920954665,94.93,1.026,3501.0,2356.5,,
SAO JOSE DO RIO PRETO,São José do Rio Preto,1999,0.0,-100.0,0,0.0,-100.0,,0,0.0,2356.5,1964.5,2087.2999999999997,392.0,8.072779333169498,-8.43,1.057,3206.0,2135.6,,
SAO JOSE DO RIO PRETO,São José do Rio Preto,2000,453.4,24.9,0,27.0,-80.7,2.7,0,806.1,2135.6,2356.5,2152.2000000000003,-220.9000000000001,8.17188200612782,10.42,1.245,3540.0,1704.4,,
SAO JOSE DO RIO PRETO,São José do Rio Preto,2001,286.1,-21.2,0,146.1,4.3,5.4,0,560.9,1704.4,2135.6,2065.5,-431.1999999999998,7.692569648067906,-38.08,1.106,2192.0,2548.1,,
SAO JOSE DO RIO PRETO,São José do Rio Preto,2002,414.2,14.1,0,50.0,-64.3,7.4,0,712.1,2548.1,1704.4,2129.366666666667,843.6999999999998,7.804659297056102,11.86,0.936,2452.0,2783.7,,
SAO JOSE DO RIO PRETO,São José do Rio Preto,2003,426.3,17.4,0,174.2,24.3,6.8,0,884.5,2783.7,2548.1,2345.3999999999996,235.5999999999999,8.096208271650037,33.85,1.398,3282.0,2893.6,,
SAO JOSE DO RIO PRETO,São José do Rio Preto,2004,447.0,23.1,0,237.3,69.3,7.1,0,825.6,2893.6,2783.7,2741.7999999999997,109.90000000000009,7.813995675002791,-24.59,1.12,2475.0,2808.5,,
SAO JOSE DO RIO PRETO,São José do Rio Preto,2005,293.3,-19.2,7,178.0,27.0,9.0,0,729.6,2808.5,2893.6,2828.6,-85.09999999999991,7.3098814858247865,-39.6,0.958,1495.0,2055.9,,
SAO JOSE DO RIO PRETO,São José do Rio Preto,2006,484.1,33.3,0,103.5,-26.2,8.1,0,760.9,2055.9,2808.5,2586.0,-752.5999999999999,7.004881989712859,-26.29,0.962,1102.0,2441.4,,
SAO JOSE DO RIO PRETO,São José do Rio Preto,2007,334.0,-8.0,0,122.6,-12.5,5.3,0,849.7,2441.4,2055.9,2435.266666666667,385.5,6.699500340161678,-26.32,1.008,812.0,2774.6,,
SAO JOSE DO RIO PRETO,São José do Rio Preto,2008,455.0,25.3,0,163.7,16.8,8.4,0,831.0,2774.6,2441.4,2423.9666666666667,333.1999999999998,6.551080335043404,-13.79,1.229,700.0,3132.9,,
SAO JOSE DO RIO PRETO,São José do Rio Preto,2009,408.0,12.3,0,104.5,-25.5,5.0,0,709.7,3132.9,2774.6,2782.9666666666667,358.3000000000002,6.84587987526405,34.29,1.074,940.0,3118.1,,
SAO JOSE DO RIO PRETO,São José do Rio Preto,2010,244.7,-32.6,0,77.5,-44.7,8.3,0,460.4,3118.1,3132.9,3008.5333333333333,-14.800000000000182,7.038783541388542,21.28,0.836,1140.0,2978.9,,
SAO JOSE DO RIO PRETO,São José do Rio Preto,2011,544.7,50.0,0,114.0,-18.7,3.8,0,856.4,2978.9,3118.1,3076.633333333333,-139.19999999999982,7.301147805856032,30.0,1.011,1482.0,2850.2,,
SAO JOSE DO RIO PRETO,São José do Rio Preto,2012,224.4,-38.2,19,261.5,86.6,6.6,0,639.0,2850.2,2978.9,2982.4,-128.70000000000027,7.444248649496705,15.38,1.221,1710.0,3657.9,,
SAO JOSE DO RIO PRETO,São José do Rio Preto,2013,389.7,7.3,0,239.0,70.5,6.5,0,755.2,3657.9,2850.2,3162.3333333333335,807.7000000000003,7.688913336864796,27.72,1.08,2184.0,3406.7,,
SAO JOSE DO RIO PRETO,São José do Rio Preto,2014,357.0,-1.7,15,79.8,-43.1,8.2,0,423.8,3406.7,3657.9,3304.933333333333,-251.20000000000027,7.709891384553912,2.12,0.899,2230.3,4320.7,,
SAO JOSE DO RIO PRETO,São José do Rio Preto,2015,329.5,-9.3,2,124.9,-10.9,11.9,0,526.9,4320.7,3406.7,3795.1,914.0,7.965545573129992,29.13,0.965,2880.0,4421.0,,
SAO JOSE DO RIO PRETO,São José do Rio Preto,2016,366.6,1.0,0,178.2,27.2,3.3,0,793.4,4421.0,4320.7,4049.466666666667,100.30000000000018,8.325306029752582,43.3,1.16,4127.0,3151.8,,
SAO JOSE DO RIO PRETO,São José do Rio Preto,2017,324.5,-10.6,1,228.8,63.3,6.4,0,629.9,3151.8,4421.0,3964.5,-1269.1999999999998,8.440312147080279,12.19,1.265,4630.0,4835.0,,
SAO JOSE DO RIO PRETO,São José do Rio Preto,2018,262.4,-27.8,0,34.2,-75.6,7.8,0,485.6,4835.0,3151.8,4135.933333333333,1683.1999999999998,8.350902451694811,-8.55,0.849,4234.0,3011.8,,
SAO JOSE DO RIO PRETO,São José do Rio Preto,2019,342.9,-5.6,16,92.8,-33.7,4.7,0,440.7,3011.8,4835.0,3666.2000000000003,-1823.1999999999998,8.114922974204593,-21.02,1.065,3344.0,3983.6,,
SAO JOSE DO RIO PRETO,São José do Rio Preto,2020,328.7,-9.5,1,92.0,-34.3,7.9,0,575.6,3983.6,3011.8,3943.4666666666667,971.7999999999997,7.903596289614301,-19.05,1.144,2707.0,3398.5,,
SAO JOSE DO RIO PRETO,São José do Rio Preto,2021,202.8,-44.2,41,67.6,-51.7,4.4,0,347.1,3398.5,3983.6,3464.6333333333337,-585.0999999999999,7.412160334945205,-38.83,1.204,1656.0,2238.3,,
SAO JOSE DO RIO PRETO,São José do Rio Preto,2022,247.4,-31.9,5,79.2,-43.5,6.3,0,590.7,2238.3,3398.5,3206.7999999999997,-1160.1999999999998,7.6638772587034705,28.62,1.521,2130.0,3978.9,,
SAO JOSE DO RIO PRETO,São José do Rio Preto,2023,334.9,-7.8,0,149.3,6.5,6.3,0,655.9,3978.9,2238.3,3205.2333333333336,1740.6,7.897296472595885,26.29,1.242,2690.0,3939.9,,
SAO JOSE DO RIO PRETO,São José do Rio Preto,2024,231.9,-36.1,61,29.0,-79.3,8.8,0,328.6,3939.9,3978.9,3385.7000000000003,-39.0,7.52294091807237,-31.23,0.787,1850.0,3000.0,,
SAO JOSE DO RIO PRETO,São José do Rio Preto,2025,171.2,-52.9,56,87.2,-37.8,3.9,0,306.8,3000.0,3939.9,3639.6,-939.9000000000001,7.058844133344993,-37.13,0.932,1163.1,4471.9,,
SAO JOSE DO RIO PRETO,São José do Rio Preto,2026,388.5,7.0,6,178.3,27.2,9.0,0,632.9,4471.9,3000.0,3803.933333333333,1471.8999999999996,7.058844133344993,0.0,1.037,1163.1,,,
SAO JOAO DA BOA VISTA,São João da Boa Vista,1992,0.0,-100.0,0,0.0,-100.0,,0,0.0,1560.0,1930.9,1745.45,-370.9000000000001,6.646390514847729,54.0,,770.0,1788.3,,
SAO JOAO DA BOA VISTA,São João da Boa Vista,1993,0.0,-100.0,0,0.0,-100.0,,0,0.0,1788.3,1560.0,1759.7333333333336,228.29999999999995,6.927557906278317,32.47,,1020.0,1894.1,,
SAO JOAO DA BOA VISTA,São João da Boa Vista,1994,0.0,-100.0,0,0.0,-100.0,,0,0.0,1894.1,1788.3,1747.4666666666665,105.79999999999995,6.981934677156389,5.59,,1077.0,2246.8,,
SAO JOAO DA BOA VISTA,São João da Boa Vista,1995,0.0,-100.0,0,0.0,-100.0,,0,0.0,2246.8,1894.1,1976.3999999999999,352.7000000000003,6.472346294500901,-39.93,,647.0,2498.8,,
SAO JOAO DA BOA VISTA,São João da Boa Vista,1996,0.0,-100.0,0,0.0,-100.0,,0,0.0,2498.8,2246.8,2213.2333333333336,252.0,7.475905969367397,172.8,,1765.0,2773.9,,
SAO JOAO DA BOA VISTA,São João da Boa Vista,1997,0.0,-100.0,0,0.0,-100.0,,0,0.0,2773.9,2498.8,2506.5000000000005,275.0999999999999,8.653470809708786,224.65,1.053,5730.0,2902.6,,
SAO JOAO DA BOA VISTA,São João da Boa Vista,1998,0.0,-100.0,0,0.0,-100.0,,0,0.0,2902.6,2773.9,2725.1,128.69999999999982,6.835184586147301,-83.77,1.026,930.0,1748.4,,
SAO JOAO DA BOA VISTA,São João da Boa Vista,1999,0.0,-100.0,0,0.0,-100.0,,0,0.0,1748.4,2902.6,2474.9666666666667,-1154.1999999999998,8.110727582974489,258.06,1.057,3330.0,2830.6,,
SAO JOAO DA BOA VISTA,São João da Boa Vista,2000,426.9,11.0,0,27.8,-82.0,2.2,0,791.3,2830.6,1748.4,2493.866666666667,1082.1999999999998,7.757906208351747,-29.73,1.245,2340.0,2394.9,,
SAO JOAO DA BOA VISTA,São João da Boa Vista,2001,295.8,-23.1,0,116.6,-24.3,5.8,0,562.4,2394.9,2830.6,2324.633333333333,-435.6999999999998,7.22983877815125,-41.03,1.106,1380.0,2737.0,,
SAO JOAO DA BOA VISTA,São João da Boa Vista,2002,399.1,3.8,0,73.0,-52.6,5.7,0,726.0,2737.0,2394.9,2654.1666666666665,342.0999999999999,7.792761720816526,75.58,0.936,2423.0,2833.6,,
SAO JOAO DA BOA VISTA,São João da Boa Vista,2003,339.0,-11.9,0,148.6,-3.5,6.3,0,815.1,2833.6,2737.0,2655.1666666666665,96.59999999999991,7.682482446534506,-10.44,1.398,2170.0,3027.6,,
SAO JOAO DA BOA VISTA,São João da Boa Vista,2004,553.7,43.9,0,317.3,106.0,6.0,0,1009.5,3027.6,2833.6,2866.066666666667,194.0,7.791522819150732,11.52,1.12,2420.0,3220.7,,
SAO JOAO DA BOA VISTA,São João da Boa Vista,2005,356.6,-7.3,0,160.5,4.2,7.0,0,713.7,3220.7,3027.6,3027.2999999999997,193.0999999999999,6.646390514847729,-68.18,0.958,770.0,3148.1,,
SAO JOAO DA BOA VISTA,São João da Boa Vista,2006,459.8,19.5,0,62.9,-59.1,6.4,0,703.0,3148.1,3220.7,3132.133333333333,-72.59999999999991,6.0867747269123065,-42.86,0.962,440.0,2672.7,,
SAO JOAO DA BOA VISTA,São João da Boa Vista,2007,317.5,-17.5,0,138.7,-9.9,5.1,0,812.3,2672.7,3148.1,3013.8333333333335,-475.4000000000001,6.866933284461882,118.18,1.008,960.0,1562.5,,
SAO JOAO DA BOA VISTA,São João da Boa Vista,2008,563.7,46.5,0,230.1,49.4,7.3,0,890.3,1562.5,2672.7,2461.1,-1110.1999999999998,5.787204082795274,-66.03,1.229,326.1,3653.4,,
SAO JOAO DA BOA VISTA,São João da Boa Vista,2009,470.9,22.4,0,155.7,1.1,4.4,0,779.4,3653.4,1562.5,2629.5333333333333,2090.9,6.466144724237619,97.18,1.074,643.0,4773.8,,
SAO JOAO DA BOA VISTA,São João da Boa Vista,2010,316.6,-17.7,0,102.2,-33.6,5.5,0,606.5,4773.8,3653.4,3329.9,1120.4,8.022896869601457,374.34,0.836,3050.0,3873.6,,
SAO JOAO DA BOA VISTA,São João da Boa Vista,2011,431.8,12.2,0,126.8,-17.7,4.3,0,810.9,3873.6,4773.8,4100.266666666666,-900.2000000000003,8.125630988477065,10.82,1.011,3380.0,4279.9,,
SAO JOAO DA BOA VISTA,São João da Boa Vista,2012,312.7,-18.7,0,318.2,106.6,5.2,0,776.7,4279.9,3873.6,4309.099999999999,406.2999999999997,8.438149984075784,36.69,1.221,4620.0,3058.4,,
SAO JOAO DA BOA VISTA,São João da Boa Vista,2013,458.9,19.3,0,244.7,58.9,4.7,0,934.1,3058.4,4279.9,3737.2999999999997,-1221.4999999999995,8.276394704863307,-14.94,1.08,3930.0,4733.6,,
SAO JOAO DA BOA VISTA,São João da Boa Vista,2014,218.1,-43.3,22,105.4,-31.6,7.8,0,310.9,4733.6,3058.4,4023.9666666666667,1675.2000000000003,8.039157390473237,-21.12,0.899,3100.0,3638.7,,
SAO JOAO DA BOA VISTA,São João da Boa Vista,2015,404.6,5.2,0,121.5,-21.1,9.4,0,602.5,3638.7,4733.6,3810.233333333333,-1094.9000000000005,8.022896869601457,-1.61,0.965,3050.0,5429.5,,
SAO JOAO DA BOA VISTA,São João da Boa Vista,2016,357.0,-7.2,0,147.0,-4.5,2.6,0,798.7,5429.5,3638.7,4600.6,1790.8000000000002,7.7706452341291765,-22.3,1.16,2370.0,5625.3,,
SAO JOAO DA BOA VISTA,São João da Boa Vista,2017,285.0,-25.9,0,218.4,41.8,6.6,0,648.0,5625.3,5429.5,4897.833333333333,195.80000000000018,7.948031990637284,19.41,1.265,2830.0,5387.3,,
SAO JOAO DA BOA VISTA,São João da Boa Vista,2018,321.2,-16.5,0,47.0,-69.5,6.1,0,533.4,5387.3,5625.3,5480.7,-238.0,8.055919346479495,11.39,0.849,3152.4,3919.8,,
SAO JOAO DA BOA VISTA,São João da Boa Vista,2019,430.4,11.9,5,184.0,19.5,3.0,0,606.9,3919.8,5387.3,4977.466666666667,-1467.5,7.874739125171811,-16.57,1.065,2630.0,4451.0,,
SAO JOAO DA BOA VISTA,São João da Boa Vista,2020,401.0,4.2,0,61.2,-60.3,5.6,0,673.3,4451.0,3919.8,4586.033333333333,531.1999999999998,7.820037989458753,-5.32,1.144,2490.0,4609.6,,
SAO JOAO DA BOA VISTA,São João da Boa Vista,2021,216.3,-43.8,5,54.9,-64.3,2.0,1,369.8,4609.6,4451.0,4326.8,158.60000000000036,8.607033895416027,119.68,1.204,5470.0,6625.2,,
SAO JOAO DA BOA VISTA,São João da Boa Vista,2022,284.3,-26.1,0,89.6,-41.8,3.1,0,608.2,6625.2,4609.6,5228.599999999999,2015.5999999999995,7.9724660159745655,-46.98,1.521,2900.0,4684.1,,
SAO JOAO DA BOA VISTA,São João da Boa Vista,2023,375.8,-2.3,0,167.4,8.7,5.3,0,705.7,4684.1,6625.2,5306.3,-1941.0999999999995,8.99230873254815,177.28,1.242,8041.0,6820.8,,
SAO JOAO DA BOA VISTA,São João da Boa Vista,2024,254.6,-33.8,24,40.3,-73.8,7.1,0,422.6,6820.8,4684.1,6043.366666666668,2136.7,9.174713194333032,20.01,0.787,9650.0,6503.6,,
SAO JOAO DA BOA VISTA,São João da Boa Vista,2025,153.0,-60.2,36,73.8,-52.0,3.9,0,282.0,6503.6,6820.8,6002.833333333333,-317.1999999999998,8.909235279192261,-23.32,0.932,7400.0,7067.0,,
SAO JOAO DA BOA VISTA,São João da Boa Vista,2026,310.7,-19.2,0,129.9,-15.6,5.9,0,609.7,7067.0,6503.6,6797.133333333334,563.3999999999996,8.909235279192261,0.0,1.037,7400.0,,,
